date,store,item,sales
2022-01-01,1,1,116
2022-01-02,1,1,96
2022-01-03,1,1,52
2022-01-04,1,1,72
2022-01-05,1,1,65
2022-01-06,1,1,68
2022-01-07,1,1,84
2022-01-08,1,1,88
2022-01-09,1,1,93
2022-01-10,1,1,57
2022-01-11,1,1,68
2022-01-12,1,1,71
2022-01-13,1,1,81
2022-01-14,1,1,82
2022-01-15,1,1,128
2022-01-16,1,1,84
2022-01-17,1,1,59
2022-01-18,1,1,69
2022-01-19,1,1,59
2022-01-20,1,1,77
2022-01-21,1,1,83
2022-01-22,1,1,80
2022-01-23,1,1,87
2022-01-24,1,1,67
2022-01-25,1,1,70
2022-01-26,1,1,78
2022-01-27,1,1,76
2022-01-28,1,1,85
2022-01-29,1,1,131
2022-01-30,1,1,99
2022-01-31,1,1,71
2022-02-01,1,1,69
2022-02-02,1,1,76
2022-02-03,1,1,80
2022-02-04,1,1,103
2022-02-05,1,1,105
2022-02-06,1,1,93
2022-02-07,1,1,60
2022-02-08,1,1,64
2022-02-09,1,1,49
2022-02-10,1,1,78
2022-02-11,1,1,103
2022-02-12,1,1,107
2022-02-13,1,1,92
2022-02-14,1,1,70
2022-02-15,1,1,80
2022-02-16,1,1,84
2022-02-17,1,1,87
2022-02-18,1,1,82
2022-02-19,1,1,95
2022-02-20,1,1,119
2022-02-21,1,1,59
2022-02-22,1,1,90
2022-02-23,1,1,78
2022-02-24,1,1,89
2022-02-25,1,1,91
2022-02-26,1,1,104
2022-02-27,1,1,80
2022-02-28,1,1,64
2022-03-01,1,1,77
2022-03-02,1,1,83
2022-03-03,1,1,78
2022-03-04,1,1,84
2022-03-05,1,1,119
2022-03-06,1,1,102
2022-03-07,1,1,66
2022-03-08,1,1,71
2022-03-09,1,1,82
2022-03-10,1,1,65
2022-03-11,1,1,102
2022-03-12,1,1,116
2022-03-13,1,1,117
2022-03-14,1,1,75
2022-03-15,1,1,101
2022-03-16,1,1,52
2022-03-17,1,1,77
2022-03-18,1,1,85
2022-03-19,1,1,97
2022-03-20,1,1,121
2022-03-21,1,1,73
2022-03-22,1,1,76
2022-03-23,1,1,81
2022-03-24,1,1,96
2022-03-25,1,1,91
2022-03-26,1,1,95
2022-03-27,1,1,111
2022-03-28,1,1,75
2022-03-29,1,1,62
2022-03-30,1,1,92
2022-03-31,1,1,87
2022-04-01,1,1,116
2022-04-02,1,1,115
2022-04-03,1,1,112
2022-04-04,1,1,61
2022-04-05,1,1,63
2022-04-06,1,1,84
2022-04-07,1,1,87
2022-04-08,1,1,92
2022-04-09,1,1,109
2022-04-10,1,1,86
2022-04-11,1,1,55
2022-04-12,1,1,83
2022-04-13,1,1,77
2022-04-14,1,1,77
2022-04-15,1,1,108
2022-04-16,1,1,92
2022-04-17,1,1,104
2022-04-18,1,1,51
2022-04-19,1,1,62
2022-04-20,1,1,68
2022-04-21,1,1,99
2022-04-22,1,1,90
2022-04-23,1,1,113
2022-04-24,1,1,99
2022-04-25,1,1,62
2022-04-26,1,1,60
2022-04-27,1,1,87
2022-04-28,1,1,89
2022-04-29,1,1,76
2022-04-30,1,1,118
2022-05-01,1,1,111
2022-05-02,1,1,54
2022-05-03,1,1,81
2022-05-04,1,1,97
2022-05-05,1,1,92
2022-05-06,1,1,99
2022-05-07,1,1,117
2022-05-08,1,1,107
2022-05-09,1,1,61
2022-05-10,1,1,73
2022-05-11,1,1,80
2022-05-12,1,1,81
2022-05-13,1,1,111
2022-05-14,1,1,95
2022-05-15,1,1,125
2022-05-16,1,1,78
2022-05-17,1,1,60
2022-05-18,1,1,80
2022-05-19,1,1,90
2022-05-20,1,1,110
2022-05-21,1,1,116
2022-05-22,1,1,98
2022-05-23,1,1,59
2022-05-24,1,1,77
2022-05-25,1,1,90
2022-05-26,1,1,75
2022-05-27,1,1,85
2022-05-28,1,1,93
2022-05-29,1,1,111
2022-05-30,1,1,55
2022-05-31,1,1,65
2022-06-01,1,1,85
2022-06-02,1,1,85
2022-06-03,1,1,89
2022-06-04,1,1,119
2022-06-05,1,1,85
2022-06-06,1,1,55
2022-06-07,1,1,70
2022-06-08,1,1,54
2022-06-09,1,1,84
2022-06-10,1,1,83
2022-06-11,1,1,119
2022-06-12,1,1,107
2022-06-13,1,1,67
2022-06-14,1,1,74
2022-06-15,1,1,83
2022-06-16,1,1,87
2022-06-17,1,1,107
2022-06-18,1,1,98
2022-06-19,1,1,84
2022-06-20,1,1,63
2022-06-21,1,1,63
2022-06-22,1,1,80
2022-06-23,1,1,99
2022-06-24,1,1,87
2022-06-25,1,1,113
2022-06-26,1,1,99
2022-06-27,1,1,61
2022-06-28,1,1,52
2022-06-29,1,1,73
2022-06-30,1,1,84
2022-07-01,1,1,111
2022-07-02,1,1,103
2022-07-03,1,1,111
2022-07-04,1,1,58
2022-07-05,1,1,68
2022-07-06,1,1,75
2022-07-07,1,1,69
2022-07-08,1,1,78
2022-07-09,1,1,107
2022-07-10,1,1,93
2022-07-11,1,1,58
2022-07-12,1,1,75
2022-07-13,1,1,76
2022-07-14,1,1,78
2022-07-15,1,1,109
2022-07-16,1,1,98
2022-07-17,1,1,91
2022-07-18,1,1,66
2022-07-19,1,1,75
2022-07-20,1,1,70
2022-07-21,1,1,86
2022-07-22,1,1,86
2022-07-23,1,1,103
2022-07-24,1,1,88
2022-07-25,1,1,53
2022-07-26,1,1,61
2022-07-27,1,1,67
2022-07-28,1,1,93
2022-07-29,1,1,81
2022-07-30,1,1,110
2022-07-31,1,1,94
2022-08-01,1,1,77
2022-08-02,1,1,64
2022-08-03,1,1,68
2022-08-04,1,1,83
2022-08-05,1,1,91
2022-08-06,1,1,92
2022-08-07,1,1,79
2022-08-08,1,1,61
2022-08-09,1,1,47
2022-08-10,1,1,77
2022-08-11,1,1,56
2022-08-12,1,1,75
2022-08-13,1,1,91
2022-08-14,1,1,80
2022-08-15,1,1,66
2022-08-16,1,1,57
2022-08-17,1,1,62
2022-08-18,1,1,70
2022-08-19,1,1,87
2022-08-20,1,1,81
2022-08-21,1,1,94
2022-08-22,1,1,68
2022-08-23,1,1,65
2022-08-24,1,1,74
2022-08-25,1,1,65
2022-08-26,1,1,81
2022-08-27,1,1,91
2022-08-28,1,1,74
2022-08-29,1,1,47
2022-08-30,1,1,82
2022-08-31,1,1,59
2022-09-01,1,1,83
2022-09-02,1,1,79
2022-09-03,1,1,85
2022-09-04,1,1,76
2022-09-05,1,1,52
2022-09-06,1,1,69
2022-09-07,1,1,81
2022-09-08,1,1,75
2022-09-09,1,1,84
2022-09-10,1,1,100
2022-09-11,1,1,72
2022-09-12,1,1,57
2022-09-13,1,1,65
2022-09-14,1,1,85
2022-09-15,1,1,79
2022-09-16,1,1,85
2022-09-17,1,1,103
2022-09-18,1,1,80
2022-09-19,1,1,44
2022-09-20,1,1,56
2022-09-21,1,1,81
2022-09-22,1,1,83
2022-09-23,1,1,91
2022-09-24,1,1,84
2022-09-25,1,1,93
2022-09-26,1,1,47
2022-09-27,1,1,77
2022-09-28,1,1,72
2022-09-29,1,1,79
2022-09-30,1,1,80
2022-10-01,1,1,110
2022-10-02,1,1,69
2022-10-03,1,1,60
2022-10-04,1,1,57
2022-10-05,1,1,66
2022-10-06,1,1,66
2022-10-07,1,1,84
2022-10-08,1,1,88
2022-10-09,1,1,90
2022-10-10,1,1,59
2022-10-11,1,1,67
2022-10-12,1,1,66
2022-10-13,1,1,70
2022-10-14,1,1,75
2022-10-15,1,1,100
2022-10-16,1,1,75
2022-10-17,1,1,54
2022-10-18,1,1,56
2022-10-19,1,1,68
2022-10-20,1,1,71
2022-10-21,1,1,64
2022-10-22,1,1,105
2022-10-23,1,1,82
2022-10-24,1,1,42
2022-10-25,1,1,70
2022-10-26,1,1,67
2022-10-27,1,1,68
2022-10-28,1,1,79
2022-10-29,1,1,77
2022-10-30,1,1,109
2022-10-31,1,1,59
2022-11-01,1,1,76
2022-11-02,1,1,71
2022-11-03,1,1,74
2022-11-04,1,1,85
2022-11-05,1,1,84
2022-11-06,1,1,97
2022-11-07,1,1,57
2022-11-08,1,1,61
2022-11-09,1,1,66
2022-11-10,1,1,79
2022-11-11,1,1,70
2022-11-12,1,1,113
2022-11-13,1,1,82
2022-11-14,1,1,39
2022-11-15,1,1,67
2022-11-16,1,1,85
2022-11-17,1,1,65
2022-11-18,1,1,85
2022-11-19,1,1,95
2022-11-20,1,1,97
2022-11-21,1,1,65
2022-11-22,1,1,72
2022-11-23,1,1,82
2022-11-24,1,1,75
2022-11-25,1,1,86
2022-11-26,1,1,86
2022-11-27,1,1,70
2022-11-28,1,1,48
2022-11-29,1,1,63
2022-11-30,1,1,67
2022-12-01,1,1,86
2022-12-02,1,1,80
2022-12-03,1,1,108
2022-12-04,1,1,87
2022-12-05,1,1,54
2022-12-06,1,1,66
2022-12-07,1,1,90
2022-12-08,1,1,84
2022-12-09,1,1,94
2022-12-10,1,1,118
2022-12-11,1,1,79
2022-12-12,1,1,76
2022-12-13,1,1,82
2022-12-14,1,1,58
2022-12-15,1,1,93
2022-12-16,1,1,97
2022-12-17,1,1,114
2022-12-18,1,1,95
2022-12-19,1,1,78
2022-12-20,1,1,86
2022-12-21,1,1,73
2022-12-22,1,1,80
2022-12-23,1,1,88
2022-12-24,1,1,92
2022-12-25,1,1,105
2022-12-26,1,1,67
2022-12-27,1,1,63
2022-12-28,1,1,71
2022-12-29,1,1,90
2022-12-30,1,1,88
2022-12-31,1,1,96
2023-01-01,1,1,123
2023-01-02,1,1,59
2023-01-03,1,1,74
2023-01-04,1,1,75
2023-01-05,1,1,86
2023-01-06,1,1,101
2023-01-07,1,1,141
2023-01-08,1,1,93
2023-01-09,1,1,83
2023-01-10,1,1,74
2023-01-11,1,1,85
2023-01-12,1,1,80
2023-01-13,1,1,79
2023-01-14,1,1,105
2023-01-15,1,1,119
2023-01-16,1,1,71
2023-01-17,1,1,87
2023-01-18,1,1,67
2023-01-19,1,1,90
2023-01-20,1,1,93
2023-01-21,1,1,95
2023-01-22,1,1,109
2023-01-23,1,1,69
2023-01-24,1,1,69
2023-01-25,1,1,86
2023-01-26,1,1,70
2023-01-27,1,1,105
2023-01-28,1,1,124
2023-01-29,1,1,95
2023-01-30,1,1,61
2023-01-31,1,1,74
2023-02-01,1,1,99
2023-02-02,1,1,87
2023-02-03,1,1,107
2023-02-04,1,1,110
2023-02-05,1,1,128
2023-02-06,1,1,56
2023-02-07,1,1,59
2023-02-08,1,1,85
2023-02-09,1,1,77
2023-02-10,1,1,99
2023-02-11,1,1,121
2023-02-12,1,1,111
2023-02-13,1,1,78
2023-02-14,1,1,84
2023-02-15,1,1,100
2023-02-16,1,1,92
2023-02-17,1,1,101
2023-02-18,1,1,96
2023-02-19,1,1,106
2023-02-20,1,1,65
2023-02-21,1,1,70
2023-02-22,1,1,111
2023-02-23,1,1,91
2023-02-24,1,1,98
2023-02-25,1,1,113
2023-02-26,1,1,106
2023-02-27,1,1,86
2023-02-28,1,1,89
2023-03-01,1,1,100
2023-03-02,1,1,75
2023-03-03,1,1,109
2023-03-04,1,1,132
2023-03-05,1,1,145
2023-03-06,1,1,75
2023-03-07,1,1,72
2023-03-08,1,1,82
2023-03-09,1,1,81
2023-03-10,1,1,124
2023-03-11,1,1,108
2023-03-12,1,1,115
2023-03-13,1,1,70
2023-03-14,1,1,86
2023-03-15,1,1,102
2023-03-16,1,1,110
2023-03-17,1,1,113
2023-03-18,1,1,139
2023-03-19,1,1,113
2023-03-20,1,1,77
2023-03-21,1,1,105
2023-03-22,1,1,78
2023-03-23,1,1,79
2023-03-24,1,1,110
2023-03-25,1,1,107
2023-03-26,1,1,124
2023-03-27,1,1,62
2023-03-28,1,1,86
2023-03-29,1,1,102
2023-03-30,1,1,96
2023-03-31,1,1,109
2023-04-01,1,1,154
2023-04-02,1,1,112
2023-04-03,1,1,80
2023-04-04,1,1,86
2023-04-05,1,1,90
2023-04-06,1,1,95
2023-04-07,1,1,101
2023-04-08,1,1,117
2023-04-09,1,1,111
2023-04-10,1,1,92
2023-04-11,1,1,66
2023-04-12,1,1,68
2023-04-13,1,1,85
2023-04-14,1,1,101
2023-04-15,1,1,140
2023-04-16,1,1,142
2023-04-17,1,1,84
2023-04-18,1,1,77
2023-04-19,1,1,84
2023-04-20,1,1,79
2023-04-21,1,1,115
2023-04-22,1,1,110
2023-04-23,1,1,107
2023-04-24,1,1,79
2023-04-25,1,1,64
2023-04-26,1,1,98
2023-04-27,1,1,108
2023-04-28,1,1,122
2023-04-29,1,1,137
2023-04-30,1,1,120
2023-05-01,1,1,79
2023-05-02,1,1,84
2023-05-03,1,1,107
2023-05-04,1,1,85
2023-05-05,1,1,117
2023-05-06,1,1,123
2023-05-07,1,1,118
2023-05-08,1,1,58
2023-05-09,1,1,94
2023-05-10,1,1,68
2023-05-11,1,1,91
2023-05-12,1,1,109
2023-05-13,1,1,116
2023-05-14,1,1,116
2023-05-15,1,1,90
2023-05-16,1,1,90
2023-05-17,1,1,114
2023-05-18,1,1,81
2023-05-19,1,1,99
2023-05-20,1,1,124
2023-05-21,1,1,94
2023-05-22,1,1,83
2023-05-23,1,1,80
2023-05-24,1,1,87
2023-05-25,1,1,90
2023-05-26,1,1,121
2023-05-27,1,1,107
2023-05-28,1,1,93
2023-05-29,1,1,84
2023-05-30,1,1,73
2023-05-31,1,1,82
2023-06-01,1,1,91
2023-06-02,1,1,86
2023-06-03,1,1,112
2023-06-04,1,1,102
2023-06-05,1,1,67
2023-06-06,1,1,86
2023-06-07,1,1,91
2023-06-08,1,1,103
2023-06-09,1,1,98
2023-06-10,1,1,125
2023-06-11,1,1,110
2023-06-12,1,1,87
2023-06-13,1,1,74
2023-06-14,1,1,73
2023-06-15,1,1,96
2023-06-16,1,1,116
2023-06-17,1,1,122
2023-06-18,1,1,81
2023-06-19,1,1,68
2023-06-20,1,1,77
2023-06-21,1,1,88
2023-06-22,1,1,67
2023-06-23,1,1,115
2023-06-24,1,1,116
2023-06-25,1,1,126
2023-06-26,1,1,65
2023-06-27,1,1,82
2023-06-28,1,1,67
2023-06-29,1,1,118
2023-06-30,1,1,107
2023-07-01,1,1,132
2023-07-02,1,1,110
2023-07-03,1,1,72
2023-07-04,1,1,73
2023-07-05,1,1,82
2023-07-06,1,1,79
2023-07-07,1,1,96
2023-07-08,1,1,107
2023-07-09,1,1,119
2023-07-10,1,1,67
2023-07-11,1,1,78
2023-07-12,1,1,84
2023-07-13,1,1,81
2023-07-14,1,1,89
2023-07-15,1,1,137
2023-07-16,1,1,82
2023-07-17,1,1,73
2023-07-18,1,1,69
2023-07-19,1,1,65
2023-07-20,1,1,87
2023-07-21,1,1,94
2023-07-22,1,1,116
2023-07-23,1,1,108
2023-07-24,1,1,51
2023-07-25,1,1,75
2023-07-26,1,1,91
2023-07-27,1,1,91
2023-07-28,1,1,100
2023-07-29,1,1,102
2023-07-30,1,1,100
2023-07-31,1,1,67
2023-08-01,1,1,81
2023-08-02,1,1,74
2023-08-03,1,1,82
2023-08-04,1,1,84
2023-08-05,1,1,88
2023-08-06,1,1,113
2023-08-07,1,1,51
2023-08-08,1,1,60
2023-08-09,1,1,65
2023-08-10,1,1,82
2023-08-11,1,1,87
2023-08-12,1,1,101
2023-08-13,1,1,85
2023-08-14,1,1,61
2023-08-15,1,1,92
2023-08-16,1,1,65
2023-08-17,1,1,84
2023-08-18,1,1,95
2023-08-19,1,1,101
2023-08-20,1,1,114
2023-08-21,1,1,59
2023-08-22,1,1,74
2023-08-23,1,1,84
2023-08-24,1,1,85
2023-08-25,1,1,89
2023-08-26,1,1,101
2023-08-27,1,1,86
2023-08-28,1,1,60
2023-08-29,1,1,77
2023-08-30,1,1,79
2023-08-31,1,1,89
2023-09-01,1,1,114
2023-09-02,1,1,114
2023-09-03,1,1,100
2023-09-04,1,1,57
2023-09-05,1,1,59
2023-09-06,1,1,71
2023-09-07,1,1,90
2023-09-08,1,1,81
2023-09-09,1,1,86
2023-09-10,1,1,117
2023-09-11,1,1,61
2023-09-12,1,1,67
2023-09-13,1,1,75
2023-09-14,1,1,74
2023-09-15,1,1,118
2023-09-16,1,1,100
2023-09-17,1,1,80
2023-09-18,1,1,57
2023-09-19,1,1,83
2023-09-20,1,1,64
2023-09-21,1,1,69
2023-09-22,1,1,109
2023-09-23,1,1,92
2023-09-24,1,1,99
2023-09-25,1,1,54
2023-09-26,1,1,68
2023-09-27,1,1,73
2023-09-28,1,1,62
2023-09-29,1,1,81
2023-09-30,1,1,92
2023-10-01,1,1,124
2023-10-02,1,1,56
2023-10-03,1,1,67
2023-10-04,1,1,72
2023-10-05,1,1,63
2023-10-06,1,1,89
2023-10-07,1,1,107
2023-10-08,1,1,80
2023-10-09,1,1,56
2023-10-10,1,1,73
2023-10-11,1,1,69
2023-10-12,1,1,95
2023-10-13,1,1,85
2023-10-14,1,1,107
2023-10-15,1,1,107
2023-10-16,1,1,70
2023-10-17,1,1,66
2023-10-18,1,1,79
2023-10-19,1,1,77
2023-10-20,1,1,96
2023-10-21,1,1,103
2023-10-22,1,1,97
2023-10-23,1,1,55
2023-10-24,1,1,61
2023-10-25,1,1,74
2023-10-26,1,1,77
2023-10-27,1,1,100
2023-10-28,1,1,103
2023-10-29,1,1,98
2023-10-30,1,1,58
2023-10-31,1,1,82
2023-11-01,1,1,95
2023-11-02,1,1,81
2023-11-03,1,1,91
2023-11-04,1,1,105
2023-11-05,1,1,106
2023-11-06,1,1,53
2023-11-07,1,1,68
2023-11-08,1,1,82
2023-11-09,1,1,79
2023-11-10,1,1,104
2023-11-11,1,1,89
2023-11-12,1,1,94
2023-11-13,1,1,75
2023-11-14,1,1,75
2023-11-15,1,1,84
2023-11-16,1,1,91
2023-11-17,1,1,83
2023-11-18,1,1,105
2023-11-19,1,1,80
2023-11-20,1,1,63
2023-11-21,1,1,70
2023-11-22,1,1,76
2023-11-23,1,1,84
2023-11-24,1,1,105
2023-11-25,1,1,108
2023-11-26,1,1,112
2023-11-27,1,1,71
2023-11-28,1,1,79
2023-11-29,1,1,74
2023-11-30,1,1,83
2023-12-01,1,1,119
2023-12-02,1,1,121
2023-12-03,1,1,107
2023-12-04,1,1,44
2023-12-05,1,1,69
2023-12-06,1,1,72
2023-12-07,1,1,83
2023-12-08,1,1,99
2023-12-09,1,1,105
2023-12-10,1,1,112
2023-12-11,1,1,69
2023-12-12,1,1,74
2023-12-13,1,1,84
2023-12-14,1,1,82
2023-12-15,1,1,128
2023-12-16,1,1,105
2023-12-17,1,1,108
2023-12-18,1,1,84
2023-12-19,1,1,75
2023-12-20,1,1,74
2023-12-21,1,1,98
2023-12-22,1,1,107
2023-12-23,1,1,108
2023-12-24,1,1,115
2023-12-25,1,1,68
2023-12-26,1,1,71
2023-12-27,1,1,84
2023-12-28,1,1,80
2023-12-29,1,1,93
2023-12-30,1,1,107
2023-12-31,1,1,100
2024-01-01,1,1,94
2024-01-02,1,1,66
2024-01-03,1,1,87
2024-01-04,1,1,102
2024-01-05,1,1,105
2024-01-06,1,1,119
2024-01-07,1,1,100
2024-01-08,1,1,66
2024-01-09,1,1,89
2024-01-10,1,1,80
2024-01-11,1,1,89
2024-01-12,1,1,103
2024-01-13,1,1,136
2024-01-14,1,1,112
2024-01-15,1,1,69
2024-01-16,1,1,87
2024-01-17,1,1,84
2024-01-18,1,1,93
2024-01-19,1,1,92
2024-01-20,1,1,108
2024-01-21,1,1,132
2024-01-22,1,1,67
2024-01-23,1,1,82
2024-01-24,1,1,116
2024-01-25,1,1,92
2024-01-26,1,1,116
2024-01-27,1,1,140
2024-01-28,1,1,112
2024-01-29,1,1,91
2024-01-30,1,1,81
2024-01-31,1,1,113
2024-02-01,1,1,99
2024-02-02,1,1,117
2024-02-03,1,1,131
2024-02-04,1,1,138
2024-02-05,1,1,68
2024-02-06,1,1,78
2024-02-07,1,1,125
2024-02-08,1,1,94
2024-02-09,1,1,125
2024-02-10,1,1,133
2024-02-11,1,1,127
2024-02-12,1,1,74
2024-02-13,1,1,81
2024-02-14,1,1,110
2024-02-15,1,1,115
2024-02-16,1,1,114
2024-02-17,1,1,126
2024-02-18,1,1,145
2024-02-19,1,1,87
2024-02-20,1,1,95
2024-02-21,1,1,90
2024-02-22,1,1,93
2024-02-23,1,1,114
2024-02-24,1,1,143
2024-02-25,1,1,146
2024-02-26,1,1,73
2024-02-27,1,1,103
2024-02-28,1,1,92
2024-02-29,1,1,115
2024-03-01,1,1,149
2024-03-02,1,1,133
2024-03-03,1,1,120
2024-03-04,1,1,83
2024-03-05,1,1,91
2024-03-06,1,1,99
2024-03-07,1,1,105
2024-03-08,1,1,129
2024-03-09,1,1,143
2024-03-10,1,1,126
2024-03-11,1,1,89
2024-03-12,1,1,106
2024-03-13,1,1,94
2024-03-14,1,1,100
2024-03-15,1,1,130
2024-03-16,1,1,119
2024-03-17,1,1,123
2024-03-18,1,1,74
2024-03-19,1,1,98
2024-03-20,1,1,102
2024-03-21,1,1,107
2024-03-22,1,1,111
2024-03-23,1,1,143
2024-03-24,1,1,156
2024-03-25,1,1,74
2024-03-26,1,1,101
2024-03-27,1,1,116
2024-03-28,1,1,106
2024-03-29,1,1,138
2024-03-30,1,1,140
2024-03-31,1,1,129
2024-04-01,1,1,111
2024-04-02,1,1,73
2024-04-03,1,1,99
2024-04-04,1,1,100
2024-04-05,1,1,131
2024-04-06,1,1,130
2024-04-07,1,1,140
2024-04-08,1,1,91
2024-04-09,1,1,86
2024-04-10,1,1,104
2024-04-11,1,1,120
2024-04-12,1,1,128
2024-04-13,1,1,133
2024-04-14,1,1,144
2024-04-15,1,1,112
2024-04-16,1,1,81
2024-04-17,1,1,94
2024-04-18,1,1,106
2024-04-19,1,1,128
2024-04-20,1,1,123
2024-04-21,1,1,141
2024-04-22,1,1,77
2024-04-23,1,1,81
2024-04-24,1,1,91
2024-04-25,1,1,102
2024-04-26,1,1,118
2024-04-27,1,1,153
2024-04-28,1,1,143
2024-04-29,1,1,89
2024-04-30,1,1,93
2024-05-01,1,1,127
2024-05-02,1,1,116
2024-05-03,1,1,109
2024-05-04,1,1,138
2024-05-05,1,1,135
2024-05-06,1,1,72
2024-05-07,1,1,77
2024-05-08,1,1,90
2024-05-09,1,1,126
2024-05-10,1,1,120
2024-05-11,1,1,142
2024-05-12,1,1,119
2024-05-13,1,1,71
2024-05-14,1,1,93
2024-05-15,1,1,112
2024-05-16,1,1,107
2024-05-17,1,1,128
2024-05-18,1,1,140
2024-05-19,1,1,127
2024-05-20,1,1,63
2024-05-21,1,1,88
2024-05-22,1,1,105
2024-05-23,1,1,97
2024-05-24,1,1,106
2024-05-25,1,1,130
2024-05-26,1,1,118
2024-05-27,1,1,69
2024-05-28,1,1,100
2024-05-29,1,1,105
2024-05-30,1,1,109
2024-05-31,1,1,109
2024-06-01,1,1,144
2024-06-02,1,1,106
2024-06-03,1,1,63
2024-06-04,1,1,95
2024-06-05,1,1,100
2024-06-06,1,1,104
2024-06-07,1,1,120
2024-06-08,1,1,122
2024-06-09,1,1,105
2024-06-10,1,1,81
2024-06-11,1,1,83
2024-06-12,1,1,85
2024-06-13,1,1,102
2024-06-14,1,1,120
2024-06-15,1,1,157
2024-06-16,1,1,123
2024-06-17,1,1,63
2024-06-18,1,1,94
2024-06-19,1,1,100
2024-06-20,1,1,85
2024-06-21,1,1,117
2024-06-22,1,1,132
2024-06-23,1,1,97
2024-06-24,1,1,85
2024-06-25,1,1,95
2024-06-26,1,1,94
2024-06-27,1,1,105
2024-06-28,1,1,110
2024-06-29,1,1,131
2024-06-30,1,1,105
2024-07-01,1,1,93
2024-07-02,1,1,82
2024-07-03,1,1,90
2024-07-04,1,1,96
2024-07-05,1,1,104
2024-07-06,1,1,128
2024-07-07,1,1,110
2024-07-08,1,1,78
2024-07-09,1,1,84
2024-07-10,1,1,97
2024-07-11,1,1,94
2024-07-12,1,1,114
2024-07-13,1,1,117
2024-07-14,1,1,129
2024-07-15,1,1,95
2024-07-16,1,1,88
2024-07-17,1,1,77
2024-07-18,1,1,96
2024-07-19,1,1,114
2024-07-20,1,1,117
2024-07-21,1,1,94
2024-07-22,1,1,68
2024-07-23,1,1,75
2024-07-24,1,1,103
2024-07-25,1,1,105
2024-07-26,1,1,111
2024-07-27,1,1,121
2024-07-28,1,1,106
2024-07-29,1,1,83
2024-07-30,1,1,87
2024-07-31,1,1,77
2024-08-01,1,1,110
2024-08-02,1,1,95
2024-08-03,1,1,112
2024-08-04,1,1,112
2024-08-05,1,1,64
2024-08-06,1,1,69
2024-08-07,1,1,84
2024-08-08,1,1,90
2024-08-09,1,1,116
2024-08-10,1,1,108
2024-08-11,1,1,114
2024-08-12,1,1,65
2024-08-13,1,1,72
2024-08-14,1,1,78
2024-08-15,1,1,115
2024-08-16,1,1,104
2024-08-17,1,1,121
2024-08-18,1,1,114
2024-08-19,1,1,70
2024-08-20,1,1,71
2024-08-21,1,1,88
2024-08-22,1,1,75
2024-08-23,1,1,86
2024-08-24,1,1,124
2024-08-25,1,1,102
2024-08-26,1,1,78
2024-08-27,1,1,72
2024-08-28,1,1,88
2024-08-29,1,1,93
2024-08-30,1,1,107
2024-08-31,1,1,95
2024-09-01,1,1,134
2024-09-02,1,1,61
2024-09-03,1,1,77
2024-09-04,1,1,90
2024-09-05,1,1,97
2024-09-06,1,1,99
2024-09-07,1,1,123
2024-09-08,1,1,110
2024-09-09,1,1,77
2024-09-10,1,1,93
2024-09-11,1,1,89
2024-09-12,1,1,85
2024-09-13,1,1,75
2024-09-14,1,1,97
2024-09-15,1,1,113
2024-09-16,1,1,63
2024-09-17,1,1,92
2024-09-18,1,1,86
2024-09-19,1,1,97
2024-09-20,1,1,81
2024-09-21,1,1,101
2024-09-22,1,1,122
2024-09-23,1,1,65
2024-09-24,1,1,82
2024-09-25,1,1,92
2024-09-26,1,1,82
2024-09-27,1,1,87
2024-09-28,1,1,93
2024-09-29,1,1,111
2024-09-30,1,1,72
2024-10-01,1,1,99
2024-10-02,1,1,93
2024-10-03,1,1,104
2024-10-04,1,1,74
2024-10-05,1,1,110
2024-10-06,1,1,94
2024-10-07,1,1,74
2024-10-08,1,1,83
2024-10-09,1,1,71
2024-10-10,1,1,70
2024-10-11,1,1,95
2024-10-12,1,1,107
2024-10-13,1,1,111
2024-10-14,1,1,59
2024-10-15,1,1,88
2024-10-16,1,1,77
2024-10-17,1,1,85
2024-10-18,1,1,98
2024-10-19,1,1,121
2024-10-20,1,1,94
2024-10-21,1,1,70
2024-10-22,1,1,76
2024-10-23,1,1,86
2024-10-24,1,1,86
2024-10-25,1,1,113
2024-10-26,1,1,128
2024-10-27,1,1,100
2024-10-28,1,1,65
2024-10-29,1,1,74
2024-10-30,1,1,86
2024-10-31,1,1,83
2024-11-01,1,1,111
2024-11-02,1,1,100
2024-11-03,1,1,97
2024-11-04,1,1,72
2024-11-05,1,1,76
2024-11-06,1,1,86
2024-11-07,1,1,99
2024-11-08,1,1,114
2024-11-09,1,1,123
2024-11-10,1,1,108
2024-11-11,1,1,78
2024-11-12,1,1,71
2024-11-13,1,1,88
2024-11-14,1,1,103
2024-11-15,1,1,141
2024-11-16,1,1,130
2024-11-17,1,1,111
2024-11-18,1,1,77
2024-11-19,1,1,70
2024-11-20,1,1,93
2024-11-21,1,1,109
2024-11-22,1,1,98
2024-11-23,1,1,131
2024-11-24,1,1,112
2024-11-25,1,1,74
2024-11-26,1,1,90
2024-11-27,1,1,95
2024-11-28,1,1,113
2024-11-29,1,1,125
2024-11-30,1,1,126
2024-12-01,1,1,129
2024-12-02,1,1,65
2024-12-03,1,1,82
2024-12-04,1,1,87
2024-12-05,1,1,100
2024-12-06,1,1,112
2024-12-07,1,1,128
2024-12-08,1,1,111
2024-12-09,1,1,92
2024-12-10,1,1,95
2024-12-11,1,1,101
2024-12-12,1,1,113
2024-12-13,1,1,108
2024-12-14,1,1,116
2024-12-15,1,1,130
2024-12-16,1,1,84
2024-12-17,1,1,92
2024-12-18,1,1,79
2024-12-19,1,1,120
2024-12-20,1,1,129
2024-12-21,1,1,145
2024-12-22,1,1,123
2024-12-23,1,1,82
2024-12-24,1,1,91
2024-12-25,1,1,95
2024-12-26,1,1,112
2024-12-27,1,1,94
2024-12-28,1,1,131
2024-12-29,1,1,136
2024-12-30,1,1,76
2024-12-31,1,1,110
2022-01-01,1,2,132
2022-01-02,1,2,111
2022-01-03,1,2,62
2022-01-04,1,2,83
2022-01-05,1,2,83
2022-01-06,1,2,75
2022-01-07,1,2,104
2022-01-08,1,2,99
2022-01-09,1,2,96
2022-01-10,1,2,64
2022-01-11,1,2,89
2022-01-12,1,2,79
2022-01-13,1,2,98
2022-01-14,1,2,99
2022-01-15,1,2,132
2022-01-16,1,2,97
2022-01-17,1,2,64
2022-01-18,1,2,73
2022-01-19,1,2,68
2022-01-20,1,2,92
2022-01-21,1,2,98
2022-01-22,1,2,118
2022-01-23,1,2,86
2022-01-24,1,2,86
2022-01-25,1,2,95
2022-01-26,1,2,81
2022-01-27,1,2,107
2022-01-28,1,2,93
2022-01-29,1,2,116
2022-01-30,1,2,122
2022-01-31,1,2,48
2022-02-01,1,2,94
2022-02-02,1,2,84
2022-02-03,1,2,94
2022-02-04,1,2,97
2022-02-05,1,2,117
2022-02-06,1,2,103
2022-02-07,1,2,68
2022-02-08,1,2,78
2022-02-09,1,2,85
2022-02-10,1,2,87
2022-02-11,1,2,104
2022-02-12,1,2,113
2022-02-13,1,2,104
2022-02-14,1,2,73
2022-02-15,1,2,97
2022-02-16,1,2,84
2022-02-17,1,2,91
2022-02-18,1,2,115
2022-02-19,1,2,109
2022-02-20,1,2,114
2022-02-21,1,2,67
2022-02-22,1,2,68
2022-02-23,1,2,71
2022-02-24,1,2,80
2022-02-25,1,2,100
2022-02-26,1,2,102
2022-02-27,1,2,117
2022-02-28,1,2,77
2022-03-01,1,2,101
2022-03-02,1,2,96
2022-03-03,1,2,85
2022-03-04,1,2,96
2022-03-05,1,2,114
2022-03-06,1,2,125
2022-03-07,1,2,71
2022-03-08,1,2,91
2022-03-09,1,2,88
2022-03-10,1,2,100
2022-03-11,1,2,109
2022-03-12,1,2,136
2022-03-13,1,2,113
2022-03-14,1,2,70
2022-03-15,1,2,113
2022-03-16,1,2,101
2022-03-17,1,2,91
2022-03-18,1,2,99
2022-03-19,1,2,111
2022-03-20,1,2,152
2022-03-21,1,2,55
2022-03-22,1,2,100
2022-03-23,1,2,96
2022-03-24,1,2,87
2022-03-25,1,2,114
2022-03-26,1,2,139
2022-03-27,1,2,106
2022-03-28,1,2,78
2022-03-29,1,2,78
2022-03-30,1,2,90
2022-03-31,1,2,98
2022-04-01,1,2,133
2022-04-02,1,2,125
2022-04-03,1,2,115
2022-04-04,1,2,65
2022-04-05,1,2,96
2022-04-06,1,2,93
2022-04-07,1,2,105
2022-04-08,1,2,102
2022-04-09,1,2,125
2022-04-10,1,2,95
2022-04-11,1,2,77
2022-04-12,1,2,69
2022-04-13,1,2,94
2022-04-14,1,2,95
2022-04-15,1,2,139
2022-04-16,1,2,112
2022-04-17,1,2,142
2022-04-18,1,2,74
2022-04-19,1,2,81
2022-04-20,1,2,84
2022-04-21,1,2,82
2022-04-22,1,2,107
2022-04-23,1,2,120
2022-04-24,1,2,112
2022-04-25,1,2,82
2022-04-26,1,2,82
2022-04-27,1,2,77
2022-04-28,1,2,81
2022-04-29,1,2,96
2022-04-30,1,2,123
2022-05-01,1,2,146
2022-05-02,1,2,75
2022-05-03,1,2,85
2022-05-04,1,2,76
2022-05-05,1,2,105
2022-05-06,1,2,111
2022-05-07,1,2,113
2022-05-08,1,2,95
2022-05-09,1,2,66
2022-05-10,1,2,78
2022-05-11,1,2,99
2022-05-12,1,2,74
2022-05-13,1,2,111
2022-05-14,1,2,115
2022-05-15,1,2,134
2022-05-16,1,2,74
2022-05-17,1,2,58
2022-05-18,1,2,84
2022-05-19,1,2,73
2022-05-20,1,2,97
2022-05-21,1,2,134
2022-05-22,1,2,126
2022-05-23,1,2,67
2022-05-24,1,2,65
2022-05-25,1,2,89
2022-05-26,1,2,105
2022-05-27,1,2,83
2022-05-28,1,2,127
2022-05-29,1,2,108
2022-05-30,1,2,58
2022-05-31,1,2,85
2022-06-01,1,2,110
2022-06-02,1,2,81
2022-06-03,1,2,82
2022-06-04,1,2,118
2022-06-05,1,2,101
2022-06-06,1,2,84
2022-06-07,1,2,82
2022-06-08,1,2,90
2022-06-09,1,2,88
2022-06-10,1,2,84
2022-06-11,1,2,128
2022-06-12,1,2,98
2022-06-13,1,2,74
2022-06-14,1,2,77
2022-06-15,1,2,102
2022-06-16,1,2,89
2022-06-17,1,2,108
2022-06-18,1,2,126
2022-06-19,1,2,114
2022-06-20,1,2,61
2022-06-21,1,2,75
2022-06-22,1,2,86
2022-06-23,1,2,96
2022-06-24,1,2,112
2022-06-25,1,2,102
2022-06-26,1,2,91
2022-06-27,1,2,60
2022-06-28,1,2,81
2022-06-29,1,2,76
2022-06-30,1,2,65
2022-07-01,1,2,113
2022-07-02,1,2,111
2022-07-03,1,2,108
2022-07-04,1,2,73
2022-07-05,1,2,71
2022-07-06,1,2,84
2022-07-07,1,2,86
2022-07-08,1,2,90
2022-07-09,1,2,133
2022-07-10,1,2,123
2022-07-11,1,2,69
2022-07-12,1,2,59
2022-07-13,1,2,75
2022-07-14,1,2,84
2022-07-15,1,2,120
2022-07-16,1,2,101
2022-07-17,1,2,117
2022-07-18,1,2,85
2022-07-19,1,2,72
2022-07-20,1,2,80
2022-07-21,1,2,84
2022-07-22,1,2,90
2022-07-23,1,2,109
2022-07-24,1,2,101
2022-07-25,1,2,73
2022-07-26,1,2,71
2022-07-27,1,2,76
2022-07-28,1,2,91
2022-07-29,1,2,92
2022-07-30,1,2,110
2022-07-31,1,2,102
2022-08-01,1,2,74
2022-08-02,1,2,67
2022-08-03,1,2,99
2022-08-04,1,2,81
2022-08-05,1,2,96
2022-08-06,1,2,93
2022-08-07,1,2,110
2022-08-08,1,2,63
2022-08-09,1,2,67
2022-08-10,1,2,88
2022-08-11,1,2,83
2022-08-12,1,2,109
2022-08-13,1,2,105
2022-08-14,1,2,95
2022-08-15,1,2,67
2022-08-16,1,2,78
2022-08-17,1,2,77
2022-08-18,1,2,86
2022-08-19,1,2,87
2022-08-20,1,2,91
2022-08-21,1,2,95
2022-08-22,1,2,68
2022-08-23,1,2,77
2022-08-24,1,2,78
2022-08-25,1,2,75
2022-08-26,1,2,105
2022-08-27,1,2,90
2022-08-28,1,2,99
2022-08-29,1,2,59
2022-08-30,1,2,78
2022-08-31,1,2,91
2022-09-01,1,2,96
2022-09-02,1,2,93
2022-09-03,1,2,108
2022-09-04,1,2,101
2022-09-05,1,2,49
2022-09-06,1,2,67
2022-09-07,1,2,79
2022-09-08,1,2,79
2022-09-09,1,2,83
2022-09-10,1,2,118
2022-09-11,1,2,93
2022-09-12,1,2,58
2022-09-13,1,2,83
2022-09-14,1,2,69
2022-09-15,1,2,88
2022-09-16,1,2,104
2022-09-17,1,2,116
2022-09-18,1,2,87
2022-09-19,1,2,70
2022-09-20,1,2,62
2022-09-21,1,2,65
2022-09-22,1,2,81
2022-09-23,1,2,71
2022-09-24,1,2,90
2022-09-25,1,2,93
2022-09-26,1,2,69
2022-09-27,1,2,66
2022-09-28,1,2,71
2022-09-29,1,2,89
2022-09-30,1,2,103
2022-10-01,1,2,129
2022-10-02,1,2,89
2022-10-03,1,2,75
2022-10-04,1,2,82
2022-10-05,1,2,85
2022-10-06,1,2,88
2022-10-07,1,2,96
2022-10-08,1,2,93
2022-10-09,1,2,107
2022-10-10,1,2,63
2022-10-11,1,2,73
2022-10-12,1,2,82
2022-10-13,1,2,83
2022-10-14,1,2,88
2022-10-15,1,2,115
2022-10-16,1,2,123
2022-10-17,1,2,66
2022-10-18,1,2,75
2022-10-19,1,2,67
2022-10-20,1,2,82
2022-10-21,1,2,100
2022-10-22,1,2,128
2022-10-23,1,2,110
2022-10-24,1,2,48
2022-10-25,1,2,74
2022-10-26,1,2,76
2022-10-27,1,2,73
2022-10-28,1,2,86
2022-10-29,1,2,120
2022-10-30,1,2,107
2022-10-31,1,2,63
2022-11-01,1,2,95
2022-11-02,1,2,92
2022-11-03,1,2,78
2022-11-04,1,2,93
2022-11-05,1,2,103
2022-11-06,1,2,105
2022-11-07,1,2,62
2022-11-08,1,2,78
2022-11-09,1,2,72
2022-11-10,1,2,78
2022-11-11,1,2,98
2022-11-12,1,2,120
2022-11-13,1,2,88
2022-11-14,1,2,65
2022-11-15,1,2,81
2022-11-16,1,2,90
2022-11-17,1,2,82
2022-11-18,1,2,110
2022-11-19,1,2,101
2022-11-20,1,2,100
2022-11-21,1,2,65
2022-11-22,1,2,69
2022-11-23,1,2,78
2022-11-24,1,2,97
2022-11-25,1,2,105
2022-11-26,1,2,120
2022-11-27,1,2,91
2022-11-28,1,2,84
2022-11-29,1,2,79
2022-11-30,1,2,73
2022-12-01,1,2,114
2022-12-02,1,2,85
2022-12-03,1,2,118
2022-12-04,1,2,123
2022-12-05,1,2,59
2022-12-06,1,2,69
2022-12-07,1,2,79
2022-12-08,1,2,94
2022-12-09,1,2,114
2022-12-10,1,2,122
2022-12-11,1,2,91
2022-12-12,1,2,82
2022-12-13,1,2,78
2022-12-14,1,2,92
2022-12-15,1,2,103
2022-12-16,1,2,99
2022-12-17,1,2,128
2022-12-18,1,2,105
2022-12-19,1,2,69
2022-12-20,1,2,92
2022-12-21,1,2,87
2022-12-22,1,2,77
2022-12-23,1,2,105
2022-12-24,1,2,134
2022-12-25,1,2,124
2022-12-26,1,2,72
2022-12-27,1,2,70
2022-12-28,1,2,93
2022-12-29,1,2,84
2022-12-30,1,2,116
2022-12-31,1,2,101
2023-01-01,1,2,138
2023-01-02,1,2,79
2023-01-03,1,2,90
2023-01-04,1,2,87
2023-01-05,1,2,101
2023-01-06,1,2,114
2023-01-07,1,2,124
2023-01-08,1,2,112
2023-01-09,1,2,87
2023-01-10,1,2,89
2023-01-11,1,2,111
2023-01-12,1,2,101
2023-01-13,1,2,106
2023-01-14,1,2,121
2023-01-15,1,2,157
2023-01-16,1,2,80
2023-01-17,1,2,75
2023-01-18,1,2,92
2023-01-19,1,2,107
2023-01-20,1,2,113
2023-01-21,1,2,123
2023-01-22,1,2,120
2023-01-23,1,2,69
2023-01-24,1,2,77
2023-01-25,1,2,97
2023-01-26,1,2,94
2023-01-27,1,2,100
2023-01-28,1,2,140
2023-01-29,1,2,121
2023-01-30,1,2,64
2023-01-31,1,2,81
2023-02-01,1,2,107
2023-02-02,1,2,99
2023-02-03,1,2,128
2023-02-04,1,2,129
2023-02-05,1,2,119
2023-02-06,1,2,89
2023-02-07,1,2,117
2023-02-08,1,2,101
2023-02-09,1,2,94
2023-02-10,1,2,138
2023-02-11,1,2,152
2023-02-12,1,2,118
2023-02-13,1,2,90
2023-02-14,1,2,111
2023-02-15,1,2,107
2023-02-16,1,2,92
2023-02-17,1,2,120
2023-02-18,1,2,119
2023-02-19,1,2,122
2023-02-20,1,2,75
2023-02-21,1,2,99
2023-02-22,1,2,94
2023-02-23,1,2,98
2023-02-24,1,2,100
2023-02-25,1,2,134
2023-02-26,1,2,139
2023-02-27,1,2,79
2023-02-28,1,2,102
2023-03-01,1,2,110
2023-03-02,1,2,115
2023-03-03,1,2,110
2023-03-04,1,2,141
2023-03-05,1,2,143
2023-03-06,1,2,80
2023-03-07,1,2,97
2023-03-08,1,2,107
2023-03-09,1,2,99
2023-03-10,1,2,124
2023-03-11,1,2,123
2023-03-12,1,2,125
2023-03-13,1,2,67
2023-03-14,1,2,102
2023-03-15,1,2,113
2023-03-16,1,2,109
2023-03-17,1,2,118
2023-03-18,1,2,136
2023-03-19,1,2,138
2023-03-20,1,2,95
2023-03-21,1,2,84
2023-03-22,1,2,105
2023-03-23,1,2,110
2023-03-24,1,2,133
2023-03-25,1,2,136
2023-03-26,1,2,122
2023-03-27,1,2,85
2023-03-28,1,2,96
2023-03-29,1,2,116
2023-03-30,1,2,108
2023-03-31,1,2,129
2023-04-01,1,2,201
2023-04-02,1,2,114
2023-04-03,1,2,93
2023-04-04,1,2,97
2023-04-05,1,2,85
2023-04-06,1,2,102
2023-04-07,1,2,108
2023-04-08,1,2,125
2023-04-09,1,2,133
2023-04-10,1,2,88
2023-04-11,1,2,96
2023-04-12,1,2,128
2023-04-13,1,2,104
2023-04-14,1,2,126
2023-04-15,1,2,164
2023-04-16,1,2,129
2023-04-17,1,2,81
2023-04-18,1,2,88
2023-04-19,1,2,103
2023-04-20,1,2,115
2023-04-21,1,2,127
2023-04-22,1,2,164
2023-04-23,1,2,141
2023-04-24,1,2,80
2023-04-25,1,2,107
2023-04-26,1,2,102
2023-04-27,1,2,91
2023-04-28,1,2,107
2023-04-29,1,2,135
2023-04-30,1,2,127
2023-05-01,1,2,98
2023-05-02,1,2,79
2023-05-03,1,2,124
2023-05-04,1,2,130
2023-05-05,1,2,126
2023-05-06,1,2,120
2023-05-07,1,2,127
2023-05-08,1,2,77
2023-05-09,1,2,87
2023-05-10,1,2,95
2023-05-11,1,2,107
2023-05-12,1,2,119
2023-05-13,1,2,135
2023-05-14,1,2,134
2023-05-15,1,2,92
2023-05-16,1,2,91
2023-05-17,1,2,100
2023-05-18,1,2,113
2023-05-19,1,2,127
2023-05-20,1,2,137
2023-05-21,1,2,116
2023-05-22,1,2,83
2023-05-23,1,2,84
2023-05-24,1,2,99
2023-05-25,1,2,104
2023-05-26,1,2,144
2023-05-27,1,2,127
2023-05-28,1,2,123
2023-05-29,1,2,80
2023-05-30,1,2,100
2023-05-31,1,2,113
2023-06-01,1,2,115
2023-06-02,1,2,124
2023-06-03,1,2,111
2023-06-04,1,2,114
2023-06-05,1,2,78
2023-06-06,1,2,81
2023-06-07,1,2,95
2023-06-08,1,2,103
2023-06-09,1,2,125
2023-06-10,1,2,129
2023-06-11,1,2,116
2023-06-12,1,2,75
2023-06-13,1,2,88
2023-06-14,1,2,109
2023-06-15,1,2,104
2023-06-16,1,2,107
2023-06-17,1,2,132
2023-06-18,1,2,109
2023-06-19,1,2,76
2023-06-20,1,2,87
2023-06-21,1,2,90
2023-06-22,1,2,101
2023-06-23,1,2,125
2023-06-24,1,2,121
2023-06-25,1,2,130
2023-06-26,1,2,79
2023-06-27,1,2,91
2023-06-28,1,2,87
2023-06-29,1,2,106
2023-06-30,1,2,100
2023-07-01,1,2,141
2023-07-02,1,2,120
2023-07-03,1,2,65
2023-07-04,1,2,87
2023-07-05,1,2,80
2023-07-06,1,2,95
2023-07-07,1,2,103
2023-07-08,1,2,116
2023-07-09,1,2,105
2023-07-10,1,2,76
2023-07-11,1,2,94
2023-07-12,1,2,93
2023-07-13,1,2,110
2023-07-14,1,2,90
2023-07-15,1,2,134
2023-07-16,1,2,99
2023-07-17,1,2,79
2023-07-18,1,2,86
2023-07-19,1,2,84
2023-07-20,1,2,78
2023-07-21,1,2,91
2023-07-22,1,2,125
2023-07-23,1,2,117
2023-07-24,1,2,76
2023-07-25,1,2,77
2023-07-26,1,2,89
2023-07-27,1,2,74
2023-07-28,1,2,84
2023-07-29,1,2,109
2023-07-30,1,2,119
2023-07-31,1,2,83
2023-08-01,1,2,98
2023-08-02,1,2,84
2023-08-03,1,2,87
2023-08-04,1,2,94
2023-08-05,1,2,111
2023-08-06,1,2,116
2023-08-07,1,2,64
2023-08-08,1,2,85
2023-08-09,1,2,102
2023-08-10,1,2,88
2023-08-11,1,2,95
2023-08-12,1,2,143
2023-08-13,1,2,107
2023-08-14,1,2,56
2023-08-15,1,2,102
2023-08-16,1,2,78
2023-08-17,1,2,78
2023-08-18,1,2,114
2023-08-19,1,2,120
2023-08-20,1,2,119
2023-08-21,1,2,88
2023-08-22,1,2,66
2023-08-23,1,2,88
2023-08-24,1,2,88
2023-08-25,1,2,96
2023-08-26,1,2,105
2023-08-27,1,2,101
2023-08-28,1,2,60
2023-08-29,1,2,83
2023-08-30,1,2,86
2023-08-31,1,2,87
2023-09-01,1,2,132
2023-09-02,1,2,119
2023-09-03,1,2,103
2023-09-04,1,2,65
2023-09-05,1,2,83
2023-09-06,1,2,91
2023-09-07,1,2,79
2023-09-08,1,2,99
2023-09-09,1,2,108
2023-09-10,1,2,121
2023-09-11,1,2,57
2023-09-12,1,2,85
2023-09-13,1,2,86
2023-09-14,1,2,93
2023-09-15,1,2,135
2023-09-16,1,2,106
2023-09-17,1,2,102
2023-09-18,1,2,76
2023-09-19,1,2,80
2023-09-20,1,2,73
2023-09-21,1,2,106
2023-09-22,1,2,100
2023-09-23,1,2,118
2023-09-24,1,2,97
2023-09-25,1,2,71
2023-09-26,1,2,91
2023-09-27,1,2,72
2023-09-28,1,2,90
2023-09-29,1,2,100
2023-09-30,1,2,111
2023-10-01,1,2,118
2023-10-02,1,2,68
2023-10-03,1,2,87
2023-10-04,1,2,77
2023-10-05,1,2,81
2023-10-06,1,2,89
2023-10-07,1,2,120
2023-10-08,1,2,84
2023-10-09,1,2,75
2023-10-10,1,2,76
2023-10-11,1,2,79
2023-10-12,1,2,97
2023-10-13,1,2,102
2023-10-14,1,2,109
2023-10-15,1,2,146
2023-10-16,1,2,59
2023-10-17,1,2,77
2023-10-18,1,2,80
2023-10-19,1,2,100
2023-10-20,1,2,96
2023-10-21,1,2,106
2023-10-22,1,2,110
2023-10-23,1,2,77
2023-10-24,1,2,80
2023-10-25,1,2,66
2023-10-26,1,2,90
2023-10-27,1,2,105
2023-10-28,1,2,126
2023-10-29,1,2,115
2023-10-30,1,2,60
2023-10-31,1,2,73
2023-11-01,1,2,108
2023-11-02,1,2,96
2023-11-03,1,2,104
2023-11-04,1,2,139
2023-11-05,1,2,106
2023-11-06,1,2,71
2023-11-07,1,2,63
2023-11-08,1,2,90
2023-11-09,1,2,71
2023-11-10,1,2,100
2023-11-11,1,2,128
2023-11-12,1,2,128
2023-11-13,1,2,68
2023-11-14,1,2,75
2023-11-15,1,2,96
2023-11-16,1,2,87
2023-11-17,1,2,112
2023-11-18,1,2,97
2023-11-19,1,2,104
2023-11-20,1,2,66
2023-11-21,1,2,73
2023-11-22,1,2,103
2023-11-23,1,2,97
2023-11-24,1,2,89
2023-11-25,1,2,138
2023-11-26,1,2,122
2023-11-27,1,2,84
2023-11-28,1,2,83
2023-11-29,1,2,101
2023-11-30,1,2,94
2023-12-01,1,2,133
2023-12-02,1,2,128
2023-12-03,1,2,125
2023-12-04,1,2,74
2023-12-05,1,2,82
2023-12-06,1,2,114
2023-12-07,1,2,121
2023-12-08,1,2,94
2023-12-09,1,2,122
2023-12-10,1,2,116
2023-12-11,1,2,80
2023-12-12,1,2,73
2023-12-13,1,2,94
2023-12-14,1,2,114
2023-12-15,1,2,134
2023-12-16,1,2,129
2023-12-17,1,2,117
2023-12-18,1,2,91
2023-12-19,1,2,108
2023-12-20,1,2,95
2023-12-21,1,2,99
2023-12-22,1,2,102
2023-12-23,1,2,126
2023-12-24,1,2,136
2023-12-25,1,2,82
2023-12-26,1,2,89
2023-12-27,1,2,99
2023-12-28,1,2,98
2023-12-29,1,2,113
2023-12-30,1,2,126
2023-12-31,1,2,110
2024-01-01,1,2,91
2024-01-02,1,2,105
2024-01-03,1,2,109
2024-01-04,1,2,103
2024-01-05,1,2,136
2024-01-06,1,2,145
2024-01-07,1,2,134
2024-01-08,1,2,80
2024-01-09,1,2,82
2024-01-10,1,2,112
2024-01-11,1,2,107
2024-01-12,1,2,108
2024-01-13,1,2,138
2024-01-14,1,2,144
2024-01-15,1,2,93
2024-01-16,1,2,99
2024-01-17,1,2,108
2024-01-18,1,2,96
2024-01-19,1,2,116
2024-01-20,1,2,159
2024-01-21,1,2,151
2024-01-22,1,2,69
2024-01-23,1,2,105
2024-01-24,1,2,116
2024-01-25,1,2,122
2024-01-26,1,2,118
2024-01-27,1,2,153
2024-01-28,1,2,139
2024-01-29,1,2,69
2024-01-30,1,2,109
2024-01-31,1,2,119
2024-02-01,1,2,135
2024-02-02,1,2,125
2024-02-03,1,2,137
2024-02-04,1,2,131
2024-02-05,1,2,69
2024-02-06,1,2,107
2024-02-07,1,2,93
2024-02-08,1,2,103
2024-02-09,1,2,148
2024-02-10,1,2,158
2024-02-11,1,2,151
2024-02-12,1,2,83
2024-02-13,1,2,86
2024-02-14,1,2,120
2024-02-15,1,2,134
2024-02-16,1,2,147
2024-02-17,1,2,155
2024-02-18,1,2,144
2024-02-19,1,2,83
2024-02-20,1,2,87
2024-02-21,1,2,95
2024-02-22,1,2,91
2024-02-23,1,2,142
2024-02-24,1,2,143
2024-02-25,1,2,143
2024-02-26,1,2,91
2024-02-27,1,2,104
2024-02-28,1,2,90
2024-02-29,1,2,119
2024-03-01,1,2,144
2024-03-02,1,2,149
2024-03-03,1,2,113
2024-03-04,1,2,83
2024-03-05,1,2,70
2024-03-06,1,2,81
2024-03-07,1,2,123
2024-03-08,1,2,150
2024-03-09,1,2,145
2024-03-10,1,2,170
2024-03-11,1,2,93
2024-03-12,1,2,97
2024-03-13,1,2,95
2024-03-14,1,2,109
2024-03-15,1,2,182
2024-03-16,1,2,148
2024-03-17,1,2,146
2024-03-18,1,2,83
2024-03-19,1,2,100
2024-03-20,1,2,110
2024-03-21,1,2,135
2024-03-22,1,2,165
2024-03-23,1,2,147
2024-03-24,1,2,137
2024-03-25,1,2,82
2024-03-26,1,2,97
2024-03-27,1,2,112
2024-03-28,1,2,96
2024-03-29,1,2,163
2024-03-30,1,2,133
2024-03-31,1,2,137
2024-04-01,1,2,112
2024-04-02,1,2,94
2024-04-03,1,2,112
2024-04-04,1,2,100
2024-04-05,1,2,138
2024-04-06,1,2,150
2024-04-07,1,2,133
2024-04-08,1,2,74
2024-04-09,1,2,108
2024-04-10,1,2,117
2024-04-11,1,2,136
2024-04-12,1,2,134
2024-04-13,1,2,141
2024-04-14,1,2,139
2024-04-15,1,2,127
2024-04-16,1,2,105
2024-04-17,1,2,115
2024-04-18,1,2,102
2024-04-19,1,2,123
2024-04-20,1,2,165
2024-04-21,1,2,160
2024-04-22,1,2,87
2024-04-23,1,2,116
2024-04-24,1,2,106
2024-04-25,1,2,117
2024-04-26,1,2,125
2024-04-27,1,2,163
2024-04-28,1,2,137
2024-04-29,1,2,109
2024-04-30,1,2,107
2024-05-01,1,2,130
2024-05-02,1,2,113
2024-05-03,1,2,117
2024-05-04,1,2,150
2024-05-05,1,2,144
2024-05-06,1,2,87
2024-05-07,1,2,109
2024-05-08,1,2,112
2024-05-09,1,2,139
2024-05-10,1,2,112
2024-05-11,1,2,152
2024-05-12,1,2,152
2024-05-13,1,2,102
2024-05-14,1,2,105
2024-05-15,1,2,128
2024-05-16,1,2,123
2024-05-17,1,2,140
2024-05-18,1,2,162
2024-05-19,1,2,143
2024-05-20,1,2,98
2024-05-21,1,2,105
2024-05-22,1,2,124
2024-05-23,1,2,125
2024-05-24,1,2,136
2024-05-25,1,2,167
2024-05-26,1,2,139
2024-05-27,1,2,85
2024-05-28,1,2,95
2024-05-29,1,2,133
2024-05-30,1,2,129
2024-05-31,1,2,147
2024-06-01,1,2,166
2024-06-02,1,2,119
2024-06-03,1,2,94
2024-06-04,1,2,112
2024-06-05,1,2,94
2024-06-06,1,2,106
2024-06-07,1,2,128
2024-06-08,1,2,154
2024-06-09,1,2,147
2024-06-10,1,2,81
2024-06-11,1,2,102
2024-06-12,1,2,116
2024-06-13,1,2,107
2024-06-14,1,2,136
2024-06-15,1,2,164
2024-06-16,1,2,127
2024-06-17,1,2,66
2024-06-18,1,2,93
2024-06-19,1,2,96
2024-06-20,1,2,109
2024-06-21,1,2,119
2024-06-22,1,2,142
2024-06-23,1,2,142
2024-06-24,1,2,97
2024-06-25,1,2,90
2024-06-26,1,2,105
2024-06-27,1,2,103
2024-06-28,1,2,124
2024-06-29,1,2,131
2024-06-30,1,2,157
2024-07-01,1,2,106
2024-07-02,1,2,92
2024-07-03,1,2,93
2024-07-04,1,2,107
2024-07-05,1,2,115
2024-07-06,1,2,144
2024-07-07,1,2,128
2024-07-08,1,2,92
2024-07-09,1,2,89
2024-07-10,1,2,119
2024-07-11,1,2,89
2024-07-12,1,2,118
2024-07-13,1,2,134
2024-07-14,1,2,119
2024-07-15,1,2,90
2024-07-16,1,2,90
2024-07-17,1,2,101
2024-07-18,1,2,87
2024-07-19,1,2,116
2024-07-20,1,2,134
2024-07-21,1,2,122
2024-07-22,1,2,67
2024-07-23,1,2,79
2024-07-24,1,2,90
2024-07-25,1,2,117
2024-07-26,1,2,105
2024-07-27,1,2,127
2024-07-28,1,2,149
2024-07-29,1,2,90
2024-07-30,1,2,92
2024-07-31,1,2,94
2024-08-01,1,2,141
2024-08-02,1,2,125
2024-08-03,1,2,128
2024-08-04,1,2,129
2024-08-05,1,2,86
2024-08-06,1,2,86
2024-08-07,1,2,116
2024-08-08,1,2,107
2024-08-09,1,2,130
2024-08-10,1,2,136
2024-08-11,1,2,131
2024-08-12,1,2,84
2024-08-13,1,2,108
2024-08-14,1,2,85
2024-08-15,1,2,125
2024-08-16,1,2,107
2024-08-17,1,2,122
2024-08-18,1,2,127
2024-08-19,1,2,83
2024-08-20,1,2,83
2024-08-21,1,2,93
2024-08-22,1,2,136
2024-08-23,1,2,130
2024-08-24,1,2,125
2024-08-25,1,2,117
2024-08-26,1,2,75
2024-08-27,1,2,86
2024-08-28,1,2,97
2024-08-29,1,2,129
2024-08-30,1,2,126
2024-08-31,1,2,134
2024-09-01,1,2,139
2024-09-02,1,2,84
2024-09-03,1,2,85
2024-09-04,1,2,79
2024-09-05,1,2,85
2024-09-06,1,2,108
2024-09-07,1,2,109
2024-09-08,1,2,132
2024-09-09,1,2,68
2024-09-10,1,2,80
2024-09-11,1,2,93
2024-09-12,1,2,93
2024-09-13,1,2,106
2024-09-14,1,2,133
2024-09-15,1,2,146
2024-09-16,1,2,70
2024-09-17,1,2,92
2024-09-18,1,2,95
2024-09-19,1,2,118
2024-09-20,1,2,129
2024-09-21,1,2,115
2024-09-22,1,2,111
2024-09-23,1,2,74
2024-09-24,1,2,80
2024-09-25,1,2,89
2024-09-26,1,2,93
2024-09-27,1,2,102
2024-09-28,1,2,134
2024-09-29,1,2,126
2024-09-30,1,2,72
2024-10-01,1,2,93
2024-10-02,1,2,92
2024-10-03,1,2,91
2024-10-04,1,2,119
2024-10-05,1,2,140
2024-10-06,1,2,127
2024-10-07,1,2,80
2024-10-08,1,2,90
2024-10-09,1,2,90
2024-10-10,1,2,120
2024-10-11,1,2,101
2024-10-12,1,2,135
2024-10-13,1,2,106
2024-10-14,1,2,84
2024-10-15,1,2,99
2024-10-16,1,2,109
2024-10-17,1,2,80
2024-10-18,1,2,123
2024-10-19,1,2,133
2024-10-20,1,2,108
2024-10-21,1,2,81
2024-10-22,1,2,81
2024-10-23,1,2,86
2024-10-24,1,2,123
2024-10-25,1,2,112
2024-10-26,1,2,144
2024-10-27,1,2,131
2024-10-28,1,2,75
2024-10-29,1,2,104
2024-10-30,1,2,94
2024-10-31,1,2,112
2024-11-01,1,2,135
2024-11-02,1,2,124
2024-11-03,1,2,122
2024-11-04,1,2,65
2024-11-05,1,2,79
2024-11-06,1,2,100
2024-11-07,1,2,112
2024-11-08,1,2,107
2024-11-09,1,2,141
2024-11-10,1,2,125
2024-11-11,1,2,68
2024-11-12,1,2,88
2024-11-13,1,2,130
2024-11-14,1,2,101
2024-11-15,1,2,141
2024-11-16,1,2,139
2024-11-17,1,2,131
2024-11-18,1,2,82
2024-11-19,1,2,93
2024-11-20,1,2,104
2024-11-21,1,2,108
2024-11-22,1,2,106
2024-11-23,1,2,142
2024-11-24,1,2,124
2024-11-25,1,2,97
2024-11-26,1,2,94
2024-11-27,1,2,111
2024-11-28,1,2,94
2024-11-29,1,2,122
2024-11-30,1,2,142
2024-12-01,1,2,165
2024-12-02,1,2,78
2024-12-03,1,2,101
2024-12-04,1,2,106
2024-12-05,1,2,90
2024-12-06,1,2,123
2024-12-07,1,2,157
2024-12-08,1,2,136
2024-12-09,1,2,78
2024-12-10,1,2,88
2024-12-11,1,2,99
2024-12-12,1,2,139
2024-12-13,1,2,123
2024-12-14,1,2,148
2024-12-15,1,2,141
2024-12-16,1,2,88
2024-12-17,1,2,108
2024-12-18,1,2,105
2024-12-19,1,2,129
2024-12-20,1,2,142
2024-12-21,1,2,153
2024-12-22,1,2,137
2024-12-23,1,2,77
2024-12-24,1,2,84
2024-12-25,1,2,101
2024-12-26,1,2,124
2024-12-27,1,2,126
2024-12-28,1,2,173
2024-12-29,1,2,143
2024-12-30,1,2,78
2024-12-31,1,2,111
2022-01-01,1,3,138
2022-01-02,1,3,97
2022-01-03,1,3,68
2022-01-04,1,3,84
2022-01-05,1,3,78
2022-01-06,1,3,93
2022-01-07,1,3,122
2022-01-08,1,3,106
2022-01-09,1,3,106
2022-01-10,1,3,69
2022-01-11,1,3,75
2022-01-12,1,3,80
2022-01-13,1,3,86
2022-01-14,1,3,98
2022-01-15,1,3,165
2022-01-16,1,3,116
2022-01-17,1,3,83
2022-01-18,1,3,93
2022-01-19,1,3,100
2022-01-20,1,3,105
2022-01-21,1,3,91
2022-01-22,1,3,131
2022-01-23,1,3,96
2022-01-24,1,3,72
2022-01-25,1,3,81
2022-01-26,1,3,77
2022-01-27,1,3,75
2022-01-28,1,3,107
2022-01-29,1,3,147
2022-01-30,1,3,132
2022-01-31,1,3,71
2022-02-01,1,3,86
2022-02-02,1,3,113
2022-02-03,1,3,111
2022-02-04,1,3,97
2022-02-05,1,3,119
2022-02-06,1,3,113
2022-02-07,1,3,83
2022-02-08,1,3,95
2022-02-09,1,3,97
2022-02-10,1,3,93
2022-02-11,1,3,108
2022-02-12,1,3,132
2022-02-13,1,3,140
2022-02-14,1,3,69
2022-02-15,1,3,123
2022-02-16,1,3,89
2022-02-17,1,3,116
2022-02-18,1,3,125
2022-02-19,1,3,130
2022-02-20,1,3,129
2022-02-21,1,3,88
2022-02-22,1,3,80
2022-02-23,1,3,110
2022-02-24,1,3,106
2022-02-25,1,3,123
2022-02-26,1,3,125
2022-02-27,1,3,124
2022-02-28,1,3,87
2022-03-01,1,3,97
2022-03-02,1,3,95
2022-03-03,1,3,100
2022-03-04,1,3,132
2022-03-05,1,3,167
2022-03-06,1,3,140
2022-03-07,1,3,89
2022-03-08,1,3,76
2022-03-09,1,3,107
2022-03-10,1,3,112
2022-03-11,1,3,133
2022-03-12,1,3,142
2022-03-13,1,3,137
2022-03-14,1,3,85
2022-03-15,1,3,127
2022-03-16,1,3,92
2022-03-17,1,3,110
2022-03-18,1,3,132
2022-03-19,1,3,123
2022-03-20,1,3,140
2022-03-21,1,3,66
2022-03-22,1,3,99
2022-03-23,1,3,82
2022-03-24,1,3,128
2022-03-25,1,3,112
2022-03-26,1,3,146
2022-03-27,1,3,121
2022-03-28,1,3,80
2022-03-29,1,3,87
2022-03-30,1,3,110
2022-03-31,1,3,112
2022-04-01,1,3,155
2022-04-02,1,3,156
2022-04-03,1,3,125
2022-04-04,1,3,81
2022-04-05,1,3,97
2022-04-06,1,3,114
2022-04-07,1,3,109
2022-04-08,1,3,123
2022-04-09,1,3,141
2022-04-10,1,3,108
2022-04-11,1,3,68
2022-04-12,1,3,90
2022-04-13,1,3,113
2022-04-14,1,3,121
2022-04-15,1,3,155
2022-04-16,1,3,139
2022-04-17,1,3,121
2022-04-18,1,3,81
2022-04-19,1,3,94
2022-04-20,1,3,107
2022-04-21,1,3,111
2022-04-22,1,3,113
2022-04-23,1,3,130
2022-04-24,1,3,108
2022-04-25,1,3,80
2022-04-26,1,3,96
2022-04-27,1,3,104
2022-04-28,1,3,95
2022-04-29,1,3,112
2022-04-30,1,3,152
2022-05-01,1,3,137
2022-05-02,1,3,86
2022-05-03,1,3,94
2022-05-04,1,3,110
2022-05-05,1,3,99
2022-05-06,1,3,108
2022-05-07,1,3,121
2022-05-08,1,3,107
2022-05-09,1,3,81
2022-05-10,1,3,89
2022-05-11,1,3,95
2022-05-12,1,3,94
2022-05-13,1,3,122
2022-05-14,1,3,124
2022-05-15,1,3,177
2022-05-16,1,3,69
2022-05-17,1,3,76
2022-05-18,1,3,108
2022-05-19,1,3,105
2022-05-20,1,3,126
2022-05-21,1,3,148
2022-05-22,1,3,116
2022-05-23,1,3,77
2022-05-24,1,3,93
2022-05-25,1,3,97
2022-05-26,1,3,108
2022-05-27,1,3,129
2022-05-28,1,3,123
2022-05-29,1,3,103
2022-05-30,1,3,92
2022-05-31,1,3,81
2022-06-01,1,3,104
2022-06-02,1,3,106
2022-06-03,1,3,118
2022-06-04,1,3,128
2022-06-05,1,3,114
2022-06-06,1,3,86
2022-06-07,1,3,92
2022-06-08,1,3,102
2022-06-09,1,3,103
2022-06-10,1,3,119
2022-06-11,1,3,136
2022-06-12,1,3,137
2022-06-13,1,3,74
2022-06-14,1,3,72
2022-06-15,1,3,119
2022-06-16,1,3,85
2022-06-17,1,3,120
2022-06-18,1,3,111
2022-06-19,1,3,116
2022-06-20,1,3,58
2022-06-21,1,3,79
2022-06-22,1,3,84
2022-06-23,1,3,97
2022-06-24,1,3,119
2022-06-25,1,3,130
2022-06-26,1,3,95
2022-06-27,1,3,79
2022-06-28,1,3,94
2022-06-29,1,3,86
2022-06-30,1,3,104
2022-07-01,1,3,125
2022-07-02,1,3,131
2022-07-03,1,3,129
2022-07-04,1,3,64
2022-07-05,1,3,75
2022-07-06,1,3,100
2022-07-07,1,3,101
2022-07-08,1,3,98
2022-07-09,1,3,120
2022-07-10,1,3,111
2022-07-11,1,3,70
2022-07-12,1,3,76
2022-07-13,1,3,90
2022-07-14,1,3,89
2022-07-15,1,3,132
2022-07-16,1,3,122
2022-07-17,1,3,124
2022-07-18,1,3,67
2022-07-19,1,3,81
2022-07-20,1,3,87
2022-07-21,1,3,109
2022-07-22,1,3,118
2022-07-23,1,3,157
2022-07-24,1,3,102
2022-07-25,1,3,69
2022-07-26,1,3,86
2022-07-27,1,3,76
2022-07-28,1,3,99
2022-07-29,1,3,110
2022-07-30,1,3,116
2022-07-31,1,3,117
2022-08-01,1,3,82
2022-08-02,1,3,88
2022-08-03,1,3,81
2022-08-04,1,3,92
2022-08-05,1,3,117
2022-08-06,1,3,118
2022-08-07,1,3,114
2022-08-08,1,3,60
2022-08-09,1,3,74
2022-08-10,1,3,89
2022-08-11,1,3,90
2022-08-12,1,3,103
2022-08-13,1,3,113
2022-08-14,1,3,132
2022-08-15,1,3,100
2022-08-16,1,3,86
2022-08-17,1,3,85
2022-08-18,1,3,91
2022-08-19,1,3,100
2022-08-20,1,3,104
2022-08-21,1,3,96
2022-08-22,1,3,69
2022-08-23,1,3,83
2022-08-24,1,3,92
2022-08-25,1,3,90
2022-08-26,1,3,99
2022-08-27,1,3,128
2022-08-28,1,3,122
2022-08-29,1,3,71
2022-08-30,1,3,79
2022-08-31,1,3,86
2022-09-01,1,3,116
2022-09-02,1,3,114
2022-09-03,1,3,116
2022-09-04,1,3,108
2022-09-05,1,3,77
2022-09-06,1,3,78
2022-09-07,1,3,80
2022-09-08,1,3,96
2022-09-09,1,3,82
2022-09-10,1,3,129
2022-09-11,1,3,114
2022-09-12,1,3,72
2022-09-13,1,3,84
2022-09-14,1,3,97
2022-09-15,1,3,100
2022-09-16,1,3,102
2022-09-17,1,3,137
2022-09-18,1,3,91
2022-09-19,1,3,72
2022-09-20,1,3,76
2022-09-21,1,3,120
2022-09-22,1,3,93
2022-09-23,1,3,103
2022-09-24,1,3,136
2022-09-25,1,3,115
2022-09-26,1,3,76
2022-09-27,1,3,76
2022-09-28,1,3,73
2022-09-29,1,3,86
2022-09-30,1,3,117
2022-10-01,1,3,128
2022-10-02,1,3,97
2022-10-03,1,3,61
2022-10-04,1,3,81
2022-10-05,1,3,70
2022-10-06,1,3,105
2022-10-07,1,3,110
2022-10-08,1,3,110
2022-10-09,1,3,113
2022-10-10,1,3,76
2022-10-11,1,3,75
2022-10-12,1,3,85
2022-10-13,1,3,75
2022-10-14,1,3,99
2022-10-15,1,3,140
2022-10-16,1,3,118
2022-10-17,1,3,74
2022-10-18,1,3,72
2022-10-19,1,3,88
2022-10-20,1,3,97
2022-10-21,1,3,105
2022-10-22,1,3,128
2022-10-23,1,3,113
2022-10-24,1,3,68
2022-10-25,1,3,68
2022-10-26,1,3,90
2022-10-27,1,3,87
2022-10-28,1,3,99
2022-10-29,1,3,126
2022-10-30,1,3,112
2022-10-31,1,3,61
2022-11-01,1,3,100
2022-11-02,1,3,75
2022-11-03,1,3,93
2022-11-04,1,3,112
2022-11-05,1,3,130
2022-11-06,1,3,104
2022-11-07,1,3,59
2022-11-08,1,3,87
2022-11-09,1,3,83
2022-11-10,1,3,91
2022-11-11,1,3,129
2022-11-12,1,3,124
2022-11-13,1,3,87
2022-11-14,1,3,81
2022-11-15,1,3,111
2022-11-16,1,3,89
2022-11-17,1,3,86
2022-11-18,1,3,98
2022-11-19,1,3,122
2022-11-20,1,3,124
2022-11-21,1,3,75
2022-11-22,1,3,83
2022-11-23,1,3,91
2022-11-24,1,3,78
2022-11-25,1,3,93
2022-11-26,1,3,139
2022-11-27,1,3,102
2022-11-28,1,3,66
2022-11-29,1,3,90
2022-11-30,1,3,88
2022-12-01,1,3,138
2022-12-02,1,3,113
2022-12-03,1,3,119
2022-12-04,1,3,129
2022-12-05,1,3,81
2022-12-06,1,3,83
2022-12-07,1,3,90
2022-12-08,1,3,105
2022-12-09,1,3,99
2022-12-10,1,3,109
2022-12-11,1,3,120
2022-12-12,1,3,65
2022-12-13,1,3,88
2022-12-14,1,3,102
2022-12-15,1,3,126
2022-12-16,1,3,105
2022-12-17,1,3,124
2022-12-18,1,3,119
2022-12-19,1,3,100
2022-12-20,1,3,82
2022-12-21,1,3,113
2022-12-22,1,3,109
2022-12-23,1,3,101
2022-12-24,1,3,155
2022-12-25,1,3,100
2022-12-26,1,3,63
2022-12-27,1,3,98
2022-12-28,1,3,106
2022-12-29,1,3,101
2022-12-30,1,3,107
2022-12-31,1,3,134
2023-01-01,1,3,160
2023-01-02,1,3,84
2023-01-03,1,3,94
2023-01-04,1,3,99
2023-01-05,1,3,107
2023-01-06,1,3,124
2023-01-07,1,3,128
2023-01-08,1,3,130
2023-01-09,1,3,88
2023-01-10,1,3,89
2023-01-11,1,3,107
2023-01-12,1,3,101
2023-01-13,1,3,148
2023-01-14,1,3,131
2023-01-15,1,3,175
2023-01-16,1,3,95
2023-01-17,1,3,93
2023-01-18,1,3,93
2023-01-19,1,3,109
2023-01-20,1,3,124
2023-01-21,1,3,126
2023-01-22,1,3,134
2023-01-23,1,3,89
2023-01-24,1,3,98
2023-01-25,1,3,124
2023-01-26,1,3,104
2023-01-27,1,3,137
2023-01-28,1,3,157
2023-01-29,1,3,137
2023-01-30,1,3,91
2023-01-31,1,3,109
2023-02-01,1,3,123
2023-02-02,1,3,107
2023-02-03,1,3,153
2023-02-04,1,3,152
2023-02-05,1,3,146
2023-02-06,1,3,90
2023-02-07,1,3,106
2023-02-08,1,3,113
2023-02-09,1,3,116
2023-02-10,1,3,132
2023-02-11,1,3,133
2023-02-12,1,3,122
2023-02-13,1,3,79
2023-02-14,1,3,96
2023-02-15,1,3,119
2023-02-16,1,3,122
2023-02-17,1,3,127
2023-02-18,1,3,157
2023-02-19,1,3,136
2023-02-20,1,3,84
2023-02-21,1,3,117
2023-02-22,1,3,109
2023-02-23,1,3,97
2023-02-24,1,3,128
2023-02-25,1,3,171
2023-02-26,1,3,157
2023-02-27,1,3,96
2023-02-28,1,3,103
2023-03-01,1,3,143
2023-03-02,1,3,113
2023-03-03,1,3,142
2023-03-04,1,3,170
2023-03-05,1,3,172
2023-03-06,1,3,83
2023-03-07,1,3,104
2023-03-08,1,3,118
2023-03-09,1,3,115
2023-03-10,1,3,136
2023-03-11,1,3,152
2023-03-12,1,3,139
2023-03-13,1,3,90
2023-03-14,1,3,102
2023-03-15,1,3,139
2023-03-16,1,3,118
2023-03-17,1,3,156
2023-03-18,1,3,158
2023-03-19,1,3,134
2023-03-20,1,3,72
2023-03-21,1,3,100
2023-03-22,1,3,125
2023-03-23,1,3,116
2023-03-24,1,3,142
2023-03-25,1,3,168
2023-03-26,1,3,149
2023-03-27,1,3,99
2023-03-28,1,3,109
2023-03-29,1,3,121
2023-03-30,1,3,139
2023-03-31,1,3,141
2023-04-01,1,3,192
2023-04-02,1,3,160
2023-04-03,1,3,85
2023-04-04,1,3,93
2023-04-05,1,3,111
2023-04-06,1,3,103
2023-04-07,1,3,146
2023-04-08,1,3,162
2023-04-09,1,3,148
2023-04-10,1,3,84
2023-04-11,1,3,129
2023-04-12,1,3,121
2023-04-13,1,3,116
2023-04-14,1,3,149
2023-04-15,1,3,192
2023-04-16,1,3,132
2023-04-17,1,3,89
2023-04-18,1,3,105
2023-04-19,1,3,118
2023-04-20,1,3,100
2023-04-21,1,3,158
2023-04-22,1,3,144
2023-04-23,1,3,144
2023-04-24,1,3,93
2023-04-25,1,3,93
2023-04-26,1,3,139
2023-04-27,1,3,117
2023-04-28,1,3,126
2023-04-29,1,3,143
2023-04-30,1,3,136
2023-05-01,1,3,101
2023-05-02,1,3,97
2023-05-03,1,3,121
2023-05-04,1,3,118
2023-05-05,1,3,132
2023-05-06,1,3,151
2023-05-07,1,3,131
2023-05-08,1,3,88
2023-05-09,1,3,90
2023-05-10,1,3,87
2023-05-11,1,3,134
2023-05-12,1,3,125
2023-05-13,1,3,169
2023-05-14,1,3,169
2023-05-15,1,3,110
2023-05-16,1,3,105
2023-05-17,1,3,111
2023-05-18,1,3,124
2023-05-19,1,3,165
2023-05-20,1,3,140
2023-05-21,1,3,143
2023-05-22,1,3,94
2023-05-23,1,3,114
2023-05-24,1,3,116
2023-05-25,1,3,127
2023-05-26,1,3,118
2023-05-27,1,3,156
2023-05-28,1,3,167
2023-05-29,1,3,80
2023-05-30,1,3,90
2023-05-31,1,3,101
2023-06-01,1,3,135
2023-06-02,1,3,136
2023-06-03,1,3,152
2023-06-04,1,3,125
2023-06-05,1,3,99
2023-06-06,1,3,92
2023-06-07,1,3,118
2023-06-08,1,3,110
2023-06-09,1,3,120
2023-06-10,1,3,160
2023-06-11,1,3,141
2023-06-12,1,3,87
2023-06-13,1,3,96
2023-06-14,1,3,100
2023-06-15,1,3,142
2023-06-16,1,3,120
2023-06-17,1,3,140
2023-06-18,1,3,132
2023-06-19,1,3,103
2023-06-20,1,3,121
2023-06-21,1,3,111
2023-06-22,1,3,120
2023-06-23,1,3,131
2023-06-24,1,3,146
2023-06-25,1,3,154
2023-06-26,1,3,89
2023-06-27,1,3,72
2023-06-28,1,3,89
2023-06-29,1,3,125
2023-06-30,1,3,138
2023-07-01,1,3,156
2023-07-02,1,3,124
2023-07-03,1,3,90
2023-07-04,1,3,104
2023-07-05,1,3,99
2023-07-06,1,3,113
2023-07-07,1,3,127
2023-07-08,1,3,141
2023-07-09,1,3,125
2023-07-10,1,3,90
2023-07-11,1,3,117
2023-07-12,1,3,95
2023-07-13,1,3,120
2023-07-14,1,3,119
2023-07-15,1,3,163
2023-07-16,1,3,116
2023-07-17,1,3,100
2023-07-18,1,3,92
2023-07-19,1,3,125
2023-07-20,1,3,96
2023-07-21,1,3,122
2023-07-22,1,3,134
2023-07-23,1,3,134
2023-07-24,1,3,85
2023-07-25,1,3,96
2023-07-26,1,3,117
2023-07-27,1,3,120
2023-07-28,1,3,116
2023-07-29,1,3,138
2023-07-30,1,3,127
2023-07-31,1,3,73
2023-08-01,1,3,90
2023-08-02,1,3,96
2023-08-03,1,3,98
2023-08-04,1,3,117
2023-08-05,1,3,128
2023-08-06,1,3,130
2023-08-07,1,3,109
2023-08-08,1,3,96
2023-08-09,1,3,82
2023-08-10,1,3,104
2023-08-11,1,3,117
2023-08-12,1,3,141
2023-08-13,1,3,117
2023-08-14,1,3,84
2023-08-15,1,3,124
2023-08-16,1,3,98
2023-08-17,1,3,97
2023-08-18,1,3,118
2023-08-19,1,3,141
2023-08-20,1,3,130
2023-08-21,1,3,82
2023-08-22,1,3,90
2023-08-23,1,3,103
2023-08-24,1,3,103
2023-08-25,1,3,102
2023-08-26,1,3,144
2023-08-27,1,3,143
2023-08-28,1,3,70
2023-08-29,1,3,99
2023-08-30,1,3,107
2023-08-31,1,3,102
2023-09-01,1,3,123
2023-09-02,1,3,119
2023-09-03,1,3,140
2023-09-04,1,3,62
2023-09-05,1,3,89
2023-09-06,1,3,110
2023-09-07,1,3,76
2023-09-08,1,3,120
2023-09-09,1,3,120
2023-09-10,1,3,103
2023-09-11,1,3,79
2023-09-12,1,3,92
2023-09-13,1,3,93
2023-09-14,1,3,95
2023-09-15,1,3,126
2023-09-16,1,3,132
2023-09-17,1,3,122
2023-09-18,1,3,88
2023-09-19,1,3,80
2023-09-20,1,3,99
2023-09-21,1,3,102
2023-09-22,1,3,110
2023-09-23,1,3,133
2023-09-24,1,3,125
2023-09-25,1,3,92
2023-09-26,1,3,88
2023-09-27,1,3,93
2023-09-28,1,3,104
2023-09-29,1,3,117
2023-09-30,1,3,124
2023-10-01,1,3,144
2023-10-02,1,3,75
2023-10-03,1,3,92
2023-10-04,1,3,105
2023-10-05,1,3,109
2023-10-06,1,3,115
2023-10-07,1,3,146
2023-10-08,1,3,100
2023-10-09,1,3,63
2023-10-10,1,3,99
2023-10-11,1,3,109
2023-10-12,1,3,96
2023-10-13,1,3,111
2023-10-14,1,3,126
2023-10-15,1,3,143
2023-10-16,1,3,88
2023-10-17,1,3,85
2023-10-18,1,3,120
2023-10-19,1,3,98
2023-10-20,1,3,114
2023-10-21,1,3,125
2023-10-22,1,3,118
2023-10-23,1,3,78
2023-10-24,1,3,90
2023-10-25,1,3,95
2023-10-26,1,3,96
2023-10-27,1,3,121
2023-10-28,1,3,135
2023-10-29,1,3,113
2023-10-30,1,3,89
2023-10-31,1,3,88
2023-11-01,1,3,120
2023-11-02,1,3,100
2023-11-03,1,3,129
2023-11-04,1,3,140
2023-11-05,1,3,117
2023-11-06,1,3,81
2023-11-07,1,3,99
2023-11-08,1,3,103
2023-11-09,1,3,112
2023-11-10,1,3,124
2023-11-11,1,3,121
2023-11-12,1,3,134
2023-11-13,1,3,86
2023-11-14,1,3,85
2023-11-15,1,3,97
2023-11-16,1,3,128
2023-11-17,1,3,129
2023-11-18,1,3,143
2023-11-19,1,3,126
2023-11-20,1,3,88
2023-11-21,1,3,92
2023-11-22,1,3,100
2023-11-23,1,3,106
2023-11-24,1,3,137
2023-11-25,1,3,151
2023-11-26,1,3,122
2023-11-27,1,3,70
2023-11-28,1,3,98
2023-11-29,1,3,93
2023-11-30,1,3,122
2023-12-01,1,3,147
2023-12-02,1,3,145
2023-12-03,1,3,137
2023-12-04,1,3,93
2023-12-05,1,3,100
2023-12-06,1,3,93
2023-12-07,1,3,102
2023-12-08,1,3,141
2023-12-09,1,3,151
2023-12-10,1,3,138
2023-12-11,1,3,96
2023-12-12,1,3,98
2023-12-13,1,3,95
2023-12-14,1,3,121
2023-12-15,1,3,174
2023-12-16,1,3,155
2023-12-17,1,3,140
2023-12-18,1,3,81
2023-12-19,1,3,107
2023-12-20,1,3,110
2023-12-21,1,3,106
2023-12-22,1,3,132
2023-12-23,1,3,159
2023-12-24,1,3,151
2023-12-25,1,3,93
2023-12-26,1,3,104
2023-12-27,1,3,107
2023-12-28,1,3,112
2023-12-29,1,3,121
2023-12-30,1,3,168
2023-12-31,1,3,149
2024-01-01,1,3,111
2024-01-02,1,3,97
2024-01-03,1,3,118
2024-01-04,1,3,116
2024-01-05,1,3,137
2024-01-06,1,3,137
2024-01-07,1,3,150
2024-01-08,1,3,80
2024-01-09,1,3,112
2024-01-10,1,3,139
2024-01-11,1,3,108
2024-01-12,1,3,141
2024-01-13,1,3,147
2024-01-14,1,3,140
2024-01-15,1,3,105
2024-01-16,1,3,113
2024-01-17,1,3,128
2024-01-18,1,3,116
2024-01-19,1,3,144
2024-01-20,1,3,164
2024-01-21,1,3,138
2024-01-22,1,3,89
2024-01-23,1,3,104
2024-01-24,1,3,104
2024-01-25,1,3,96
2024-01-26,1,3,145
2024-01-27,1,3,166
2024-01-28,1,3,137
2024-01-29,1,3,81
2024-01-30,1,3,108
2024-01-31,1,3,121
2024-02-01,1,3,188
2024-02-02,1,3,135
2024-02-03,1,3,153
2024-02-04,1,3,147
2024-02-05,1,3,92
2024-02-06,1,3,98
2024-02-07,1,3,110
2024-02-08,1,3,121
2024-02-09,1,3,145
2024-02-10,1,3,182
2024-02-11,1,3,151
2024-02-12,1,3,87
2024-02-13,1,3,111
2024-02-14,1,3,118
2024-02-15,1,3,160
2024-02-16,1,3,141
2024-02-17,1,3,183
2024-02-18,1,3,151
2024-02-19,1,3,100
2024-02-20,1,3,129
2024-02-21,1,3,131
2024-02-22,1,3,141
2024-02-23,1,3,160
2024-02-24,1,3,160
2024-02-25,1,3,171
2024-02-26,1,3,119
2024-02-27,1,3,134
2024-02-28,1,3,147
2024-02-29,1,3,156
2024-03-01,1,3,178
2024-03-02,1,3,178
2024-03-03,1,3,165
2024-03-04,1,3,94
2024-03-05,1,3,104
2024-03-06,1,3,131
2024-03-07,1,3,124
2024-03-08,1,3,119
2024-03-09,1,3,186
2024-03-10,1,3,159
2024-03-11,1,3,93
2024-03-12,1,3,126
2024-03-13,1,3,121
2024-03-14,1,3,114
2024-03-15,1,3,181
2024-03-16,1,3,166
2024-03-17,1,3,140
2024-03-18,1,3,106
2024-03-19,1,3,122
2024-03-20,1,3,133
2024-03-21,1,3,138
2024-03-22,1,3,139
2024-03-23,1,3,157
2024-03-24,1,3,184
2024-03-25,1,3,105
2024-03-26,1,3,117
2024-03-27,1,3,130
2024-03-28,1,3,142
2024-03-29,1,3,154
2024-03-30,1,3,186
2024-03-31,1,3,156
2024-04-01,1,3,128
2024-04-02,1,3,127
2024-04-03,1,3,132
2024-04-04,1,3,146
2024-04-05,1,3,134
2024-04-06,1,3,163
2024-04-07,1,3,144
2024-04-08,1,3,104
2024-04-09,1,3,127
2024-04-10,1,3,121
2024-04-11,1,3,125
2024-04-12,1,3,138
2024-04-13,1,3,167
2024-04-14,1,3,172
2024-04-15,1,3,130
2024-04-16,1,3,114
2024-04-17,1,3,101
2024-04-18,1,3,136
2024-04-19,1,3,158
2024-04-20,1,3,176
2024-04-21,1,3,143
2024-04-22,1,3,112
2024-04-23,1,3,117
2024-04-24,1,3,130
2024-04-25,1,3,127
2024-04-26,1,3,152
2024-04-27,1,3,163
2024-04-28,1,3,141
2024-04-29,1,3,104
2024-04-30,1,3,139
2024-05-01,1,3,138
2024-05-02,1,3,143
2024-05-03,1,3,138
2024-05-04,1,3,154
2024-05-05,1,3,143
2024-05-06,1,3,97
2024-05-07,1,3,123
2024-05-08,1,3,138
2024-05-09,1,3,138
2024-05-10,1,3,150
2024-05-11,1,3,176
2024-05-12,1,3,181
2024-05-13,1,3,97
2024-05-14,1,3,102
2024-05-15,1,3,150
2024-05-16,1,3,142
2024-05-17,1,3,149
2024-05-18,1,3,164
2024-05-19,1,3,166
2024-05-20,1,3,100
2024-05-21,1,3,110
2024-05-22,1,3,118
2024-05-23,1,3,160
2024-05-24,1,3,146
2024-05-25,1,3,167
2024-05-26,1,3,144
2024-05-27,1,3,97
2024-05-28,1,3,119
2024-05-29,1,3,118
2024-05-30,1,3,119
2024-05-31,1,3,124
2024-06-01,1,3,216
2024-06-02,1,3,136
2024-06-03,1,3,105
2024-06-04,1,3,102
2024-06-05,1,3,147
2024-06-06,1,3,108
2024-06-07,1,3,128
2024-06-08,1,3,157
2024-06-09,1,3,159
2024-06-10,1,3,92
2024-06-11,1,3,102
2024-06-12,1,3,111
2024-06-13,1,3,148
2024-06-14,1,3,157
2024-06-15,1,3,155
2024-06-16,1,3,157
2024-06-17,1,3,89
2024-06-18,1,3,128
2024-06-19,1,3,124
2024-06-20,1,3,117
2024-06-21,1,3,155
2024-06-22,1,3,161
2024-06-23,1,3,160
2024-06-24,1,3,102
2024-06-25,1,3,100
2024-06-26,1,3,126
2024-06-27,1,3,130
2024-06-28,1,3,153
2024-06-29,1,3,151
2024-06-30,1,3,128
2024-07-01,1,3,107
2024-07-02,1,3,111
2024-07-03,1,3,127
2024-07-04,1,3,118
2024-07-05,1,3,141
2024-07-06,1,3,131
2024-07-07,1,3,133
2024-07-08,1,3,98
2024-07-09,1,3,125
2024-07-10,1,3,108
2024-07-11,1,3,152
2024-07-12,1,3,140
2024-07-13,1,3,141
2024-07-14,1,3,151
2024-07-15,1,3,110
2024-07-16,1,3,103
2024-07-17,1,3,115
2024-07-18,1,3,131
2024-07-19,1,3,139
2024-07-20,1,3,158
2024-07-21,1,3,128
2024-07-22,1,3,85
2024-07-23,1,3,95
2024-07-24,1,3,126
2024-07-25,1,3,97
2024-07-26,1,3,154
2024-07-27,1,3,160
2024-07-28,1,3,148
2024-07-29,1,3,107
2024-07-30,1,3,96
2024-07-31,1,3,119
2024-08-01,1,3,128
2024-08-02,1,3,141
2024-08-03,1,3,143
2024-08-04,1,3,132
2024-08-05,1,3,71
2024-08-06,1,3,102
2024-08-07,1,3,138
2024-08-08,1,3,110
2024-08-09,1,3,148
2024-08-10,1,3,132
2024-08-11,1,3,118
2024-08-12,1,3,95
2024-08-13,1,3,99
2024-08-14,1,3,111
2024-08-15,1,3,146
2024-08-16,1,3,135
2024-08-17,1,3,175
2024-08-18,1,3,147
2024-08-19,1,3,100
2024-08-20,1,3,96
2024-08-21,1,3,89
2024-08-22,1,3,126
2024-08-23,1,3,130
2024-08-24,1,3,172
2024-08-25,1,3,142
2024-08-26,1,3,79
2024-08-27,1,3,101
2024-08-28,1,3,109
2024-08-29,1,3,110
2024-08-30,1,3,109
2024-08-31,1,3,143
2024-09-01,1,3,155
2024-09-02,1,3,77
2024-09-03,1,3,90
2024-09-04,1,3,107
2024-09-05,1,3,123
2024-09-06,1,3,116
2024-09-07,1,3,144
2024-09-08,1,3,141
2024-09-09,1,3,97
2024-09-10,1,3,74
2024-09-11,1,3,104
2024-09-12,1,3,121
2024-09-13,1,3,141
2024-09-14,1,3,138
2024-09-15,1,3,157
2024-09-16,1,3,86
2024-09-17,1,3,91
2024-09-18,1,3,113
2024-09-19,1,3,116
2024-09-20,1,3,133
2024-09-21,1,3,129
2024-09-22,1,3,121
2024-09-23,1,3,66
2024-09-24,1,3,80
2024-09-25,1,3,107
2024-09-26,1,3,112
2024-09-27,1,3,131
2024-09-28,1,3,142
2024-09-29,1,3,121
2024-09-30,1,3,75
2024-10-01,1,3,113
2024-10-02,1,3,100
2024-10-03,1,3,110
2024-10-04,1,3,138
2024-10-05,1,3,142
2024-10-06,1,3,142
2024-10-07,1,3,76
2024-10-08,1,3,94
2024-10-09,1,3,113
2024-10-10,1,3,90
2024-10-11,1,3,132
2024-10-12,1,3,157
2024-10-13,1,3,141
2024-10-14,1,3,71
2024-10-15,1,3,130
2024-10-16,1,3,102
2024-10-17,1,3,114
2024-10-18,1,3,131
2024-10-19,1,3,124
2024-10-20,1,3,135
2024-10-21,1,3,93
2024-10-22,1,3,93
2024-10-23,1,3,102
2024-10-24,1,3,121
2024-10-25,1,3,139
2024-10-26,1,3,141
2024-10-27,1,3,141
2024-10-28,1,3,104
2024-10-29,1,3,108
2024-10-30,1,3,88
2024-10-31,1,3,100
2024-11-01,1,3,158
2024-11-02,1,3,141
2024-11-03,1,3,129
2024-11-04,1,3,92
2024-11-05,1,3,91
2024-11-06,1,3,123
2024-11-07,1,3,111
2024-11-08,1,3,109
2024-11-09,1,3,161
2024-11-10,1,3,125
2024-11-11,1,3,82
2024-11-12,1,3,87
2024-11-13,1,3,114
2024-11-14,1,3,118
2024-11-15,1,3,153
2024-11-16,1,3,153
2024-11-17,1,3,142
2024-11-18,1,3,91
2024-11-19,1,3,104
2024-11-20,1,3,109
2024-11-21,1,3,119
2024-11-22,1,3,125
2024-11-23,1,3,176
2024-11-24,1,3,132
2024-11-25,1,3,92
2024-11-26,1,3,103
2024-11-27,1,3,116
2024-11-28,1,3,127
2024-11-29,1,3,127
2024-11-30,1,3,153
2024-12-01,1,3,170
2024-12-02,1,3,81
2024-12-03,1,3,106
2024-12-04,1,3,112
2024-12-05,1,3,133
2024-12-06,1,3,115
2024-12-07,1,3,157
2024-12-08,1,3,177
2024-12-09,1,3,81
2024-12-10,1,3,94
2024-12-11,1,3,114
2024-12-12,1,3,129
2024-12-13,1,3,146
2024-12-14,1,3,163
2024-12-15,1,3,172
2024-12-16,1,3,83
2024-12-17,1,3,103
2024-12-18,1,3,114
2024-12-19,1,3,119
2024-12-20,1,3,171
2024-12-21,1,3,174
2024-12-22,1,3,131
2024-12-23,1,3,100
2024-12-24,1,3,104
2024-12-25,1,3,115
2024-12-26,1,3,116
2024-12-27,1,3,146
2024-12-28,1,3,175
2024-12-29,1,3,163
2024-12-30,1,3,105
2024-12-31,1,3,125
2022-01-01,2,1,135
2022-01-02,2,1,99
2022-01-03,2,1,56
2022-01-04,2,1,81
2022-01-05,2,1,99
2022-01-06,2,1,84
2022-01-07,2,1,89
2022-01-08,2,1,96
2022-01-09,2,1,104
2022-01-10,2,1,58
2022-01-11,2,1,57
2022-01-12,2,1,73
2022-01-13,2,1,90
2022-01-14,2,1,107
2022-01-15,2,1,127
2022-01-16,2,1,93
2022-01-17,2,1,73
2022-01-18,2,1,89
2022-01-19,2,1,75
2022-01-20,2,1,96
2022-01-21,2,1,104
2022-01-22,2,1,108
2022-01-23,2,1,99
2022-01-24,2,1,72
2022-01-25,2,1,63
2022-01-26,2,1,71
2022-01-27,2,1,76
2022-01-28,2,1,107
2022-01-29,2,1,121
2022-01-30,2,1,93
2022-01-31,2,1,87
2022-02-01,2,1,100
2022-02-02,2,1,75
2022-02-03,2,1,84
2022-02-04,2,1,92
2022-02-05,2,1,119
2022-02-06,2,1,109
2022-02-07,2,1,68
2022-02-08,2,1,77
2022-02-09,2,1,83
2022-02-10,2,1,91
2022-02-11,2,1,109
2022-02-12,2,1,142
2022-02-13,2,1,115
2022-02-14,2,1,66
2022-02-15,2,1,86
2022-02-16,2,1,81
2022-02-17,2,1,90
2022-02-18,2,1,110
2022-02-19,2,1,114
2022-02-20,2,1,103
2022-02-21,2,1,64
2022-02-22,2,1,68
2022-02-23,2,1,85
2022-02-24,2,1,80
2022-02-25,2,1,108
2022-02-26,2,1,96
2022-02-27,2,1,119
2022-02-28,2,1,81
2022-03-01,2,1,96
2022-03-02,2,1,82
2022-03-03,2,1,76
2022-03-04,2,1,97
2022-03-05,2,1,128
2022-03-06,2,1,95
2022-03-07,2,1,81
2022-03-08,2,1,76
2022-03-09,2,1,88
2022-03-10,2,1,94
2022-03-11,2,1,124
2022-03-12,2,1,108
2022-03-13,2,1,109
2022-03-14,2,1,67
2022-03-15,2,1,90
2022-03-16,2,1,97
2022-03-17,2,1,80
2022-03-18,2,1,105
2022-03-19,2,1,117
2022-03-20,2,1,107
2022-03-21,2,1,80
2022-03-22,2,1,87
2022-03-23,2,1,95
2022-03-24,2,1,84
2022-03-25,2,1,104
2022-03-26,2,1,122
2022-03-27,2,1,117
2022-03-28,2,1,82
2022-03-29,2,1,67
2022-03-30,2,1,79
2022-03-31,2,1,115
2022-04-01,2,1,118
2022-04-02,2,1,128
2022-04-03,2,1,105
2022-04-04,2,1,85
2022-04-05,2,1,89
2022-04-06,2,1,97
2022-04-07,2,1,91
2022-04-08,2,1,104
2022-04-09,2,1,113
2022-04-10,2,1,108
2022-04-11,2,1,79
2022-04-12,2,1,91
2022-04-13,2,1,84
2022-04-14,2,1,83
2022-04-15,2,1,125
2022-04-16,2,1,127
2022-04-17,2,1,103
2022-04-18,2,1,71
2022-04-19,2,1,66
2022-04-20,2,1,90
2022-04-21,2,1,84
2022-04-22,2,1,94
2022-04-23,2,1,132
2022-04-24,2,1,122
2022-04-25,2,1,67
2022-04-26,2,1,83
2022-04-27,2,1,88
2022-04-28,2,1,102
2022-04-29,2,1,97
2022-04-30,2,1,109
2022-05-01,2,1,136
2022-05-02,2,1,67
2022-05-03,2,1,73
2022-05-04,2,1,85
2022-05-05,2,1,93
2022-05-06,2,1,90
2022-05-07,2,1,98
2022-05-08,2,1,116
2022-05-09,2,1,64
2022-05-10,2,1,83
2022-05-11,2,1,89
2022-05-12,2,1,87
2022-05-13,2,1,102
2022-05-14,2,1,118
2022-05-15,2,1,149
2022-05-16,2,1,79
2022-05-17,2,1,86
2022-05-18,2,1,101
2022-05-19,2,1,95
2022-05-20,2,1,103
2022-05-21,2,1,113
2022-05-22,2,1,107
2022-05-23,2,1,65
2022-05-24,2,1,69
2022-05-25,2,1,71
2022-05-26,2,1,80
2022-05-27,2,1,95
2022-05-28,2,1,128
2022-05-29,2,1,118
2022-05-30,2,1,65
2022-05-31,2,1,82
2022-06-01,2,1,91
2022-06-02,2,1,91
2022-06-03,2,1,91
2022-06-04,2,1,113
2022-06-05,2,1,113
2022-06-06,2,1,68
2022-06-07,2,1,73
2022-06-08,2,1,82
2022-06-09,2,1,72
2022-06-10,2,1,105
2022-06-11,2,1,154
2022-06-12,2,1,99
2022-06-13,2,1,71
2022-06-14,2,1,82
2022-06-15,2,1,95
2022-06-16,2,1,89
2022-06-17,2,1,97
2022-06-18,2,1,110
2022-06-19,2,1,100
2022-06-20,2,1,63
2022-06-21,2,1,74
2022-06-22,2,1,85
2022-06-23,2,1,84
2022-06-24,2,1,86
2022-06-25,2,1,116
2022-06-26,2,1,92
2022-06-27,2,1,65
2022-06-28,2,1,76
2022-06-29,2,1,68
2022-06-30,2,1,92
2022-07-01,2,1,142
2022-07-02,2,1,121
2022-07-03,2,1,109
2022-07-04,2,1,51
2022-07-05,2,1,78
2022-07-06,2,1,100
2022-07-07,2,1,94
2022-07-08,2,1,89
2022-07-09,2,1,105
2022-07-10,2,1,92
2022-07-11,2,1,67
2022-07-12,2,1,68
2022-07-13,2,1,73
2022-07-14,2,1,62
2022-07-15,2,1,90
2022-07-16,2,1,110
2022-07-17,2,1,122
2022-07-18,2,1,65
2022-07-19,2,1,72
2022-07-20,2,1,60
2022-07-21,2,1,75
2022-07-22,2,1,78
2022-07-23,2,1,97
2022-07-24,2,1,104
2022-07-25,2,1,46
2022-07-26,2,1,60
2022-07-27,2,1,67
2022-07-28,2,1,99
2022-07-29,2,1,85
2022-07-30,2,1,84
2022-07-31,2,1,101
2022-08-01,2,1,73
2022-08-02,2,1,63
2022-08-03,2,1,76
2022-08-04,2,1,81
2022-08-05,2,1,97
2022-08-06,2,1,128
2022-08-07,2,1,114
2022-08-08,2,1,66
2022-08-09,2,1,67
2022-08-10,2,1,90
2022-08-11,2,1,82
2022-08-12,2,1,87
2022-08-13,2,1,113
2022-08-14,2,1,92
2022-08-15,2,1,82
2022-08-16,2,1,78
2022-08-17,2,1,68
2022-08-18,2,1,78
2022-08-19,2,1,87
2022-08-20,2,1,99
2022-08-21,2,1,98
2022-08-22,2,1,64
2022-08-23,2,1,74
2022-08-24,2,1,78
2022-08-25,2,1,91
2022-08-26,2,1,98
2022-08-27,2,1,93
2022-08-28,2,1,102
2022-08-29,2,1,77
2022-08-30,2,1,66
2022-08-31,2,1,63
2022-09-01,2,1,109
2022-09-02,2,1,107
2022-09-03,2,1,98
2022-09-04,2,1,103
2022-09-05,2,1,91
2022-09-06,2,1,71
2022-09-07,2,1,86
2022-09-08,2,1,73
2022-09-09,2,1,71
2022-09-10,2,1,88
2022-09-11,2,1,99
2022-09-12,2,1,72
2022-09-13,2,1,79
2022-09-14,2,1,76
2022-09-15,2,1,78
2022-09-16,2,1,94
2022-09-17,2,1,103
2022-09-18,2,1,93
2022-09-19,2,1,58
2022-09-20,2,1,62
2022-09-21,2,1,71
2022-09-22,2,1,72
2022-09-23,2,1,84
2022-09-24,2,1,97
2022-09-25,2,1,107
2022-09-26,2,1,69
2022-09-27,2,1,64
2022-09-28,2,1,78
2022-09-29,2,1,87
2022-09-30,2,1,94
2022-10-01,2,1,128
2022-10-02,2,1,104
2022-10-03,2,1,50
2022-10-04,2,1,62
2022-10-05,2,1,76
2022-10-06,2,1,63
2022-10-07,2,1,92
2022-10-08,2,1,108
2022-10-09,2,1,88
2022-10-10,2,1,63
2022-10-11,2,1,62
2022-10-12,2,1,54
2022-10-13,2,1,70
2022-10-14,2,1,79
2022-10-15,2,1,104
2022-10-16,2,1,98
2022-10-17,2,1,57
2022-10-18,2,1,67
2022-10-19,2,1,79
2022-10-20,2,1,89
2022-10-21,2,1,105
2022-10-22,2,1,116
2022-10-23,2,1,92
2022-10-24,2,1,63
2022-10-25,2,1,73
2022-10-26,2,1,61
2022-10-27,2,1,78
2022-10-28,2,1,86
2022-10-29,2,1,89
2022-10-30,2,1,108
2022-10-31,2,1,55
2022-11-01,2,1,74
2022-11-02,2,1,91
2022-11-03,2,1,84
2022-11-04,2,1,92
2022-11-05,2,1,111
2022-11-06,2,1,90
2022-11-07,2,1,58
2022-11-08,2,1,92
2022-11-09,2,1,86
2022-11-10,2,1,65
2022-11-11,2,1,104
2022-11-12,2,1,122
2022-11-13,2,1,85
2022-11-14,2,1,61
2022-11-15,2,1,85
2022-11-16,2,1,82
2022-11-17,2,1,93
2022-11-18,2,1,93
2022-11-19,2,1,101
2022-11-20,2,1,102
2022-11-21,2,1,52
2022-11-22,2,1,69
2022-11-23,2,1,73
2022-11-24,2,1,82
2022-11-25,2,1,90
2022-11-26,2,1,104
2022-11-27,2,1,96
2022-11-28,2,1,69
2022-11-29,2,1,64
2022-11-30,2,1,78
2022-12-01,2,1,94
2022-12-02,2,1,81
2022-12-03,2,1,107
2022-12-04,2,1,76
2022-12-05,2,1,62
2022-12-06,2,1,99
2022-12-07,2,1,82
2022-12-08,2,1,72
2022-12-09,2,1,98
2022-12-10,2,1,128
2022-12-11,2,1,108
2022-12-12,2,1,73
2022-12-13,2,1,75
2022-12-14,2,1,80
2022-12-15,2,1,118
2022-12-16,2,1,97
2022-12-17,2,1,127
2022-12-18,2,1,103
2022-12-19,2,1,65
2022-12-20,2,1,77
2022-12-21,2,1,80
2022-12-22,2,1,87
2022-12-23,2,1,96
2022-12-24,2,1,132
2022-12-25,2,1,125
2022-12-26,2,1,81
2022-12-27,2,1,71
2022-12-28,2,1,102
2022-12-29,2,1,94
2022-12-30,2,1,103
2022-12-31,2,1,120
2023-01-01,2,1,131
2023-01-02,2,1,90
2023-01-03,2,1,71
2023-01-04,2,1,69
2023-01-05,2,1,107
2023-01-06,2,1,107
2023-01-07,2,1,116
2023-01-08,2,1,101
2023-01-09,2,1,68
2023-01-10,2,1,76
2023-01-11,2,1,91
2023-01-12,2,1,99
2023-01-13,2,1,93
2023-01-14,2,1,118
2023-01-15,2,1,127
2023-01-16,2,1,63
2023-01-17,2,1,74
2023-01-18,2,1,84
2023-01-19,2,1,116
2023-01-20,2,1,102
2023-01-21,2,1,129
2023-01-22,2,1,99
2023-01-23,2,1,79
2023-01-24,2,1,77
2023-01-25,2,1,86
2023-01-26,2,1,109
2023-01-27,2,1,110
2023-01-28,2,1,121
2023-01-29,2,1,107
2023-01-30,2,1,69
2023-01-31,2,1,73
2023-02-01,2,1,124
2023-02-02,2,1,99
2023-02-03,2,1,105
2023-02-04,2,1,121
2023-02-05,2,1,97
2023-02-06,2,1,74
2023-02-07,2,1,70
2023-02-08,2,1,102
2023-02-09,2,1,130
2023-02-10,2,1,98
2023-02-11,2,1,132
2023-02-12,2,1,101
2023-02-13,2,1,88
2023-02-14,2,1,90
2023-02-15,2,1,111
2023-02-16,2,1,93
2023-02-17,2,1,115
2023-02-18,2,1,137
2023-02-19,2,1,110
2023-02-20,2,1,66
2023-02-21,2,1,87
2023-02-22,2,1,108
2023-02-23,2,1,106
2023-02-24,2,1,130
2023-02-25,2,1,149
2023-02-26,2,1,121
2023-02-27,2,1,83
2023-02-28,2,1,77
2023-03-01,2,1,115
2023-03-02,2,1,89
2023-03-03,2,1,112
2023-03-04,2,1,128
2023-03-05,2,1,109
2023-03-06,2,1,82
2023-03-07,2,1,93
2023-03-08,2,1,90
2023-03-09,2,1,99
2023-03-10,2,1,109
2023-03-11,2,1,126
2023-03-12,2,1,118
2023-03-13,2,1,74
2023-03-14,2,1,86
2023-03-15,2,1,116
2023-03-16,2,1,96
2023-03-17,2,1,118
2023-03-18,2,1,137
2023-03-19,2,1,123
2023-03-20,2,1,95
2023-03-21,2,1,79
2023-03-22,2,1,93
2023-03-23,2,1,107
2023-03-24,2,1,123
2023-03-25,2,1,131
2023-03-26,2,1,109
2023-03-27,2,1,88
2023-03-28,2,1,91
2023-03-29,2,1,107
2023-03-30,2,1,85
2023-03-31,2,1,109
2023-04-01,2,1,166
2023-04-02,2,1,139
2023-04-03,2,1,94
2023-04-04,2,1,99
2023-04-05,2,1,111
2023-04-06,2,1,107
2023-04-07,2,1,111
2023-04-08,2,1,121
2023-04-09,2,1,126
2023-04-10,2,1,81
2023-04-11,2,1,110
2023-04-12,2,1,103
2023-04-13,2,1,98
2023-04-14,2,1,122
2023-04-15,2,1,151
2023-04-16,2,1,108
2023-04-17,2,1,98
2023-04-18,2,1,104
2023-04-19,2,1,103
2023-04-20,2,1,121
2023-04-21,2,1,125
2023-04-22,2,1,134
2023-04-23,2,1,129
2023-04-24,2,1,94
2023-04-25,2,1,72
2023-04-26,2,1,94
2023-04-27,2,1,112
2023-04-28,2,1,121
2023-04-29,2,1,125
2023-04-30,2,1,140
2023-05-01,2,1,99
2023-05-02,2,1,89
2023-05-03,2,1,92
2023-05-04,2,1,100
2023-05-05,2,1,120
2023-05-06,2,1,136
2023-05-07,2,1,135
2023-05-08,2,1,81
2023-05-09,2,1,79
2023-05-10,2,1,91
2023-05-11,2,1,112
2023-05-12,2,1,119
2023-05-13,2,1,157
2023-05-14,2,1,104
2023-05-15,2,1,93
2023-05-16,2,1,71
2023-05-17,2,1,90
2023-05-18,2,1,101
2023-05-19,2,1,124
2023-05-20,2,1,145
2023-05-21,2,1,135
2023-05-22,2,1,72
2023-05-23,2,1,86
2023-05-24,2,1,97
2023-05-25,2,1,125
2023-05-26,2,1,125
2023-05-27,2,1,139
2023-05-28,2,1,120
2023-05-29,2,1,77
2023-05-30,2,1,85
2023-05-31,2,1,100
2023-06-01,2,1,111
2023-06-02,2,1,91
2023-06-03,2,1,125
2023-06-04,2,1,115
2023-06-05,2,1,74
2023-06-06,2,1,87
2023-06-07,2,1,93
2023-06-08,2,1,89
2023-06-09,2,1,97
2023-06-10,2,1,124
2023-06-11,2,1,108
2023-06-12,2,1,72
2023-06-13,2,1,83
2023-06-14,2,1,75
2023-06-15,2,1,102
2023-06-16,2,1,125
2023-06-17,2,1,112
2023-06-18,2,1,139
2023-06-19,2,1,86
2023-06-20,2,1,74
2023-06-21,2,1,96
2023-06-22,2,1,104
2023-06-23,2,1,124
2023-06-24,2,1,150
2023-06-25,2,1,118
2023-06-26,2,1,76
2023-06-27,2,1,86
2023-06-28,2,1,94
2023-06-29,2,1,92
2023-06-30,2,1,84
2023-07-01,2,1,136
2023-07-02,2,1,109
2023-07-03,2,1,80
2023-07-04,2,1,89
2023-07-05,2,1,87
2023-07-06,2,1,92
2023-07-07,2,1,118
2023-07-08,2,1,143
2023-07-09,2,1,105
2023-07-10,2,1,76
2023-07-11,2,1,82
2023-07-12,2,1,89
2023-07-13,2,1,90
2023-07-14,2,1,103
2023-07-15,2,1,150
2023-07-16,2,1,123
2023-07-17,2,1,74
2023-07-18,2,1,93
2023-07-19,2,1,92
2023-07-20,2,1,109
2023-07-21,2,1,106
2023-07-22,2,1,113
2023-07-23,2,1,93
2023-07-24,2,1,58
2023-07-25,2,1,75
2023-07-26,2,1,93
2023-07-27,2,1,94
2023-07-28,2,1,109
2023-07-29,2,1,117
2023-07-30,2,1,127
2023-07-31,2,1,72
2023-08-01,2,1,102
2023-08-02,2,1,84
2023-08-03,2,1,70
2023-08-04,2,1,88
2023-08-05,2,1,128
2023-08-06,2,1,129
2023-08-07,2,1,83
2023-08-08,2,1,78
2023-08-09,2,1,100
2023-08-10,2,1,85
2023-08-11,2,1,89
2023-08-12,2,1,102
2023-08-13,2,1,123
2023-08-14,2,1,75
2023-08-15,2,1,105
2023-08-16,2,1,74
2023-08-17,2,1,86
2023-08-18,2,1,106
2023-08-19,2,1,121
2023-08-20,2,1,112
2023-08-21,2,1,75
2023-08-22,2,1,78
2023-08-23,2,1,83
2023-08-24,2,1,71
2023-08-25,2,1,96
2023-08-26,2,1,113
2023-08-27,2,1,109
2023-08-28,2,1,65
2023-08-29,2,1,78
2023-08-30,2,1,94
2023-08-31,2,1,83
2023-09-01,2,1,132
2023-09-02,2,1,110
2023-09-03,2,1,117
2023-09-04,2,1,63
2023-09-05,2,1,61
2023-09-06,2,1,84
2023-09-07,2,1,89
2023-09-08,2,1,112
2023-09-09,2,1,107
2023-09-10,2,1,96
2023-09-11,2,1,72
2023-09-12,2,1,78
2023-09-13,2,1,88
2023-09-14,2,1,77
2023-09-15,2,1,108
2023-09-16,2,1,99
2023-09-17,2,1,105
2023-09-18,2,1,50
2023-09-19,2,1,82
2023-09-20,2,1,83
2023-09-21,2,1,96
2023-09-22,2,1,109
2023-09-23,2,1,136
2023-09-24,2,1,104
2023-09-25,2,1,66
2023-09-26,2,1,89
2023-09-27,2,1,64
2023-09-28,2,1,83
2023-09-29,2,1,87
2023-09-30,2,1,115
2023-10-01,2,1,117
2023-10-02,2,1,50
2023-10-03,2,1,82
2023-10-04,2,1,82
2023-10-05,2,1,95
2023-10-06,2,1,119
2023-10-07,2,1,106
2023-10-08,2,1,109
2023-10-09,2,1,69
2023-10-10,2,1,82
2023-10-11,2,1,80
2023-10-12,2,1,75
2023-10-13,2,1,97
2023-10-14,2,1,114
2023-10-15,2,1,119
2023-10-16,2,1,77
2023-10-17,2,1,70
2023-10-18,2,1,79
2023-10-19,2,1,98
2023-10-20,2,1,102
2023-10-21,2,1,104
2023-10-22,2,1,99
2023-10-23,2,1,72
2023-10-24,2,1,80
2023-10-25,2,1,87
2023-10-26,2,1,93
2023-10-27,2,1,95
2023-10-28,2,1,113
2023-10-29,2,1,111
2023-10-30,2,1,71
2023-10-31,2,1,77
2023-11-01,2,1,105
2023-11-02,2,1,94
2023-11-03,2,1,110
2023-11-04,2,1,96
2023-11-05,2,1,110
2023-11-06,2,1,70
2023-11-07,2,1,76
2023-11-08,2,1,101
2023-11-09,2,1,111
2023-11-10,2,1,92
2023-11-11,2,1,133
2023-11-12,2,1,124
2023-11-13,2,1,54
2023-11-14,2,1,69
2023-11-15,2,1,97
2023-11-16,2,1,79
2023-11-17,2,1,120
2023-11-18,2,1,115
2023-11-19,2,1,104
2023-11-20,2,1,84
2023-11-21,2,1,81
2023-11-22,2,1,95
2023-11-23,2,1,102
2023-11-24,2,1,124
2023-11-25,2,1,120
2023-11-26,2,1,104
2023-11-27,2,1,84
2023-11-28,2,1,66
2023-11-29,2,1,99
2023-11-30,2,1,96
2023-12-01,2,1,125
2023-12-02,2,1,108
2023-12-03,2,1,100
2023-12-04,2,1,81
2023-12-05,2,1,88
2023-12-06,2,1,106
2023-12-07,2,1,99
2023-12-08,2,1,129
2023-12-09,2,1,115
2023-12-10,2,1,126
2023-12-11,2,1,81
2023-12-12,2,1,86
2023-12-13,2,1,107
2023-12-14,2,1,89
2023-12-15,2,1,136
2023-12-16,2,1,125
2023-12-17,2,1,137
2023-12-18,2,1,63
2023-12-19,2,1,76
2023-12-20,2,1,96
2023-12-21,2,1,86
2023-12-22,2,1,115
2023-12-23,2,1,126
2023-12-24,2,1,146
2023-12-25,2,1,75
2023-12-26,2,1,83
2023-12-27,2,1,110
2023-12-28,2,1,120
2023-12-29,2,1,118
2023-12-30,2,1,136
2023-12-31,2,1,101
2024-01-01,2,1,103
2024-01-02,2,1,105
2024-01-03,2,1,94
2024-01-04,2,1,92
2024-01-05,2,1,122
2024-01-06,2,1,106
2024-01-07,2,1,135
2024-01-08,2,1,77
2024-01-09,2,1,87
2024-01-10,2,1,97
2024-01-11,2,1,100
2024-01-12,2,1,98
2024-01-13,2,1,138
2024-01-14,2,1,116
2024-01-15,2,1,101
2024-01-16,2,1,93
2024-01-17,2,1,94
2024-01-18,2,1,105
2024-01-19,2,1,110
2024-01-20,2,1,136
2024-01-21,2,1,122
2024-01-22,2,1,82
2024-01-23,2,1,76
2024-01-24,2,1,117
2024-01-25,2,1,106
2024-01-26,2,1,129
2024-01-27,2,1,134
2024-01-28,2,1,126
2024-01-29,2,1,98
2024-01-30,2,1,85
2024-01-31,2,1,91
2024-02-01,2,1,111
2024-02-02,2,1,111
2024-02-03,2,1,144
2024-02-04,2,1,123
2024-02-05,2,1,87
2024-02-06,2,1,97
2024-02-07,2,1,113
2024-02-08,2,1,104
2024-02-09,2,1,111
2024-02-10,2,1,139
2024-02-11,2,1,136
2024-02-12,2,1,91
2024-02-13,2,1,107
2024-02-14,2,1,109
2024-02-15,2,1,150
2024-02-16,2,1,123
2024-02-17,2,1,137
2024-02-18,2,1,134
2024-02-19,2,1,92
2024-02-20,2,1,88
2024-02-21,2,1,89
2024-02-22,2,1,90
2024-02-23,2,1,123
2024-02-24,2,1,140
2024-02-25,2,1,132
2024-02-26,2,1,93
2024-02-27,2,1,109
2024-02-28,2,1,100
2024-02-29,2,1,132
2024-03-01,2,1,142
2024-03-02,2,1,141
2024-03-03,2,1,117
2024-03-04,2,1,87
2024-03-05,2,1,98
2024-03-06,2,1,118
2024-03-07,2,1,114
2024-03-08,2,1,112
2024-03-09,2,1,138
2024-03-10,2,1,139
2024-03-11,2,1,103
2024-03-12,2,1,108
2024-03-13,2,1,115
2024-03-14,2,1,89
2024-03-15,2,1,142
2024-03-16,2,1,136
2024-03-17,2,1,148
2024-03-18,2,1,99
2024-03-19,2,1,105
2024-03-20,2,1,126
2024-03-21,2,1,130
2024-03-22,2,1,144
2024-03-23,2,1,157
2024-03-24,2,1,149
2024-03-25,2,1,91
2024-03-26,2,1,109
2024-03-27,2,1,93
2024-03-28,2,1,129
2024-03-29,2,1,147
2024-03-30,2,1,160
2024-03-31,2,1,135
2024-04-01,2,1,99
2024-04-02,2,1,100
2024-04-03,2,1,99
2024-04-04,2,1,108
2024-04-05,2,1,146
2024-04-06,2,1,156
2024-04-07,2,1,148
2024-04-08,2,1,87
2024-04-09,2,1,116
2024-04-10,2,1,110
2024-04-11,2,1,111
2024-04-12,2,1,118
2024-04-13,2,1,140
2024-04-14,2,1,136
2024-04-15,2,1,111
2024-04-16,2,1,95
2024-04-17,2,1,99
2024-04-18,2,1,126
2024-04-19,2,1,118
2024-04-20,2,1,135
2024-04-21,2,1,140
2024-04-22,2,1,92
2024-04-23,2,1,103
2024-04-24,2,1,100
2024-04-25,2,1,108
2024-04-26,2,1,111
2024-04-27,2,1,176
2024-04-28,2,1,129
2024-04-29,2,1,87
2024-04-30,2,1,90
2024-05-01,2,1,136
2024-05-02,2,1,109
2024-05-03,2,1,126
2024-05-04,2,1,149
2024-05-05,2,1,132
2024-05-06,2,1,80
2024-05-07,2,1,103
2024-05-08,2,1,121
2024-05-09,2,1,117
2024-05-10,2,1,113
2024-05-11,2,1,131
2024-05-12,2,1,135
2024-05-13,2,1,73
2024-05-14,2,1,86
2024-05-15,2,1,117
2024-05-16,2,1,119
2024-05-17,2,1,118
2024-05-18,2,1,146
2024-05-19,2,1,138
2024-05-20,2,1,67
2024-05-21,2,1,97
2024-05-22,2,1,85
2024-05-23,2,1,106
2024-05-24,2,1,147
2024-05-25,2,1,138
2024-05-26,2,1,132
2024-05-27,2,1,85
2024-05-28,2,1,126
2024-05-29,2,1,96
2024-05-30,2,1,116
2024-05-31,2,1,129
2024-06-01,2,1,189
2024-06-02,2,1,147
2024-06-03,2,1,90
2024-06-04,2,1,104
2024-06-05,2,1,110
2024-06-06,2,1,103
2024-06-07,2,1,138
2024-06-08,2,1,130
2024-06-09,2,1,139
2024-06-10,2,1,80
2024-06-11,2,1,109
2024-06-12,2,1,116
2024-06-13,2,1,101
2024-06-14,2,1,128
2024-06-15,2,1,130
2024-06-16,2,1,125
2024-06-17,2,1,74
2024-06-18,2,1,89
2024-06-19,2,1,92
2024-06-20,2,1,107
2024-06-21,2,1,111
2024-06-22,2,1,130
2024-06-23,2,1,121
2024-06-24,2,1,81
2024-06-25,2,1,79
2024-06-26,2,1,102
2024-06-27,2,1,122
2024-06-28,2,1,114
2024-06-29,2,1,142
2024-06-30,2,1,126
2024-07-01,2,1,95
2024-07-02,2,1,85
2024-07-03,2,1,116
2024-07-04,2,1,130
2024-07-05,2,1,138
2024-07-06,2,1,145
2024-07-07,2,1,110
2024-07-08,2,1,80
2024-07-09,2,1,90
2024-07-10,2,1,113
2024-07-11,2,1,109
2024-07-12,2,1,104
2024-07-13,2,1,152
2024-07-14,2,1,150
2024-07-15,2,1,80
2024-07-16,2,1,91
2024-07-17,2,1,84
2024-07-18,2,1,79
2024-07-19,2,1,114
2024-07-20,2,1,133
2024-07-21,2,1,120
2024-07-22,2,1,95
2024-07-23,2,1,92
2024-07-24,2,1,104
2024-07-25,2,1,97
2024-07-26,2,1,128
2024-07-27,2,1,152
2024-07-28,2,1,144
2024-07-29,2,1,85
2024-07-30,2,1,79
2024-07-31,2,1,75
2024-08-01,2,1,131
2024-08-02,2,1,108
2024-08-03,2,1,117
2024-08-04,2,1,118
2024-08-05,2,1,68
2024-08-06,2,1,104
2024-08-07,2,1,81
2024-08-08,2,1,105
2024-08-09,2,1,110
2024-08-10,2,1,128
2024-08-11,2,1,120
2024-08-12,2,1,63
2024-08-13,2,1,78
2024-08-14,2,1,86
2024-08-15,2,1,122
2024-08-16,2,1,124
2024-08-17,2,1,151
2024-08-18,2,1,125
2024-08-19,2,1,80
2024-08-20,2,1,69
2024-08-21,2,1,104
2024-08-22,2,1,95
2024-08-23,2,1,97
2024-08-24,2,1,128
2024-08-25,2,1,123
2024-08-26,2,1,54
2024-08-27,2,1,68
2024-08-28,2,1,79
2024-08-29,2,1,101
2024-08-30,2,1,126
2024-08-31,2,1,122
2024-09-01,2,1,143
2024-09-02,2,1,78
2024-09-03,2,1,79
2024-09-04,2,1,93
2024-09-05,2,1,88
2024-09-06,2,1,115
2024-09-07,2,1,138
2024-09-08,2,1,109
2024-09-09,2,1,75
2024-09-10,2,1,70
2024-09-11,2,1,90
2024-09-12,2,1,97
2024-09-13,2,1,119
2024-09-14,2,1,112
2024-09-15,2,1,132
2024-09-16,2,1,79
2024-09-17,2,1,93
2024-09-18,2,1,80
2024-09-19,2,1,103
2024-09-20,2,1,124
2024-09-21,2,1,103
2024-09-22,2,1,109
2024-09-23,2,1,78
2024-09-24,2,1,86
2024-09-25,2,1,92
2024-09-26,2,1,106
2024-09-27,2,1,112
2024-09-28,2,1,120
2024-09-29,2,1,118
2024-09-30,2,1,77
2024-10-01,2,1,83
2024-10-02,2,1,90
2024-10-03,2,1,111
2024-10-04,2,1,101
2024-10-05,2,1,113
2024-10-06,2,1,110
2024-10-07,2,1,76
2024-10-08,2,1,103
2024-10-09,2,1,82
2024-10-10,2,1,85
2024-10-11,2,1,127
2024-10-12,2,1,131
2024-10-13,2,1,109
2024-10-14,2,1,63
2024-10-15,2,1,100
2024-10-16,2,1,85
2024-10-17,2,1,80
2024-10-18,2,1,119
2024-10-19,2,1,133
2024-10-20,2,1,104
2024-10-21,2,1,80
2024-10-22,2,1,87
2024-10-23,2,1,93
2024-10-24,2,1,113
2024-10-25,2,1,104
2024-10-26,2,1,124
2024-10-27,2,1,116
2024-10-28,2,1,74
2024-10-29,2,1,64
2024-10-30,2,1,95
2024-10-31,2,1,106
2024-11-01,2,1,116
2024-11-02,2,1,140
2024-11-03,2,1,115
2024-11-04,2,1,78
2024-11-05,2,1,82
2024-11-06,2,1,88
2024-11-07,2,1,88
2024-11-08,2,1,125
2024-11-09,2,1,157
2024-11-10,2,1,120
2024-11-11,2,1,81
2024-11-12,2,1,99
2024-11-13,2,1,105
2024-11-14,2,1,94
2024-11-15,2,1,127
2024-11-16,2,1,111
2024-11-17,2,1,121
2024-11-18,2,1,86
2024-11-19,2,1,89
2024-11-20,2,1,87
2024-11-21,2,1,107
2024-11-22,2,1,99
2024-11-23,2,1,141
2024-11-24,2,1,119
2024-11-25,2,1,72
2024-11-26,2,1,99
2024-11-27,2,1,101
2024-11-28,2,1,80
2024-11-29,2,1,121
2024-11-30,2,1,141
2024-12-01,2,1,153
2024-12-02,2,1,75
2024-12-03,2,1,100
2024-12-04,2,1,104
2024-12-05,2,1,100
2024-12-06,2,1,105
2024-12-07,2,1,120
2024-12-08,2,1,127
2024-12-09,2,1,71
2024-12-10,2,1,96
2024-12-11,2,1,107
2024-12-12,2,1,102
2024-12-13,2,1,129
2024-12-14,2,1,148
2024-12-15,2,1,132
2024-12-16,2,1,81
2024-12-17,2,1,99
2024-12-18,2,1,109
2024-12-19,2,1,97
2024-12-20,2,1,130
2024-12-21,2,1,132
2024-12-22,2,1,108
2024-12-23,2,1,80
2024-12-24,2,1,77
2024-12-25,2,1,93
2024-12-26,2,1,101
2024-12-27,2,1,129
2024-12-28,2,1,129
2024-12-29,2,1,143
2024-12-30,2,1,100
2024-12-31,2,1,101
2022-01-01,2,2,134
2022-01-02,2,2,111
2022-01-03,2,2,74
2022-01-04,2,2,69
2022-01-05,2,2,100
2022-01-06,2,2,92
2022-01-07,2,2,104
2022-01-08,2,2,100
2022-01-09,2,2,116
2022-01-10,2,2,73
2022-01-11,2,2,91
2022-01-12,2,2,112
2022-01-13,2,2,87
2022-01-14,2,2,105
2022-01-15,2,2,138
2022-01-16,2,2,119
2022-01-17,2,2,78
2022-01-18,2,2,75
2022-01-19,2,2,94
2022-01-20,2,2,99
2022-01-21,2,2,109
2022-01-22,2,2,106
2022-01-23,2,2,125
2022-01-24,2,2,53
2022-01-25,2,2,77
2022-01-26,2,2,90
2022-01-27,2,2,101
2022-01-28,2,2,108
2022-01-29,2,2,147
2022-01-30,2,2,112
2022-01-31,2,2,72
2022-02-01,2,2,109
2022-02-02,2,2,92
2022-02-03,2,2,100
2022-02-04,2,2,90
2022-02-05,2,2,141
2022-02-06,2,2,110
2022-02-07,2,2,59
2022-02-08,2,2,98
2022-02-09,2,2,86
2022-02-10,2,2,89
2022-02-11,2,2,120
2022-02-12,2,2,152
2022-02-13,2,2,114
2022-02-14,2,2,72
2022-02-15,2,2,93
2022-02-16,2,2,83
2022-02-17,2,2,110
2022-02-18,2,2,115
2022-02-19,2,2,126
2022-02-20,2,2,112
2022-02-21,2,2,72
2022-02-22,2,2,78
2022-02-23,2,2,91
2022-02-24,2,2,98
2022-02-25,2,2,122
2022-02-26,2,2,129
2022-02-27,2,2,134
2022-02-28,2,2,75
2022-03-01,2,2,90
2022-03-02,2,2,73
2022-03-03,2,2,107
2022-03-04,2,2,120
2022-03-05,2,2,137
2022-03-06,2,2,123
2022-03-07,2,2,78
2022-03-08,2,2,101
2022-03-09,2,2,88
2022-03-10,2,2,99
2022-03-11,2,2,106
2022-03-12,2,2,132
2022-03-13,2,2,124
2022-03-14,2,2,68
2022-03-15,2,2,118
2022-03-16,2,2,98
2022-03-17,2,2,106
2022-03-18,2,2,143
2022-03-19,2,2,132
2022-03-20,2,2,105
2022-03-21,2,2,80
2022-03-22,2,2,80
2022-03-23,2,2,100
2022-03-24,2,2,78
2022-03-25,2,2,127
2022-03-26,2,2,153
2022-03-27,2,2,122
2022-03-28,2,2,76
2022-03-29,2,2,88
2022-03-30,2,2,98
2022-03-31,2,2,100
2022-04-01,2,2,141
2022-04-02,2,2,136
2022-04-03,2,2,134
2022-04-04,2,2,78
2022-04-05,2,2,77
2022-04-06,2,2,85
2022-04-07,2,2,88
2022-04-08,2,2,115
2022-04-09,2,2,141
2022-04-10,2,2,150
2022-04-11,2,2,75
2022-04-12,2,2,94
2022-04-13,2,2,120
2022-04-14,2,2,100
2022-04-15,2,2,119
2022-04-16,2,2,156
2022-04-17,2,2,123
2022-04-18,2,2,85
2022-04-19,2,2,86
2022-04-20,2,2,106
2022-04-21,2,2,95
2022-04-22,2,2,123
2022-04-23,2,2,147
2022-04-24,2,2,143
2022-04-25,2,2,84
2022-04-26,2,2,104
2022-04-27,2,2,103
2022-04-28,2,2,119
2022-04-29,2,2,120
2022-04-30,2,2,141
2022-05-01,2,2,161
2022-05-02,2,2,70
2022-05-03,2,2,94
2022-05-04,2,2,103
2022-05-05,2,2,104
2022-05-06,2,2,127
2022-05-07,2,2,147
2022-05-08,2,2,124
2022-05-09,2,2,72
2022-05-10,2,2,88
2022-05-11,2,2,85
2022-05-12,2,2,103
2022-05-13,2,2,123
2022-05-14,2,2,151
2022-05-15,2,2,138
2022-05-16,2,2,85
2022-05-17,2,2,99
2022-05-18,2,2,108
2022-05-19,2,2,119
2022-05-20,2,2,124
2022-05-21,2,2,147
2022-05-22,2,2,123
2022-05-23,2,2,81
2022-05-24,2,2,73
2022-05-25,2,2,92
2022-05-26,2,2,115
2022-05-27,2,2,102
2022-05-28,2,2,140
2022-05-29,2,2,128
2022-05-30,2,2,68
2022-05-31,2,2,86
2022-06-01,2,2,130
2022-06-02,2,2,105
2022-06-03,2,2,112
2022-06-04,2,2,125
2022-06-05,2,2,113
2022-06-06,2,2,73
2022-06-07,2,2,91
2022-06-08,2,2,94
2022-06-09,2,2,106
2022-06-10,2,2,117
2022-06-11,2,2,118
2022-06-12,2,2,105
2022-06-13,2,2,72
2022-06-14,2,2,89
2022-06-15,2,2,117
2022-06-16,2,2,92
2022-06-17,2,2,124
2022-06-18,2,2,135
2022-06-19,2,2,115
2022-06-20,2,2,65
2022-06-21,2,2,80
2022-06-22,2,2,88
2022-06-23,2,2,96
2022-06-24,2,2,100
2022-06-25,2,2,111
2022-06-26,2,2,135
2022-06-27,2,2,78
2022-06-28,2,2,78
2022-06-29,2,2,81
2022-06-30,2,2,120
2022-07-01,2,2,132
2022-07-02,2,2,139
2022-07-03,2,2,88
2022-07-04,2,2,80
2022-07-05,2,2,71
2022-07-06,2,2,99
2022-07-07,2,2,90
2022-07-08,2,2,112
2022-07-09,2,2,112
2022-07-10,2,2,116
2022-07-11,2,2,73
2022-07-12,2,2,84
2022-07-13,2,2,94
2022-07-14,2,2,99
2022-07-15,2,2,116
2022-07-16,2,2,141
2022-07-17,2,2,115
2022-07-18,2,2,91
2022-07-19,2,2,70
2022-07-20,2,2,91
2022-07-21,2,2,82
2022-07-22,2,2,92
2022-07-23,2,2,121
2022-07-24,2,2,113
2022-07-25,2,2,66
2022-07-26,2,2,84
2022-07-27,2,2,104
2022-07-28,2,2,104
2022-07-29,2,2,108
2022-07-30,2,2,130
2022-07-31,2,2,98
2022-08-01,2,2,79
2022-08-02,2,2,78
2022-08-03,2,2,88
2022-08-04,2,2,91
2022-08-05,2,2,105
2022-08-06,2,2,99
2022-08-07,2,2,97
2022-08-08,2,2,64
2022-08-09,2,2,76
2022-08-10,2,2,78
2022-08-11,2,2,83
2022-08-12,2,2,95
2022-08-13,2,2,130
2022-08-14,2,2,107
2022-08-15,2,2,78
2022-08-16,2,2,69
2022-08-17,2,2,91
2022-08-18,2,2,109
2022-08-19,2,2,104
2022-08-20,2,2,108
2022-08-21,2,2,97
2022-08-22,2,2,64
2022-08-23,2,2,89
2022-08-24,2,2,104
2022-08-25,2,2,93
2022-08-26,2,2,100
2022-08-27,2,2,116
2022-08-28,2,2,95
2022-08-29,2,2,68
2022-08-30,2,2,78
2022-08-31,2,2,70
2022-09-01,2,2,94
2022-09-02,2,2,98
2022-09-03,2,2,111
2022-09-04,2,2,80
2022-09-05,2,2,73
2022-09-06,2,2,61
2022-09-07,2,2,84
2022-09-08,2,2,80
2022-09-09,2,2,107
2022-09-10,2,2,109
2022-09-11,2,2,100
2022-09-12,2,2,77
2022-09-13,2,2,90
2022-09-14,2,2,82
2022-09-15,2,2,86
2022-09-16,2,2,91
2022-09-17,2,2,113
2022-09-18,2,2,100
2022-09-19,2,2,61
2022-09-20,2,2,72
2022-09-21,2,2,84
2022-09-22,2,2,80
2022-09-23,2,2,98
2022-09-24,2,2,97
2022-09-25,2,2,106
2022-09-26,2,2,60
2022-09-27,2,2,80
2022-09-28,2,2,91
2022-09-29,2,2,98
2022-09-30,2,2,114
2022-10-01,2,2,139
2022-10-02,2,2,92
2022-10-03,2,2,59
2022-10-04,2,2,77
2022-10-05,2,2,77
2022-10-06,2,2,84
2022-10-07,2,2,101
2022-10-08,2,2,119
2022-10-09,2,2,98
2022-10-10,2,2,64
2022-10-11,2,2,56
2022-10-12,2,2,77
2022-10-13,2,2,91
2022-10-14,2,2,82
2022-10-15,2,2,135
2022-10-16,2,2,88
2022-10-17,2,2,74
2022-10-18,2,2,74
2022-10-19,2,2,91
2022-10-20,2,2,106
2022-10-21,2,2,97
2022-10-22,2,2,111
2022-10-23,2,2,97
2022-10-24,2,2,71
2022-10-25,2,2,88
2022-10-26,2,2,101
2022-10-27,2,2,91
2022-10-28,2,2,91
2022-10-29,2,2,132
2022-10-30,2,2,116
2022-10-31,2,2,61
2022-11-01,2,2,89
2022-11-02,2,2,67
2022-11-03,2,2,95
2022-11-04,2,2,107
2022-11-05,2,2,114
2022-11-06,2,2,108
2022-11-07,2,2,77
2022-11-08,2,2,73
2022-11-09,2,2,93
2022-11-10,2,2,82
2022-11-11,2,2,108
2022-11-12,2,2,125
2022-11-13,2,2,126
2022-11-14,2,2,64
2022-11-15,2,2,92
2022-11-16,2,2,97
2022-11-17,2,2,89
2022-11-18,2,2,99
2022-11-19,2,2,127
2022-11-20,2,2,106
2022-11-21,2,2,62
2022-11-22,2,2,70
2022-11-23,2,2,105
2022-11-24,2,2,89
2022-11-25,2,2,93
2022-11-26,2,2,100
2022-11-27,2,2,116
2022-11-28,2,2,90
2022-11-29,2,2,82
2022-11-30,2,2,90
2022-12-01,2,2,118
2022-12-02,2,2,89
2022-12-03,2,2,138
2022-12-04,2,2,110
2022-12-05,2,2,77
2022-12-06,2,2,76
2022-12-07,2,2,101
2022-12-08,2,2,89
2022-12-09,2,2,120
2022-12-10,2,2,123
2022-12-11,2,2,118
2022-12-12,2,2,79
2022-12-13,2,2,83
2022-12-14,2,2,103
2022-12-15,2,2,109
2022-12-16,2,2,122
2022-12-17,2,2,126
2022-12-18,2,2,145
2022-12-19,2,2,67
2022-12-20,2,2,85
2022-12-21,2,2,114
2022-12-22,2,2,111
2022-12-23,2,2,105
2022-12-24,2,2,117
2022-12-25,2,2,109
2022-12-26,2,2,76
2022-12-27,2,2,84
2022-12-28,2,2,84
2022-12-29,2,2,88
2022-12-30,2,2,122
2022-12-31,2,2,152
2023-01-01,2,2,146
2023-01-02,2,2,86
2023-01-03,2,2,80
2023-01-04,2,2,89
2023-01-05,2,2,96
2023-01-06,2,2,130
2023-01-07,2,2,125
2023-01-08,2,2,129
2023-01-09,2,2,75
2023-01-10,2,2,99
2023-01-11,2,2,91
2023-01-12,2,2,97
2023-01-13,2,2,115
2023-01-14,2,2,142
2023-01-15,2,2,144
2023-01-16,2,2,80
2023-01-17,2,2,84
2023-01-18,2,2,91
2023-01-19,2,2,117
2023-01-20,2,2,130
2023-01-21,2,2,149
2023-01-22,2,2,129
2023-01-23,2,2,74
2023-01-24,2,2,107
2023-01-25,2,2,102
2023-01-26,2,2,94
2023-01-27,2,2,121
2023-01-28,2,2,132
2023-01-29,2,2,121
2023-01-30,2,2,81
2023-01-31,2,2,89
2023-02-01,2,2,127
2023-02-02,2,2,124
2023-02-03,2,2,140
2023-02-04,2,2,156
2023-02-05,2,2,140
2023-02-06,2,2,75
2023-02-07,2,2,98
2023-02-08,2,2,105
2023-02-09,2,2,115
2023-02-10,2,2,118
2023-02-11,2,2,145
2023-02-12,2,2,138
2023-02-13,2,2,82
2023-02-14,2,2,89
2023-02-15,2,2,126
2023-02-16,2,2,131
2023-02-17,2,2,117
2023-02-18,2,2,149
2023-02-19,2,2,138
2023-02-20,2,2,86
2023-02-21,2,2,90
2023-02-22,2,2,99
2023-02-23,2,2,127
2023-02-24,2,2,105
2023-02-25,2,2,151
2023-02-26,2,2,138
2023-02-27,2,2,95
2023-02-28,2,2,102
2023-03-01,2,2,138
2023-03-02,2,2,121
2023-03-03,2,2,114
2023-03-04,2,2,150
2023-03-05,2,2,157
2023-03-06,2,2,93
2023-03-07,2,2,92
2023-03-08,2,2,107
2023-03-09,2,2,105
2023-03-10,2,2,119
2023-03-11,2,2,155
2023-03-12,2,2,141
2023-03-13,2,2,91
2023-03-14,2,2,112
2023-03-15,2,2,124
2023-03-16,2,2,120
2023-03-17,2,2,144
2023-03-18,2,2,154
2023-03-19,2,2,135
2023-03-20,2,2,109
2023-03-21,2,2,83
2023-03-22,2,2,129
2023-03-23,2,2,123
2023-03-24,2,2,132
2023-03-25,2,2,146
2023-03-26,2,2,157
2023-03-27,2,2,91
2023-03-28,2,2,91
2023-03-29,2,2,118
2023-03-30,2,2,103
2023-03-31,2,2,130
2023-04-01,2,2,189
2023-04-02,2,2,129
2023-04-03,2,2,79
2023-04-04,2,2,107
2023-04-05,2,2,112
2023-04-06,2,2,110
2023-04-07,2,2,155
2023-04-08,2,2,145
2023-04-09,2,2,129
2023-04-10,2,2,89
2023-04-11,2,2,106
2023-04-12,2,2,122
2023-04-13,2,2,121
2023-04-14,2,2,138
2023-04-15,2,2,155
2023-04-16,2,2,136
2023-04-17,2,2,100
2023-04-18,2,2,103
2023-04-19,2,2,111
2023-04-20,2,2,130
2023-04-21,2,2,124
2023-04-22,2,2,146
2023-04-23,2,2,143
2023-04-24,2,2,92
2023-04-25,2,2,93
2023-04-26,2,2,137
2023-04-27,2,2,121
2023-04-28,2,2,118
2023-04-29,2,2,149
2023-04-30,2,2,144
2023-05-01,2,2,118
2023-05-02,2,2,97
2023-05-03,2,2,120
2023-05-04,2,2,121
2023-05-05,2,2,113
2023-05-06,2,2,156
2023-05-07,2,2,146
2023-05-08,2,2,86
2023-05-09,2,2,112
2023-05-10,2,2,114
2023-05-11,2,2,146
2023-05-12,2,2,131
2023-05-13,2,2,140
2023-05-14,2,2,136
2023-05-15,2,2,91
2023-05-16,2,2,101
2023-05-17,2,2,111
2023-05-18,2,2,115
2023-05-19,2,2,136
2023-05-20,2,2,181
2023-05-21,2,2,112
2023-05-22,2,2,83
2023-05-23,2,2,95
2023-05-24,2,2,88
2023-05-25,2,2,123
2023-05-26,2,2,139
2023-05-27,2,2,155
2023-05-28,2,2,120
2023-05-29,2,2,100
2023-05-30,2,2,101
2023-05-31,2,2,83
2023-06-01,2,2,152
2023-06-02,2,2,118
2023-06-03,2,2,141
2023-06-04,2,2,146
2023-06-05,2,2,69
2023-06-06,2,2,95
2023-06-07,2,2,107
2023-06-08,2,2,105
2023-06-09,2,2,106
2023-06-10,2,2,145
2023-06-11,2,2,136
2023-06-12,2,2,70
2023-06-13,2,2,101
2023-06-14,2,2,103
2023-06-15,2,2,125
2023-06-16,2,2,127
2023-06-17,2,2,134
2023-06-18,2,2,128
2023-06-19,2,2,65
2023-06-20,2,2,95
2023-06-21,2,2,94
2023-06-22,2,2,127
2023-06-23,2,2,128
2023-06-24,2,2,127
2023-06-25,2,2,134
2023-06-26,2,2,73
2023-06-27,2,2,103
2023-06-28,2,2,104
2023-06-29,2,2,103
2023-06-30,2,2,121
2023-07-01,2,2,166
2023-07-02,2,2,136
2023-07-03,2,2,81
2023-07-04,2,2,94
2023-07-05,2,2,106
2023-07-06,2,2,90
2023-07-07,2,2,137
2023-07-08,2,2,139
2023-07-09,2,2,112
2023-07-10,2,2,77
2023-07-11,2,2,79
2023-07-12,2,2,105
2023-07-13,2,2,98
2023-07-14,2,2,133
2023-07-15,2,2,164
2023-07-16,2,2,134
2023-07-17,2,2,88
2023-07-18,2,2,83
2023-07-19,2,2,85
2023-07-20,2,2,101
2023-07-21,2,2,123
2023-07-22,2,2,131
2023-07-23,2,2,120
2023-07-24,2,2,74
2023-07-25,2,2,96
2023-07-26,2,2,95
2023-07-27,2,2,98
2023-07-28,2,2,85
2023-07-29,2,2,132
2023-07-30,2,2,121
2023-07-31,2,2,76
2023-08-01,2,2,116
2023-08-02,2,2,95
2023-08-03,2,2,89
2023-08-04,2,2,111
2023-08-05,2,2,131
2023-08-06,2,2,134
2023-08-07,2,2,53
2023-08-08,2,2,83
2023-08-09,2,2,94
2023-08-10,2,2,102
2023-08-11,2,2,105
2023-08-12,2,2,107
2023-08-13,2,2,129
2023-08-14,2,2,67
2023-08-15,2,2,104
2023-08-16,2,2,99
2023-08-17,2,2,97
2023-08-18,2,2,121
2023-08-19,2,2,120
2023-08-20,2,2,126
2023-08-21,2,2,75
2023-08-22,2,2,98
2023-08-23,2,2,98
2023-08-24,2,2,95
2023-08-25,2,2,129
2023-08-26,2,2,117
2023-08-27,2,2,99
2023-08-28,2,2,82
2023-08-29,2,2,80
2023-08-30,2,2,84
2023-08-31,2,2,121
2023-09-01,2,2,122
2023-09-02,2,2,134
2023-09-03,2,2,129
2023-09-04,2,2,67
2023-09-05,2,2,83
2023-09-06,2,2,77
2023-09-07,2,2,84
2023-09-08,2,2,117
2023-09-09,2,2,121
2023-09-10,2,2,132
2023-09-11,2,2,83
2023-09-12,2,2,83
2023-09-13,2,2,100
2023-09-14,2,2,99
2023-09-15,2,2,121
2023-09-16,2,2,139
2023-09-17,2,2,118
2023-09-18,2,2,86
2023-09-19,2,2,90
2023-09-20,2,2,95
2023-09-21,2,2,87
2023-09-22,2,2,107
2023-09-23,2,2,117
2023-09-24,2,2,96
2023-09-25,2,2,65
2023-09-26,2,2,85
2023-09-27,2,2,90
2023-09-28,2,2,101
2023-09-29,2,2,108
2023-09-30,2,2,136
2023-10-01,2,2,147
2023-10-02,2,2,65
2023-10-03,2,2,83
2023-10-04,2,2,98
2023-10-05,2,2,103
2023-10-06,2,2,102
2023-10-07,2,2,145
2023-10-08,2,2,111
2023-10-09,2,2,71
2023-10-10,2,2,99
2023-10-11,2,2,109
2023-10-12,2,2,71
2023-10-13,2,2,120
2023-10-14,2,2,138
2023-10-15,2,2,148
2023-10-16,2,2,71
2023-10-17,2,2,92
2023-10-18,2,2,97
2023-10-19,2,2,103
2023-10-20,2,2,121
2023-10-21,2,2,144
2023-10-22,2,2,131
2023-10-23,2,2,94
2023-10-24,2,2,88
2023-10-25,2,2,97
2023-10-26,2,2,99
2023-10-27,2,2,123
2023-10-28,2,2,122
2023-10-29,2,2,142
2023-10-30,2,2,73
2023-10-31,2,2,70
2023-11-01,2,2,106
2023-11-02,2,2,92
2023-11-03,2,2,101
2023-11-04,2,2,143
2023-11-05,2,2,128
2023-11-06,2,2,66
2023-11-07,2,2,83
2023-11-08,2,2,118
2023-11-09,2,2,97
2023-11-10,2,2,123
2023-11-11,2,2,160
2023-11-12,2,2,121
2023-11-13,2,2,78
2023-11-14,2,2,98
2023-11-15,2,2,115
2023-11-16,2,2,125
2023-11-17,2,2,119
2023-11-18,2,2,134
2023-11-19,2,2,129
2023-11-20,2,2,68
2023-11-21,2,2,80
2023-11-22,2,2,95
2023-11-23,2,2,88
2023-11-24,2,2,129
2023-11-25,2,2,138
2023-11-26,2,2,122
2023-11-27,2,2,84
2023-11-28,2,2,79
2023-11-29,2,2,84
2023-11-30,2,2,108
2023-12-01,2,2,151
2023-12-02,2,2,148
2023-12-03,2,2,129
2023-12-04,2,2,67
2023-12-05,2,2,93
2023-12-06,2,2,110
2023-12-07,2,2,104
2023-12-08,2,2,112
2023-12-09,2,2,143
2023-12-10,2,2,132
2023-12-11,2,2,85
2023-12-12,2,2,107
2023-12-13,2,2,100
2023-12-14,2,2,100
2023-12-15,2,2,134
2023-12-16,2,2,160
2023-12-17,2,2,152
2023-12-18,2,2,77
2023-12-19,2,2,87
2023-12-20,2,2,136
2023-12-21,2,2,110
2023-12-22,2,2,130
2023-12-23,2,2,142
2023-12-24,2,2,119
2023-12-25,2,2,72
2023-12-26,2,2,85
2023-12-27,2,2,112
2023-12-28,2,2,116
2023-12-29,2,2,121
2023-12-30,2,2,165
2023-12-31,2,2,122
2024-01-01,2,2,97
2024-01-02,2,2,87
2024-01-03,2,2,114
2024-01-04,2,2,133
2024-01-05,2,2,129
2024-01-06,2,2,157
2024-01-07,2,2,159
2024-01-08,2,2,90
2024-01-09,2,2,97
2024-01-10,2,2,118
2024-01-11,2,2,128
2024-01-12,2,2,112
2024-01-13,2,2,149
2024-01-14,2,2,128
2024-01-15,2,2,98
2024-01-16,2,2,103
2024-01-17,2,2,127
2024-01-18,2,2,122
2024-01-19,2,2,146
2024-01-20,2,2,140
2024-01-21,2,2,164
2024-01-22,2,2,99
2024-01-23,2,2,92
2024-01-24,2,2,108
2024-01-25,2,2,136
2024-01-26,2,2,136
2024-01-27,2,2,156
2024-01-28,2,2,154
2024-01-29,2,2,108
2024-01-30,2,2,111
2024-01-31,2,2,137
2024-02-01,2,2,136
2024-02-02,2,2,146
2024-02-03,2,2,141
2024-02-04,2,2,174
2024-02-05,2,2,97
2024-02-06,2,2,110
2024-02-07,2,2,132
2024-02-08,2,2,128
2024-02-09,2,2,155
2024-02-10,2,2,163
2024-02-11,2,2,159
2024-02-12,2,2,98
2024-02-13,2,2,107
2024-02-14,2,2,126
2024-02-15,2,2,151
2024-02-16,2,2,130
2024-02-17,2,2,174
2024-02-18,2,2,144
2024-02-19,2,2,90
2024-02-20,2,2,107
2024-02-21,2,2,123
2024-02-22,2,2,131
2024-02-23,2,2,139
2024-02-24,2,2,166
2024-02-25,2,2,150
2024-02-26,2,2,86
2024-02-27,2,2,117
2024-02-28,2,2,115
2024-02-29,2,2,125
2024-03-01,2,2,166
2024-03-02,2,2,161
2024-03-03,2,2,140
2024-03-04,2,2,81
2024-03-05,2,2,111
2024-03-06,2,2,125
2024-03-07,2,2,129
2024-03-08,2,2,159
2024-03-09,2,2,158
2024-03-10,2,2,167
2024-03-11,2,2,97
2024-03-12,2,2,121
2024-03-13,2,2,163
2024-03-14,2,2,135
2024-03-15,2,2,172
2024-03-16,2,2,170
2024-03-17,2,2,169
2024-03-18,2,2,109
2024-03-19,2,2,126
2024-03-20,2,2,104
2024-03-21,2,2,130
2024-03-22,2,2,171
2024-03-23,2,2,173
2024-03-24,2,2,140
2024-03-25,2,2,107
2024-03-26,2,2,97
2024-03-27,2,2,128
2024-03-28,2,2,157
2024-03-29,2,2,132
2024-03-30,2,2,149
2024-03-31,2,2,157
2024-04-01,2,2,131
2024-04-02,2,2,123
2024-04-03,2,2,119
2024-04-04,2,2,122
2024-04-05,2,2,141
2024-04-06,2,2,152
2024-04-07,2,2,134
2024-04-08,2,2,128
2024-04-09,2,2,124
2024-04-10,2,2,105
2024-04-11,2,2,114
2024-04-12,2,2,142
2024-04-13,2,2,180
2024-04-14,2,2,149
2024-04-15,2,2,115
2024-04-16,2,2,119
2024-04-17,2,2,128
2024-04-18,2,2,125
2024-04-19,2,2,137
2024-04-20,2,2,152
2024-04-21,2,2,153
2024-04-22,2,2,108
2024-04-23,2,2,107
2024-04-24,2,2,117
2024-04-25,2,2,154
2024-04-26,2,2,147
2024-04-27,2,2,163
2024-04-28,2,2,157
2024-04-29,2,2,91
2024-04-30,2,2,120
2024-05-01,2,2,161
2024-05-02,2,2,144
2024-05-03,2,2,139
2024-05-04,2,2,177
2024-05-05,2,2,151
2024-05-06,2,2,94
2024-05-07,2,2,109
2024-05-08,2,2,117
2024-05-09,2,2,115
2024-05-10,2,2,149
2024-05-11,2,2,171
2024-05-12,2,2,146
2024-05-13,2,2,102
2024-05-14,2,2,105
2024-05-15,2,2,138
2024-05-16,2,2,125
2024-05-17,2,2,160
2024-05-18,2,2,177
2024-05-19,2,2,180
2024-05-20,2,2,95
2024-05-21,2,2,106
2024-05-22,2,2,98
2024-05-23,2,2,132
2024-05-24,2,2,149
2024-05-25,2,2,175
2024-05-26,2,2,152
2024-05-27,2,2,118
2024-05-28,2,2,119
2024-05-29,2,2,119
2024-05-30,2,2,136
2024-05-31,2,2,141
2024-06-01,2,2,189
2024-06-02,2,2,180
2024-06-03,2,2,88
2024-06-04,2,2,104
2024-06-05,2,2,95
2024-06-06,2,2,120
2024-06-07,2,2,140
2024-06-08,2,2,149
2024-06-09,2,2,168
2024-06-10,2,2,100
2024-06-11,2,2,103
2024-06-12,2,2,123
2024-06-13,2,2,123
2024-06-14,2,2,134
2024-06-15,2,2,164
2024-06-16,2,2,162
2024-06-17,2,2,95
2024-06-18,2,2,90
2024-06-19,2,2,111
2024-06-20,2,2,139
2024-06-21,2,2,139
2024-06-22,2,2,150
2024-06-23,2,2,137
2024-06-24,2,2,89
2024-06-25,2,2,96
2024-06-26,2,2,104
2024-06-27,2,2,127
2024-06-28,2,2,146
2024-06-29,2,2,132
2024-06-30,2,2,146
2024-07-01,2,2,104
2024-07-02,2,2,109
2024-07-03,2,2,103
2024-07-04,2,2,104
2024-07-05,2,2,145
2024-07-06,2,2,150
2024-07-07,2,2,139
2024-07-08,2,2,101
2024-07-09,2,2,106
2024-07-10,2,2,114
2024-07-11,2,2,132
2024-07-12,2,2,138
2024-07-13,2,2,150
2024-07-14,2,2,123
2024-07-15,2,2,106
2024-07-16,2,2,96
2024-07-17,2,2,106
2024-07-18,2,2,123
2024-07-19,2,2,119
2024-07-20,2,2,140
2024-07-21,2,2,134
2024-07-22,2,2,78
2024-07-23,2,2,93
2024-07-24,2,2,102
2024-07-25,2,2,118
2024-07-26,2,2,143
2024-07-27,2,2,145
2024-07-28,2,2,131
2024-07-29,2,2,96
2024-07-30,2,2,104
2024-07-31,2,2,121
2024-08-01,2,2,140
2024-08-02,2,2,140
2024-08-03,2,2,145
2024-08-04,2,2,115
2024-08-05,2,2,78
2024-08-06,2,2,111
2024-08-07,2,2,99
2024-08-08,2,2,121
2024-08-09,2,2,138
2024-08-10,2,2,149
2024-08-11,2,2,157
2024-08-12,2,2,87
2024-08-13,2,2,92
2024-08-14,2,2,128
2024-08-15,2,2,143
2024-08-16,2,2,131
2024-08-17,2,2,125
2024-08-18,2,2,116
2024-08-19,2,2,93
2024-08-20,2,2,85
2024-08-21,2,2,106
2024-08-22,2,2,104
2024-08-23,2,2,124
2024-08-24,2,2,148
2024-08-25,2,2,123
2024-08-26,2,2,76
2024-08-27,2,2,90
2024-08-28,2,2,104
2024-08-29,2,2,125
2024-08-30,2,2,127
2024-08-31,2,2,151
2024-09-01,2,2,155
2024-09-02,2,2,69
2024-09-03,2,2,79
2024-09-04,2,2,106
2024-09-05,2,2,106
2024-09-06,2,2,123
2024-09-07,2,2,133
2024-09-08,2,2,110
2024-09-09,2,2,81
2024-09-10,2,2,89
2024-09-11,2,2,112
2024-09-12,2,2,100
2024-09-13,2,2,118
2024-09-14,2,2,132
2024-09-15,2,2,163
2024-09-16,2,2,88
2024-09-17,2,2,93
2024-09-18,2,2,95
2024-09-19,2,2,106
2024-09-20,2,2,102
2024-09-21,2,2,153
2024-09-22,2,2,138
2024-09-23,2,2,70
2024-09-24,2,2,78
2024-09-25,2,2,101
2024-09-26,2,2,119
2024-09-27,2,2,132
2024-09-28,2,2,132
2024-09-29,2,2,131
2024-09-30,2,2,90
2024-10-01,2,2,127
2024-10-02,2,2,96
2024-10-03,2,2,92
2024-10-04,2,2,123
2024-10-05,2,2,152
2024-10-06,2,2,131
2024-10-07,2,2,85
2024-10-08,2,2,97
2024-10-09,2,2,104
2024-10-10,2,2,122
2024-10-11,2,2,104
2024-10-12,2,2,131
2024-10-13,2,2,134
2024-10-14,2,2,98
2024-10-15,2,2,94
2024-10-16,2,2,97
2024-10-17,2,2,105
2024-10-18,2,2,131
2024-10-19,2,2,154
2024-10-20,2,2,125
2024-10-21,2,2,89
2024-10-22,2,2,95
2024-10-23,2,2,107
2024-10-24,2,2,103
2024-10-25,2,2,137
2024-10-26,2,2,135
2024-10-27,2,2,132
2024-10-28,2,2,75
2024-10-29,2,2,81
2024-10-30,2,2,89
2024-10-31,2,2,107
2024-11-01,2,2,141
2024-11-02,2,2,156
2024-11-03,2,2,134
2024-11-04,2,2,91
2024-11-05,2,2,90
2024-11-06,2,2,91
2024-11-07,2,2,109
2024-11-08,2,2,110
2024-11-09,2,2,150
2024-11-10,2,2,137
2024-11-11,2,2,84
2024-11-12,2,2,109
2024-11-13,2,2,107
2024-11-14,2,2,99
2024-11-15,2,2,155
2024-11-16,2,2,143
2024-11-17,2,2,137
2024-11-18,2,2,93
2024-11-19,2,2,98
2024-11-20,2,2,100
2024-11-21,2,2,114
2024-11-22,2,2,136
2024-11-23,2,2,163
2024-11-24,2,2,134
2024-11-25,2,2,96
2024-11-26,2,2,111
2024-11-27,2,2,122
2024-11-28,2,2,140
2024-11-29,2,2,152
2024-11-30,2,2,147
2024-12-01,2,2,169
2024-12-02,2,2,95
2024-12-03,2,2,110
2024-12-04,2,2,109
2024-12-05,2,2,118
2024-12-06,2,2,126
2024-12-07,2,2,140
2024-12-08,2,2,136
2024-12-09,2,2,100
2024-12-10,2,2,102
2024-12-11,2,2,108
2024-12-12,2,2,125
2024-12-13,2,2,148
2024-12-14,2,2,152
2024-12-15,2,2,164
2024-12-16,2,2,98
2024-12-17,2,2,106
2024-12-18,2,2,119
2024-12-19,2,2,137
2024-12-20,2,2,134
2024-12-21,2,2,164
2024-12-22,2,2,145
2024-12-23,2,2,103
2024-12-24,2,2,130
2024-12-25,2,2,101
2024-12-26,2,2,125
2024-12-27,2,2,134
2024-12-28,2,2,167
2024-12-29,2,2,146
2024-12-30,2,2,92
2024-12-31,2,2,120
2022-01-01,2,3,168
2022-01-02,2,3,115
2022-01-03,2,3,98
2022-01-04,2,3,80
2022-01-05,2,3,110
2022-01-06,2,3,109
2022-01-07,2,3,118
2022-01-08,2,3,141
2022-01-09,2,3,112
2022-01-10,2,3,94
2022-01-11,2,3,99
2022-01-12,2,3,93
2022-01-13,2,3,92
2022-01-14,2,3,108
2022-01-15,2,3,187
2022-01-16,2,3,117
2022-01-17,2,3,68
2022-01-18,2,3,81
2022-01-19,2,3,99
2022-01-20,2,3,117
2022-01-21,2,3,108
2022-01-22,2,3,146
2022-01-23,2,3,141
2022-01-24,2,3,72
2022-01-25,2,3,90
2022-01-26,2,3,88
2022-01-27,2,3,112
2022-01-28,2,3,107
2022-01-29,2,3,137
2022-01-30,2,3,126
2022-01-31,2,3,79
2022-02-01,2,3,118
2022-02-02,2,3,101
2022-02-03,2,3,94
2022-02-04,2,3,106
2022-02-05,2,3,141
2022-02-06,2,3,126
2022-02-07,2,3,81
2022-02-08,2,3,88
2022-02-09,2,3,107
2022-02-10,2,3,104
2022-02-11,2,3,133
2022-02-12,2,3,138
2022-02-13,2,3,129
2022-02-14,2,3,95
2022-02-15,2,3,108
2022-02-16,2,3,112
2022-02-17,2,3,104
2022-02-18,2,3,137
2022-02-19,2,3,145
2022-02-20,2,3,120
2022-02-21,2,3,71
2022-02-22,2,3,111
2022-02-23,2,3,101
2022-02-24,2,3,113
2022-02-25,2,3,113
2022-02-26,2,3,135
2022-02-27,2,3,135
2022-02-28,2,3,96
2022-03-01,2,3,103
2022-03-02,2,3,112
2022-03-03,2,3,124
2022-03-04,2,3,140
2022-03-05,2,3,146
2022-03-06,2,3,127
2022-03-07,2,3,109
2022-03-08,2,3,109
2022-03-09,2,3,111
2022-03-10,2,3,113
2022-03-11,2,3,123
2022-03-12,2,3,155
2022-03-13,2,3,127
2022-03-14,2,3,99
2022-03-15,2,3,110
2022-03-16,2,3,118
2022-03-17,2,3,117
2022-03-18,2,3,150
2022-03-19,2,3,157
2022-03-20,2,3,130
2022-03-21,2,3,79
2022-03-22,2,3,109
2022-03-23,2,3,120
2022-03-24,2,3,111
2022-03-25,2,3,131
2022-03-26,2,3,146
2022-03-27,2,3,133
2022-03-28,2,3,90
2022-03-29,2,3,104
2022-03-30,2,3,106
2022-03-31,2,3,122
2022-04-01,2,3,157
2022-04-02,2,3,146
2022-04-03,2,3,143
2022-04-04,2,3,90
2022-04-05,2,3,108
2022-04-06,2,3,87
2022-04-07,2,3,113
2022-04-08,2,3,140
2022-04-09,2,3,137
2022-04-10,2,3,149
2022-04-11,2,3,87
2022-04-12,2,3,102
2022-04-13,2,3,109
2022-04-14,2,3,116
2022-04-15,2,3,171
2022-04-16,2,3,162
2022-04-17,2,3,132
2022-04-18,2,3,84
2022-04-19,2,3,98
2022-04-20,2,3,126
2022-04-21,2,3,108
2022-04-22,2,3,148
2022-04-23,2,3,150
2022-04-24,2,3,136
2022-04-25,2,3,104
2022-04-26,2,3,105
2022-04-27,2,3,110
2022-04-28,2,3,108
2022-04-29,2,3,120
2022-04-30,2,3,156
2022-05-01,2,3,153
2022-05-02,2,3,96
2022-05-03,2,3,103
2022-05-04,2,3,113
2022-05-05,2,3,93
2022-05-06,2,3,141
2022-05-07,2,3,140
2022-05-08,2,3,130
2022-05-09,2,3,102
2022-05-10,2,3,100
2022-05-11,2,3,114
2022-05-12,2,3,114
2022-05-13,2,3,114
2022-05-14,2,3,142
2022-05-15,2,3,182
2022-05-16,2,3,80
2022-05-17,2,3,106
2022-05-18,2,3,100
2022-05-19,2,3,121
2022-05-20,2,3,133
2022-05-21,2,3,144
2022-05-22,2,3,121
2022-05-23,2,3,88
2022-05-24,2,3,92
2022-05-25,2,3,97
2022-05-26,2,3,129
2022-05-27,2,3,104
2022-05-28,2,3,129
2022-05-29,2,3,127
2022-05-30,2,3,93
2022-05-31,2,3,104
2022-06-01,2,3,112
2022-06-02,2,3,111
2022-06-03,2,3,139
2022-06-04,2,3,146
2022-06-05,2,3,136
2022-06-06,2,3,81
2022-06-07,2,3,100
2022-06-08,2,3,94
2022-06-09,2,3,89
2022-06-10,2,3,120
2022-06-11,2,3,162
2022-06-12,2,3,133
2022-06-13,2,3,85
2022-06-14,2,3,102
2022-06-15,2,3,109
2022-06-16,2,3,112
2022-06-17,2,3,97
2022-06-18,2,3,137
2022-06-19,2,3,130
2022-06-20,2,3,80
2022-06-21,2,3,89
2022-06-22,2,3,97
2022-06-23,2,3,112
2022-06-24,2,3,116
2022-06-25,2,3,150
2022-06-26,2,3,132
2022-06-27,2,3,79
2022-06-28,2,3,94
2022-06-29,2,3,90
2022-06-30,2,3,97
2022-07-01,2,3,152
2022-07-02,2,3,146
2022-07-03,2,3,130
2022-07-04,2,3,85
2022-07-05,2,3,91
2022-07-06,2,3,106
2022-07-07,2,3,101
2022-07-08,2,3,127
2022-07-09,2,3,128
2022-07-10,2,3,141
2022-07-11,2,3,72
2022-07-12,2,3,69
2022-07-13,2,3,95
2022-07-14,2,3,82
2022-07-15,2,3,142
2022-07-16,2,3,135
2022-07-17,2,3,128
2022-07-18,2,3,77
2022-07-19,2,3,81
2022-07-20,2,3,96
2022-07-21,2,3,104
2022-07-22,2,3,104
2022-07-23,2,3,135
2022-07-24,2,3,120
2022-07-25,2,3,76
2022-07-26,2,3,106
2022-07-27,2,3,101
2022-07-28,2,3,105
2022-07-29,2,3,108
2022-07-30,2,3,122
2022-07-31,2,3,119
2022-08-01,2,3,89
2022-08-02,2,3,91
2022-08-03,2,3,106
2022-08-04,2,3,97
2022-08-05,2,3,111
2022-08-06,2,3,144
2022-08-07,2,3,139
2022-08-08,2,3,80
2022-08-09,2,3,84
2022-08-10,2,3,91
2022-08-11,2,3,100
2022-08-12,2,3,119
2022-08-13,2,3,126
2022-08-14,2,3,128
2022-08-15,2,3,96
2022-08-16,2,3,87
2022-08-17,2,3,72
2022-08-18,2,3,94
2022-08-19,2,3,116
2022-08-20,2,3,153
2022-08-21,2,3,134
2022-08-22,2,3,70
2022-08-23,2,3,85
2022-08-24,2,3,104
2022-08-25,2,3,101
2022-08-26,2,3,122
2022-08-27,2,3,130
2022-08-28,2,3,90
2022-08-29,2,3,63
2022-08-30,2,3,85
2022-08-31,2,3,101
2022-09-01,2,3,113
2022-09-02,2,3,102
2022-09-03,2,3,117
2022-09-04,2,3,117
2022-09-05,2,3,70
2022-09-06,2,3,80
2022-09-07,2,3,80
2022-09-08,2,3,93
2022-09-09,2,3,95
2022-09-10,2,3,115
2022-09-11,2,3,126
2022-09-12,2,3,89
2022-09-13,2,3,84
2022-09-14,2,3,96
2022-09-15,2,3,128
2022-09-16,2,3,118
2022-09-17,2,3,126
2022-09-18,2,3,126
2022-09-19,2,3,77
2022-09-20,2,3,77
2022-09-21,2,3,105
2022-09-22,2,3,100
2022-09-23,2,3,119
2022-09-24,2,3,122
2022-09-25,2,3,104
2022-09-26,2,3,89
2022-09-27,2,3,90
2022-09-28,2,3,89
2022-09-29,2,3,102
2022-09-30,2,3,117
2022-10-01,2,3,135
2022-10-02,2,3,136
2022-10-03,2,3,67
2022-10-04,2,3,94
2022-10-05,2,3,94
2022-10-06,2,3,90
2022-10-07,2,3,98
2022-10-08,2,3,121
2022-10-09,2,3,109
2022-10-10,2,3,69
2022-10-11,2,3,78
2022-10-12,2,3,88
2022-10-13,2,3,89
2022-10-14,2,3,125
2022-10-15,2,3,158
2022-10-16,2,3,111
2022-10-17,2,3,74
2022-10-18,2,3,94
2022-10-19,2,3,91
2022-10-20,2,3,79
2022-10-21,2,3,117
2022-10-22,2,3,140
2022-10-23,2,3,131
2022-10-24,2,3,88
2022-10-25,2,3,101
2022-10-26,2,3,113
2022-10-27,2,3,95
2022-10-28,2,3,125
2022-10-29,2,3,114
2022-10-30,2,3,125
2022-10-31,2,3,69
2022-11-01,2,3,113
2022-11-02,2,3,102
2022-11-03,2,3,111
2022-11-04,2,3,110
2022-11-05,2,3,142
2022-11-06,2,3,122
2022-11-07,2,3,69
2022-11-08,2,3,114
2022-11-09,2,3,81
2022-11-10,2,3,110
2022-11-11,2,3,128
2022-11-12,2,3,130
2022-11-13,2,3,126
2022-11-14,2,3,78
2022-11-15,2,3,105
2022-11-16,2,3,97
2022-11-17,2,3,93
2022-11-18,2,3,110
2022-11-19,2,3,136
2022-11-20,2,3,126
2022-11-21,2,3,74
2022-11-22,2,3,93
2022-11-23,2,3,83
2022-11-24,2,3,106
2022-11-25,2,3,89
2022-11-26,2,3,138
2022-11-27,2,3,143
2022-11-28,2,3,87
2022-11-29,2,3,86
2022-11-30,2,3,85
2022-12-01,2,3,141
2022-12-02,2,3,106
2022-12-03,2,3,134
2022-12-04,2,3,139
2022-12-05,2,3,66
2022-12-06,2,3,91
2022-12-07,2,3,103
2022-12-08,2,3,103
2022-12-09,2,3,126
2022-12-10,2,3,129
2022-12-11,2,3,123
2022-12-12,2,3,77
2022-12-13,2,3,99
2022-12-14,2,3,95
2022-12-15,2,3,127
2022-12-16,2,3,109
2022-12-17,2,3,148
2022-12-18,2,3,119
2022-12-19,2,3,78
2022-12-20,2,3,106
2022-12-21,2,3,108
2022-12-22,2,3,118
2022-12-23,2,3,135
2022-12-24,2,3,128
2022-12-25,2,3,140
2022-12-26,2,3,89
2022-12-27,2,3,96
2022-12-28,2,3,109
2022-12-29,2,3,113
2022-12-30,2,3,157
2022-12-31,2,3,143
2023-01-01,2,3,150
2023-01-02,2,3,87
2023-01-03,2,3,88
2023-01-04,2,3,110
2023-01-05,2,3,143
2023-01-06,2,3,143
2023-01-07,2,3,156
2023-01-08,2,3,168
2023-01-09,2,3,77
2023-01-10,2,3,102
2023-01-11,2,3,112
2023-01-12,2,3,103
2023-01-13,2,3,130
2023-01-14,2,3,150
2023-01-15,2,3,173
2023-01-16,2,3,88
2023-01-17,2,3,102
2023-01-18,2,3,111
2023-01-19,2,3,118
2023-01-20,2,3,132
2023-01-21,2,3,163
2023-01-22,2,3,138
2023-01-23,2,3,92
2023-01-24,2,3,109
2023-01-25,2,3,110
2023-01-26,2,3,127
2023-01-27,2,3,157
2023-01-28,2,3,155
2023-01-29,2,3,145
2023-01-30,2,3,99
2023-01-31,2,3,105
2023-02-01,2,3,134
2023-02-02,2,3,127
2023-02-03,2,3,134
2023-02-04,2,3,142
2023-02-05,2,3,115
2023-02-06,2,3,84
2023-02-07,2,3,104
2023-02-08,2,3,122
2023-02-09,2,3,132
2023-02-10,2,3,148
2023-02-11,2,3,149
2023-02-12,2,3,162
2023-02-13,2,3,115
2023-02-14,2,3,110
2023-02-15,2,3,120
2023-02-16,2,3,136
2023-02-17,2,3,136
2023-02-18,2,3,194
2023-02-19,2,3,168
2023-02-20,2,3,98
2023-02-21,2,3,122
2023-02-22,2,3,102
2023-02-23,2,3,136
2023-02-24,2,3,138
2023-02-25,2,3,149
2023-02-26,2,3,169
2023-02-27,2,3,90
2023-02-28,2,3,101
2023-03-01,2,3,139
2023-03-02,2,3,125
2023-03-03,2,3,149
2023-03-04,2,3,155
2023-03-05,2,3,144
2023-03-06,2,3,122
2023-03-07,2,3,104
2023-03-08,2,3,124
2023-03-09,2,3,132
2023-03-10,2,3,131
2023-03-11,2,3,131
2023-03-12,2,3,160
2023-03-13,2,3,98
2023-03-14,2,3,125
2023-03-15,2,3,113
2023-03-16,2,3,130
2023-03-17,2,3,147
2023-03-18,2,3,169
2023-03-19,2,3,141
2023-03-20,2,3,114
2023-03-21,2,3,113
2023-03-22,2,3,102
2023-03-23,2,3,146
2023-03-24,2,3,145
2023-03-25,2,3,180
2023-03-26,2,3,152
2023-03-27,2,3,102
2023-03-28,2,3,108
2023-03-29,2,3,140
2023-03-30,2,3,125
2023-03-31,2,3,161
2023-04-01,2,3,188
2023-04-02,2,3,135
2023-04-03,2,3,94
2023-04-04,2,3,114
2023-04-05,2,3,136
2023-04-06,2,3,133
2023-04-07,2,3,127
2023-04-08,2,3,163
2023-04-09,2,3,156
2023-04-10,2,3,104
2023-04-11,2,3,111
2023-04-12,2,3,113
2023-04-13,2,3,122
2023-04-14,2,3,153
2023-04-15,2,3,170
2023-04-16,2,3,154
2023-04-17,2,3,97
2023-04-18,2,3,103
2023-04-19,2,3,113
2023-04-20,2,3,134
2023-04-21,2,3,135
2023-04-22,2,3,165
2023-04-23,2,3,165
2023-04-24,2,3,97
2023-04-25,2,3,103
2023-04-26,2,3,119
2023-04-27,2,3,154
2023-04-28,2,3,159
2023-04-29,2,3,164
2023-04-30,2,3,147
2023-05-01,2,3,110
2023-05-02,2,3,111
2023-05-03,2,3,119
2023-05-04,2,3,139
2023-05-05,2,3,135
2023-05-06,2,3,173
2023-05-07,2,3,148
2023-05-08,2,3,105
2023-05-09,2,3,116
2023-05-10,2,3,137
2023-05-11,2,3,144
2023-05-12,2,3,165
2023-05-13,2,3,177
2023-05-14,2,3,175
2023-05-15,2,3,116
2023-05-16,2,3,105
2023-05-17,2,3,104
2023-05-18,2,3,130
2023-05-19,2,3,140
2023-05-20,2,3,155
2023-05-21,2,3,129
2023-05-22,2,3,89
2023-05-23,2,3,108
2023-05-24,2,3,121
2023-05-25,2,3,131
2023-05-26,2,3,146
2023-05-27,2,3,168
2023-05-28,2,3,152
2023-05-29,2,3,88
2023-05-30,2,3,118
2023-05-31,2,3,128
2023-06-01,2,3,154
2023-06-02,2,3,122
2023-06-03,2,3,173
2023-06-04,2,3,141
2023-06-05,2,3,99
2023-06-06,2,3,109
2023-06-07,2,3,155
2023-06-08,2,3,111
2023-06-09,2,3,143
2023-06-10,2,3,163
2023-06-11,2,3,164
2023-06-12,2,3,105
2023-06-13,2,3,108
2023-06-14,2,3,127
2023-06-15,2,3,140
2023-06-16,2,3,145
2023-06-17,2,3,178
2023-06-18,2,3,168
2023-06-19,2,3,88
2023-06-20,2,3,87
2023-06-21,2,3,121
2023-06-22,2,3,120
2023-06-23,2,3,148
2023-06-24,2,3,172
2023-06-25,2,3,142
2023-06-26,2,3,95
2023-06-27,2,3,105
2023-06-28,2,3,115
2023-06-29,2,3,124
2023-06-30,2,3,141
2023-07-01,2,3,184
2023-07-02,2,3,143
2023-07-03,2,3,110
2023-07-04,2,3,107
2023-07-05,2,3,109
2023-07-06,2,3,99
2023-07-07,2,3,134
2023-07-08,2,3,177
2023-07-09,2,3,140
2023-07-10,2,3,103
2023-07-11,2,3,108
2023-07-12,2,3,129
2023-07-13,2,3,110
2023-07-14,2,3,123
2023-07-15,2,3,174
2023-07-16,2,3,125
2023-07-17,2,3,91
2023-07-18,2,3,124
2023-07-19,2,3,98
2023-07-20,2,3,147
2023-07-21,2,3,132
2023-07-22,2,3,155
2023-07-23,2,3,138
2023-07-24,2,3,89
2023-07-25,2,3,105
2023-07-26,2,3,100
2023-07-27,2,3,119
2023-07-28,2,3,119
2023-07-29,2,3,127
2023-07-30,2,3,149
2023-07-31,2,3,96
2023-08-01,2,3,133
2023-08-02,2,3,114
2023-08-03,2,3,99
2023-08-04,2,3,122
2023-08-05,2,3,128
2023-08-06,2,3,147
2023-08-07,2,3,87
2023-08-08,2,3,114
2023-08-09,2,3,117
2023-08-10,2,3,128
2023-08-11,2,3,124
2023-08-12,2,3,137
2023-08-13,2,3,153
2023-08-14,2,3,104
2023-08-15,2,3,126
2023-08-16,2,3,112
2023-08-17,2,3,117
2023-08-18,2,3,143
2023-08-19,2,3,169
2023-08-20,2,3,151
2023-08-21,2,3,79
2023-08-22,2,3,99
2023-08-23,2,3,99
2023-08-24,2,3,112
2023-08-25,2,3,127
2023-08-26,2,3,135
2023-08-27,2,3,126
2023-08-28,2,3,103
2023-08-29,2,3,81
2023-08-30,2,3,98
2023-08-31,2,3,106
2023-09-01,2,3,151
2023-09-02,2,3,144
2023-09-03,2,3,129
2023-09-04,2,3,77
2023-09-05,2,3,88
2023-09-06,2,3,96
2023-09-07,2,3,110
2023-09-08,2,3,108
2023-09-09,2,3,164
2023-09-10,2,3,133
2023-09-11,2,3,82
2023-09-12,2,3,103
2023-09-13,2,3,93
2023-09-14,2,3,97
2023-09-15,2,3,139
2023-09-16,2,3,140
2023-09-17,2,3,130
2023-09-18,2,3,73
2023-09-19,2,3,98
2023-09-20,2,3,114
2023-09-21,2,3,113
2023-09-22,2,3,120
2023-09-23,2,3,139
2023-09-24,2,3,129
2023-09-25,2,3,72
2023-09-26,2,3,97
2023-09-27,2,3,92
2023-09-28,2,3,108
2023-09-29,2,3,105
2023-09-30,2,3,151
2023-10-01,2,3,159
2023-10-02,2,3,86
2023-10-03,2,3,90
2023-10-04,2,3,128
2023-10-05,2,3,108
2023-10-06,2,3,105
2023-10-07,2,3,138
2023-10-08,2,3,128
2023-10-09,2,3,100
2023-10-10,2,3,82
2023-10-11,2,3,104
2023-10-12,2,3,121
2023-10-13,2,3,117
2023-10-14,2,3,146
2023-10-15,2,3,158
2023-10-16,2,3,83
2023-10-17,2,3,76
2023-10-18,2,3,106
2023-10-19,2,3,107
2023-10-20,2,3,128
2023-10-21,2,3,133
2023-10-22,2,3,121
2023-10-23,2,3,71
2023-10-24,2,3,91
2023-10-25,2,3,101
2023-10-26,2,3,120
2023-10-27,2,3,108
2023-10-28,2,3,124
2023-10-29,2,3,129
2023-10-30,2,3,82
2023-10-31,2,3,77
2023-11-01,2,3,128
2023-11-02,2,3,110
2023-11-03,2,3,117
2023-11-04,2,3,149
2023-11-05,2,3,122
2023-11-06,2,3,102
2023-11-07,2,3,91
2023-11-08,2,3,95
2023-11-09,2,3,121
2023-11-10,2,3,125
2023-11-11,2,3,156
2023-11-12,2,3,133
2023-11-13,2,3,85
2023-11-14,2,3,93
2023-11-15,2,3,143
2023-11-16,2,3,111
2023-11-17,2,3,117
2023-11-18,2,3,135
2023-11-19,2,3,98
2023-11-20,2,3,89
2023-11-21,2,3,99
2023-11-22,2,3,117
2023-11-23,2,3,126
2023-11-24,2,3,140
2023-11-25,2,3,151
2023-11-26,2,3,140
2023-11-27,2,3,84
2023-11-28,2,3,117
2023-11-29,2,3,103
2023-11-30,2,3,129
2023-12-01,2,3,153
2023-12-02,2,3,165
2023-12-03,2,3,137
2023-12-04,2,3,105
2023-12-05,2,3,104
2023-12-06,2,3,105
2023-12-07,2,3,118
2023-12-08,2,3,130
2023-12-09,2,3,149
2023-12-10,2,3,149
2023-12-11,2,3,99
2023-12-12,2,3,92
2023-12-13,2,3,105
2023-12-14,2,3,138
2023-12-15,2,3,192
2023-12-16,2,3,167
2023-12-17,2,3,153
2023-12-18,2,3,96
2023-12-19,2,3,117
2023-12-20,2,3,114
2023-12-21,2,3,116
2023-12-22,2,3,140
2023-12-23,2,3,168
2023-12-24,2,3,149
2023-12-25,2,3,84
2023-12-26,2,3,113
2023-12-27,2,3,145
2023-12-28,2,3,127
2023-12-29,2,3,145
2023-12-30,2,3,170
2023-12-31,2,3,161
2024-01-01,2,3,129
2024-01-02,2,3,113
2024-01-03,2,3,140
2024-01-04,2,3,104
2024-01-05,2,3,138
2024-01-06,2,3,173
2024-01-07,2,3,167
2024-01-08,2,3,88
2024-01-09,2,3,100
2024-01-10,2,3,135
2024-01-11,2,3,145
2024-01-12,2,3,148
2024-01-13,2,3,140
2024-01-14,2,3,170
2024-01-15,2,3,135
2024-01-16,2,3,113
2024-01-17,2,3,137
2024-01-18,2,3,122
2024-01-19,2,3,135
2024-01-20,2,3,166
2024-01-21,2,3,153
2024-01-22,2,3,102
2024-01-23,2,3,106
2024-01-24,2,3,136
2024-01-25,2,3,132
2024-01-26,2,3,149
2024-01-27,2,3,160
2024-01-28,2,3,146
2024-01-29,2,3,109
2024-01-30,2,3,115
2024-01-31,2,3,127
2024-02-01,2,3,170
2024-02-02,2,3,162
2024-02-03,2,3,175
2024-02-04,2,3,188
2024-02-05,2,3,109
2024-02-06,2,3,113
2024-02-07,2,3,138
2024-02-08,2,3,132
2024-02-09,2,3,165
2024-02-10,2,3,179
2024-02-11,2,3,186
2024-02-12,2,3,97
2024-02-13,2,3,117
2024-02-14,2,3,140
2024-02-15,2,3,155
2024-02-16,2,3,142
2024-02-17,2,3,176
2024-02-18,2,3,159
2024-02-19,2,3,107
2024-02-20,2,3,130
2024-02-21,2,3,131
2024-02-22,2,3,119
2024-02-23,2,3,142
2024-02-24,2,3,185
2024-02-25,2,3,174
2024-02-26,2,3,102
2024-02-27,2,3,140
2024-02-28,2,3,138
2024-02-29,2,3,121
2024-03-01,2,3,190
2024-03-02,2,3,195
2024-03-03,2,3,166
2024-03-04,2,3,123
2024-03-05,2,3,136
2024-03-06,2,3,131
2024-03-07,2,3,133
2024-03-08,2,3,155
2024-03-09,2,3,193
2024-03-10,2,3,162
2024-03-11,2,3,103
2024-03-12,2,3,123
2024-03-13,2,3,124
2024-03-14,2,3,165
2024-03-15,2,3,194
2024-03-16,2,3,197
2024-03-17,2,3,169
2024-03-18,2,3,115
2024-03-19,2,3,122
2024-03-20,2,3,127
2024-03-21,2,3,119
2024-03-22,2,3,143
2024-03-23,2,3,192
2024-03-24,2,3,180
2024-03-25,2,3,101
2024-03-26,2,3,146
2024-03-27,2,3,130
2024-03-28,2,3,127
2024-03-29,2,3,168
2024-03-30,2,3,183
2024-03-31,2,3,176
2024-04-01,2,3,143
2024-04-02,2,3,128
2024-04-03,2,3,156
2024-04-04,2,3,150
2024-04-05,2,3,176
2024-04-06,2,3,187
2024-04-07,2,3,174
2024-04-08,2,3,110
2024-04-09,2,3,106
2024-04-10,2,3,114
2024-04-11,2,3,136
2024-04-12,2,3,168
2024-04-13,2,3,187
2024-04-14,2,3,144
2024-04-15,2,3,121
2024-04-16,2,3,134
2024-04-17,2,3,130
2024-04-18,2,3,155
2024-04-19,2,3,162
2024-04-20,2,3,188
2024-04-21,2,3,156
2024-04-22,2,3,124
2024-04-23,2,3,134
2024-04-24,2,3,128
2024-04-25,2,3,143
2024-04-26,2,3,158
2024-04-27,2,3,187
2024-04-28,2,3,179
2024-04-29,2,3,106
2024-04-30,2,3,110
2024-05-01,2,3,159
2024-05-02,2,3,136
2024-05-03,2,3,164
2024-05-04,2,3,192
2024-05-05,2,3,165
2024-05-06,2,3,105
2024-05-07,2,3,118
2024-05-08,2,3,131
2024-05-09,2,3,147
2024-05-10,2,3,151
2024-05-11,2,3,184
2024-05-12,2,3,157
2024-05-13,2,3,115
2024-05-14,2,3,117
2024-05-15,2,3,142
2024-05-16,2,3,125
2024-05-17,2,3,181
2024-05-18,2,3,177
2024-05-19,2,3,183
2024-05-20,2,3,99
2024-05-21,2,3,139
2024-05-22,2,3,131
2024-05-23,2,3,144
2024-05-24,2,3,148
2024-05-25,2,3,187
2024-05-26,2,3,180
2024-05-27,2,3,109
2024-05-28,2,3,130
2024-05-29,2,3,116
2024-05-30,2,3,133
2024-05-31,2,3,144
2024-06-01,2,3,207
2024-06-02,2,3,153
2024-06-03,2,3,108
2024-06-04,2,3,109
2024-06-05,2,3,114
2024-06-06,2,3,128
2024-06-07,2,3,158
2024-06-08,2,3,186
2024-06-09,2,3,143
2024-06-10,2,3,110
2024-06-11,2,3,133
2024-06-12,2,3,136
2024-06-13,2,3,145
2024-06-14,2,3,157
2024-06-15,2,3,224
2024-06-16,2,3,176
2024-06-17,2,3,109
2024-06-18,2,3,125
2024-06-19,2,3,139
2024-06-20,2,3,135
2024-06-21,2,3,163
2024-06-22,2,3,190
2024-06-23,2,3,170
2024-06-24,2,3,111
2024-06-25,2,3,112
2024-06-26,2,3,119
2024-06-27,2,3,131
2024-06-28,2,3,128
2024-06-29,2,3,171
2024-06-30,2,3,170
2024-07-01,2,3,130
2024-07-02,2,3,134
2024-07-03,2,3,129
2024-07-04,2,3,112
2024-07-05,2,3,155
2024-07-06,2,3,157
2024-07-07,2,3,143
2024-07-08,2,3,107
2024-07-09,2,3,109
2024-07-10,2,3,135
2024-07-11,2,3,128
2024-07-12,2,3,136
2024-07-13,2,3,173
2024-07-14,2,3,143
2024-07-15,2,3,110
2024-07-16,2,3,113
2024-07-17,2,3,117
2024-07-18,2,3,127
2024-07-19,2,3,142
2024-07-20,2,3,153
2024-07-21,2,3,154
2024-07-22,2,3,92
2024-07-23,2,3,105
2024-07-24,2,3,99
2024-07-25,2,3,99
2024-07-26,2,3,152
2024-07-27,2,3,175
2024-07-28,2,3,154
2024-07-29,2,3,82
2024-07-30,2,3,104
2024-07-31,2,3,114
2024-08-01,2,3,152
2024-08-02,2,3,145
2024-08-03,2,3,183
2024-08-04,2,3,156
2024-08-05,2,3,94
2024-08-06,2,3,102
2024-08-07,2,3,114
2024-08-08,2,3,118
2024-08-09,2,3,134
2024-08-10,2,3,171
2024-08-11,2,3,142
2024-08-12,2,3,93
2024-08-13,2,3,103
2024-08-14,2,3,114
2024-08-15,2,3,161
2024-08-16,2,3,139
2024-08-17,2,3,141
2024-08-18,2,3,155
2024-08-19,2,3,99
2024-08-20,2,3,107
2024-08-21,2,3,115
2024-08-22,2,3,117
2024-08-23,2,3,164
2024-08-24,2,3,139
2024-08-25,2,3,132
2024-08-26,2,3,83
2024-08-27,2,3,102
2024-08-28,2,3,117
2024-08-29,2,3,98
2024-08-30,2,3,134
2024-08-31,2,3,160
2024-09-01,2,3,197
2024-09-02,2,3,90
2024-09-03,2,3,112
2024-09-04,2,3,90
2024-09-05,2,3,113
2024-09-06,2,3,135
2024-09-07,2,3,150
2024-09-08,2,3,126
2024-09-09,2,3,88
2024-09-10,2,3,96
2024-09-11,2,3,107
2024-09-12,2,3,140
2024-09-13,2,3,117
2024-09-14,2,3,162
2024-09-15,2,3,170
2024-09-16,2,3,88
2024-09-17,2,3,88
2024-09-18,2,3,108
2024-09-19,2,3,117
2024-09-20,2,3,138
2024-09-21,2,3,145
2024-09-22,2,3,158
2024-09-23,2,3,78
2024-09-24,2,3,115
2024-09-25,2,3,116
2024-09-26,2,3,125
2024-09-27,2,3,127
2024-09-28,2,3,165
2024-09-29,2,3,145
2024-09-30,2,3,95
2024-10-01,2,3,130
2024-10-02,2,3,103
2024-10-03,2,3,129
2024-10-04,2,3,138
2024-10-05,2,3,147
2024-10-06,2,3,145
2024-10-07,2,3,103
2024-10-08,2,3,115
2024-10-09,2,3,99
2024-10-10,2,3,130
2024-10-11,2,3,141
2024-10-12,2,3,172
2024-10-13,2,3,129
2024-10-14,2,3,103
2024-10-15,2,3,135
2024-10-16,2,3,127
2024-10-17,2,3,133
2024-10-18,2,3,138
2024-10-19,2,3,143
2024-10-20,2,3,142
2024-10-21,2,3,85
2024-10-22,2,3,91
2024-10-23,2,3,119
2024-10-24,2,3,138
2024-10-25,2,3,157
2024-10-26,2,3,157
2024-10-27,2,3,141
2024-10-28,2,3,79
2024-10-29,2,3,100
2024-10-30,2,3,126
2024-10-31,2,3,119
2024-11-01,2,3,165
2024-11-02,2,3,177
2024-11-03,2,3,139
2024-11-04,2,3,116
2024-11-05,2,3,105
2024-11-06,2,3,124
2024-11-07,2,3,102
2024-11-08,2,3,143
2024-11-09,2,3,167
2024-11-10,2,3,129
2024-11-11,2,3,102
2024-11-12,2,3,109
2024-11-13,2,3,113
2024-11-14,2,3,145
2024-11-15,2,3,163
2024-11-16,2,3,162
2024-11-17,2,3,138
2024-11-18,2,3,92
2024-11-19,2,3,126
2024-11-20,2,3,108
2024-11-21,2,3,128
2024-11-22,2,3,148
2024-11-23,2,3,147
2024-11-24,2,3,166
2024-11-25,2,3,115
2024-11-26,2,3,98
2024-11-27,2,3,111
2024-11-28,2,3,121
2024-11-29,2,3,151
2024-11-30,2,3,150
2024-12-01,2,3,194
2024-12-02,2,3,111
2024-12-03,2,3,123
2024-12-04,2,3,137
2024-12-05,2,3,133
2024-12-06,2,3,135
2024-12-07,2,3,173
2024-12-08,2,3,149
2024-12-09,2,3,131
2024-12-10,2,3,112
2024-12-11,2,3,132
2024-12-12,2,3,120
2024-12-13,2,3,143
2024-12-14,2,3,188
2024-12-15,2,3,179
2024-12-16,2,3,115
2024-12-17,2,3,146
2024-12-18,2,3,128
2024-12-19,2,3,118
2024-12-20,2,3,157
2024-12-21,2,3,162
2024-12-22,2,3,159
2024-12-23,2,3,86
2024-12-24,2,3,107
2024-12-25,2,3,109
2024-12-26,2,3,144
2024-12-27,2,3,176
2024-12-28,2,3,192
2024-12-29,2,3,166
2024-12-30,2,3,113
2024-12-31,2,3,132
2022-01-01,3,1,142
2022-01-02,3,1,112
2022-01-03,3,1,73
2022-01-04,3,1,89
2022-01-05,3,1,84
2022-01-06,3,1,101
2022-01-07,3,1,109
2022-01-08,3,1,109
2022-01-09,3,1,110
2022-01-10,3,1,74
2022-01-11,3,1,79
2022-01-12,3,1,85
2022-01-13,3,1,69
2022-01-14,3,1,99
2022-01-15,3,1,145
2022-01-16,3,1,127
2022-01-17,3,1,71
2022-01-18,3,1,83
2022-01-19,3,1,82
2022-01-20,3,1,81
2022-01-21,3,1,104
2022-01-22,3,1,110
2022-01-23,3,1,110
2022-01-24,3,1,82
2022-01-25,3,1,84
2022-01-26,3,1,78
2022-01-27,3,1,96
2022-01-28,3,1,102
2022-01-29,3,1,141
2022-01-30,3,1,118
2022-01-31,3,1,73
2022-02-01,3,1,78
2022-02-02,3,1,78
2022-02-03,3,1,107
2022-02-04,3,1,101
2022-02-05,3,1,124
2022-02-06,3,1,116
2022-02-07,3,1,71
2022-02-08,3,1,77
2022-02-09,3,1,98
2022-02-10,3,1,91
2022-02-11,3,1,107
2022-02-12,3,1,135
2022-02-13,3,1,117
2022-02-14,3,1,75
2022-02-15,3,1,78
2022-02-16,3,1,85
2022-02-17,3,1,91
2022-02-18,3,1,126
2022-02-19,3,1,118
2022-02-20,3,1,114
2022-02-21,3,1,63
2022-02-22,3,1,93
2022-02-23,3,1,86
2022-02-24,3,1,96
2022-02-25,3,1,110
2022-02-26,3,1,114
2022-02-27,3,1,108
2022-02-28,3,1,70
2022-03-01,3,1,107
2022-03-02,3,1,89
2022-03-03,3,1,112
2022-03-04,3,1,108
2022-03-05,3,1,151
2022-03-06,3,1,151
2022-03-07,3,1,71
2022-03-08,3,1,89
2022-03-09,3,1,81
2022-03-10,3,1,103
2022-03-11,3,1,113
2022-03-12,3,1,137
2022-03-13,3,1,110
2022-03-14,3,1,73
2022-03-15,3,1,89
2022-03-16,3,1,104
2022-03-17,3,1,86
2022-03-18,3,1,129
2022-03-19,3,1,120
2022-03-20,3,1,134
2022-03-21,3,1,98
2022-03-22,3,1,85
2022-03-23,3,1,100
2022-03-24,3,1,107
2022-03-25,3,1,109
2022-03-26,3,1,111
2022-03-27,3,1,126
2022-03-28,3,1,75
2022-03-29,3,1,82
2022-03-30,3,1,98
2022-03-31,3,1,109
2022-04-01,3,1,156
2022-04-02,3,1,140
2022-04-03,3,1,101
2022-04-04,3,1,81
2022-04-05,3,1,84
2022-04-06,3,1,105
2022-04-07,3,1,109
2022-04-08,3,1,110
2022-04-09,3,1,113
2022-04-10,3,1,128
2022-04-11,3,1,71
2022-04-12,3,1,80
2022-04-13,3,1,99
2022-04-14,3,1,115
2022-04-15,3,1,146
2022-04-16,3,1,126
2022-04-17,3,1,118
2022-04-18,3,1,73
2022-04-19,3,1,79
2022-04-20,3,1,92
2022-04-21,3,1,100
2022-04-22,3,1,103
2022-04-23,3,1,128
2022-04-24,3,1,116
2022-04-25,3,1,68
2022-04-26,3,1,78
2022-04-27,3,1,81
2022-04-28,3,1,98
2022-04-29,3,1,129
2022-04-30,3,1,134
2022-05-01,3,1,154
2022-05-02,3,1,91
2022-05-03,3,1,93
2022-05-04,3,1,89
2022-05-05,3,1,93
2022-05-06,3,1,100
2022-05-07,3,1,127
2022-05-08,3,1,118
2022-05-09,3,1,78
2022-05-10,3,1,83
2022-05-11,3,1,89
2022-05-12,3,1,101
2022-05-13,3,1,101
2022-05-14,3,1,114
2022-05-15,3,1,139
2022-05-16,3,1,77
2022-05-17,3,1,76
2022-05-18,3,1,96
2022-05-19,3,1,88
2022-05-20,3,1,111
2022-05-21,3,1,124
2022-05-22,3,1,120
2022-05-23,3,1,83
2022-05-24,3,1,89
2022-05-25,3,1,99
2022-05-26,3,1,117
2022-05-27,3,1,92
2022-05-28,3,1,123
2022-05-29,3,1,108
2022-05-30,3,1,86
2022-05-31,3,1,84
2022-06-01,3,1,107
2022-06-02,3,1,88
2022-06-03,3,1,107
2022-06-04,3,1,114
2022-06-05,3,1,95
2022-06-06,3,1,78
2022-06-07,3,1,75
2022-06-08,3,1,84
2022-06-09,3,1,119
2022-06-10,3,1,99
2022-06-11,3,1,138
2022-06-12,3,1,114
2022-06-13,3,1,79
2022-06-14,3,1,79
2022-06-15,3,1,88
2022-06-16,3,1,98
2022-06-17,3,1,95
2022-06-18,3,1,121
2022-06-19,3,1,121
2022-06-20,3,1,63
2022-06-21,3,1,58
2022-06-22,3,1,92
2022-06-23,3,1,93
2022-06-24,3,1,78
2022-06-25,3,1,96
2022-06-26,3,1,117
2022-06-27,3,1,74
2022-06-28,3,1,76
2022-06-29,3,1,100
2022-06-30,3,1,86
2022-07-01,3,1,142
2022-07-02,3,1,136
2022-07-03,3,1,124
2022-07-04,3,1,83
2022-07-05,3,1,67
2022-07-06,3,1,81
2022-07-07,3,1,85
2022-07-08,3,1,98
2022-07-09,3,1,124
2022-07-10,3,1,104
2022-07-11,3,1,76
2022-07-12,3,1,69
2022-07-13,3,1,98
2022-07-14,3,1,97
2022-07-15,3,1,124
2022-07-16,3,1,123
2022-07-17,3,1,123
2022-07-18,3,1,72
2022-07-19,3,1,86
2022-07-20,3,1,89
2022-07-21,3,1,99
2022-07-22,3,1,85
2022-07-23,3,1,105
2022-07-24,3,1,101
2022-07-25,3,1,79
2022-07-26,3,1,86
2022-07-27,3,1,93
2022-07-28,3,1,90
2022-07-29,3,1,93
2022-07-30,3,1,121
2022-07-31,3,1,109
2022-08-01,3,1,85
2022-08-02,3,1,80
2022-08-03,3,1,101
2022-08-04,3,1,81
2022-08-05,3,1,107
2022-08-06,3,1,101
2022-08-07,3,1,92
2022-08-08,3,1,54
2022-08-09,3,1,58
2022-08-10,3,1,72
2022-08-11,3,1,95
2022-08-12,3,1,119
2022-08-13,3,1,136
2022-08-14,3,1,105
2022-08-15,3,1,74
2022-08-16,3,1,80
2022-08-17,3,1,90
2022-08-18,3,1,88
2022-08-19,3,1,89
2022-08-20,3,1,115
2022-08-21,3,1,97
2022-08-22,3,1,66
2022-08-23,3,1,98
2022-08-24,3,1,89
2022-08-25,3,1,90
2022-08-26,3,1,106
2022-08-27,3,1,108
2022-08-28,3,1,100
2022-08-29,3,1,68
2022-08-30,3,1,86
2022-08-31,3,1,83
2022-09-01,3,1,97
2022-09-02,3,1,89
2022-09-03,3,1,104
2022-09-04,3,1,95
2022-09-05,3,1,61
2022-09-06,3,1,62
2022-09-07,3,1,64
2022-09-08,3,1,89
2022-09-09,3,1,80
2022-09-10,3,1,107
2022-09-11,3,1,103
2022-09-12,3,1,64
2022-09-13,3,1,79
2022-09-14,3,1,108
2022-09-15,3,1,87
2022-09-16,3,1,108
2022-09-17,3,1,84
2022-09-18,3,1,108
2022-09-19,3,1,59
2022-09-20,3,1,59
2022-09-21,3,1,78
2022-09-22,3,1,85
2022-09-23,3,1,85
2022-09-24,3,1,92
2022-09-25,3,1,104
2022-09-26,3,1,53
2022-09-27,3,1,73
2022-09-28,3,1,77
2022-09-29,3,1,80
2022-09-30,3,1,122
2022-10-01,3,1,126
2022-10-02,3,1,105
2022-10-03,3,1,55
2022-10-04,3,1,66
2022-10-05,3,1,71
2022-10-06,3,1,88
2022-10-07,3,1,99
2022-10-08,3,1,103
2022-10-09,3,1,104
2022-10-10,3,1,64
2022-10-11,3,1,63
2022-10-12,3,1,71
2022-10-13,3,1,83
2022-10-14,3,1,102
2022-10-15,3,1,122
2022-10-16,3,1,84
2022-10-17,3,1,65
2022-10-18,3,1,63
2022-10-19,3,1,63
2022-10-20,3,1,91
2022-10-21,3,1,101
2022-10-22,3,1,132
2022-10-23,3,1,114
2022-10-24,3,1,75
2022-10-25,3,1,59
2022-10-26,3,1,78
2022-10-27,3,1,80
2022-10-28,3,1,85
2022-10-29,3,1,102
2022-10-30,3,1,113
2022-10-31,3,1,54
2022-11-01,3,1,105
2022-11-02,3,1,99
2022-11-03,3,1,78
2022-11-04,3,1,91
2022-11-05,3,1,122
2022-11-06,3,1,116
2022-11-07,3,1,57
2022-11-08,3,1,69
2022-11-09,3,1,105
2022-11-10,3,1,90
2022-11-11,3,1,89
2022-11-12,3,1,128
2022-11-13,3,1,98
2022-11-14,3,1,61
2022-11-15,3,1,93
2022-11-16,3,1,91
2022-11-17,3,1,88
2022-11-18,3,1,98
2022-11-19,3,1,117
2022-11-20,3,1,94
2022-11-21,3,1,71
2022-11-22,3,1,75
2022-11-23,3,1,86
2022-11-24,3,1,108
2022-11-25,3,1,95
2022-11-26,3,1,145
2022-11-27,3,1,110
2022-11-28,3,1,64
2022-11-29,3,1,74
2022-11-30,3,1,87
2022-12-01,3,1,107
2022-12-02,3,1,89
2022-12-03,3,1,122
2022-12-04,3,1,116
2022-12-05,3,1,71
2022-12-06,3,1,66
2022-12-07,3,1,63
2022-12-08,3,1,97
2022-12-09,3,1,121
2022-12-10,3,1,133
2022-12-11,3,1,102
2022-12-12,3,1,74
2022-12-13,3,1,97
2022-12-14,3,1,85
2022-12-15,3,1,101
2022-12-16,3,1,96
2022-12-17,3,1,106
2022-12-18,3,1,110
2022-12-19,3,1,64
2022-12-20,3,1,95
2022-12-21,3,1,82
2022-12-22,3,1,94
2022-12-23,3,1,106
2022-12-24,3,1,109
2022-12-25,3,1,107
2022-12-26,3,1,78
2022-12-27,3,1,82
2022-12-28,3,1,108
2022-12-29,3,1,103
2022-12-30,3,1,107
2022-12-31,3,1,136
2023-01-01,3,1,134
2023-01-02,3,1,71
2023-01-03,3,1,92
2023-01-04,3,1,91
2023-01-05,3,1,93
2023-01-06,3,1,123
2023-01-07,3,1,126
2023-01-08,3,1,153
2023-01-09,3,1,73
2023-01-10,3,1,102
2023-01-11,3,1,82
2023-01-12,3,1,95
2023-01-13,3,1,113
2023-01-14,3,1,126
2023-01-15,3,1,153
2023-01-16,3,1,55
2023-01-17,3,1,99
2023-01-18,3,1,96
2023-01-19,3,1,94
2023-01-20,3,1,141
2023-01-21,3,1,127
2023-01-22,3,1,125
2023-01-23,3,1,73
2023-01-24,3,1,78
2023-01-25,3,1,93
2023-01-26,3,1,102
2023-01-27,3,1,136
2023-01-28,3,1,144
2023-01-29,3,1,122
2023-01-30,3,1,94
2023-01-31,3,1,71
2023-02-01,3,1,115
2023-02-02,3,1,126
2023-02-03,3,1,128
2023-02-04,3,1,147
2023-02-05,3,1,140
2023-02-06,3,1,76
2023-02-07,3,1,100
2023-02-08,3,1,110
2023-02-09,3,1,97
2023-02-10,3,1,123
2023-02-11,3,1,162
2023-02-12,3,1,120
2023-02-13,3,1,84
2023-02-14,3,1,94
2023-02-15,3,1,117
2023-02-16,3,1,112
2023-02-17,3,1,119
2023-02-18,3,1,160
2023-02-19,3,1,120
2023-02-20,3,1,73
2023-02-21,3,1,99
2023-02-22,3,1,97
2023-02-23,3,1,117
2023-02-24,3,1,137
2023-02-25,3,1,128
2023-02-26,3,1,127
2023-02-27,3,1,85
2023-02-28,3,1,96
2023-03-01,3,1,118
2023-03-02,3,1,129
2023-03-03,3,1,131
2023-03-04,3,1,137
2023-03-05,3,1,141
2023-03-06,3,1,83
2023-03-07,3,1,111
2023-03-08,3,1,98
2023-03-09,3,1,91
2023-03-10,3,1,133
2023-03-11,3,1,138
2023-03-12,3,1,126
2023-03-13,3,1,84
2023-03-14,3,1,105
2023-03-15,3,1,132
2023-03-16,3,1,91
2023-03-17,3,1,144
2023-03-18,3,1,153
2023-03-19,3,1,152
2023-03-20,3,1,91
2023-03-21,3,1,100
2023-03-22,3,1,112
2023-03-23,3,1,108
2023-03-24,3,1,110
2023-03-25,3,1,163
2023-03-26,3,1,147
2023-03-27,3,1,94
2023-03-28,3,1,95
2023-03-29,3,1,116
2023-03-30,3,1,120
2023-03-31,3,1,123
2023-04-01,3,1,168
2023-04-02,3,1,136
2023-04-03,3,1,68
2023-04-04,3,1,96
2023-04-05,3,1,100
2023-04-06,3,1,137
2023-04-07,3,1,128
2023-04-08,3,1,169
2023-04-09,3,1,135
2023-04-10,3,1,88
2023-04-11,3,1,95
2023-04-12,3,1,113
2023-04-13,3,1,121
2023-04-14,3,1,139
2023-04-15,3,1,169
2023-04-16,3,1,167
2023-04-17,3,1,96
2023-04-18,3,1,100
2023-04-19,3,1,124
2023-04-20,3,1,149
2023-04-21,3,1,121
2023-04-22,3,1,148
2023-04-23,3,1,122
2023-04-24,3,1,90
2023-04-25,3,1,108
2023-04-26,3,1,119
2023-04-27,3,1,111
2023-04-28,3,1,125
2023-04-29,3,1,148
2023-04-30,3,1,161
2023-05-01,3,1,114
2023-05-02,3,1,88
2023-05-03,3,1,102
2023-05-04,3,1,111
2023-05-05,3,1,129
2023-05-06,3,1,146
2023-05-07,3,1,118
2023-05-08,3,1,84
2023-05-09,3,1,107
2023-05-10,3,1,82
2023-05-11,3,1,90
2023-05-12,3,1,114
2023-05-13,3,1,134
2023-05-14,3,1,143
2023-05-15,3,1,109
2023-05-16,3,1,92
2023-05-17,3,1,85
2023-05-18,3,1,111
2023-05-19,3,1,122
2023-05-20,3,1,171
2023-05-21,3,1,134
2023-05-22,3,1,90
2023-05-23,3,1,94
2023-05-24,3,1,106
2023-05-25,3,1,123
2023-05-26,3,1,118
2023-05-27,3,1,132
2023-05-28,3,1,135
2023-05-29,3,1,85
2023-05-30,3,1,102
2023-05-31,3,1,101
2023-06-01,3,1,121
2023-06-02,3,1,117
2023-06-03,3,1,140
2023-06-04,3,1,126
2023-06-05,3,1,90
2023-06-06,3,1,101
2023-06-07,3,1,114
2023-06-08,3,1,111
2023-06-09,3,1,109
2023-06-10,3,1,151
2023-06-11,3,1,121
2023-06-12,3,1,92
2023-06-13,3,1,102
2023-06-14,3,1,103
2023-06-15,3,1,151
2023-06-16,3,1,100
2023-06-17,3,1,119
2023-06-18,3,1,128
2023-06-19,3,1,77
2023-06-20,3,1,88
2023-06-21,3,1,112
2023-06-22,3,1,91
2023-06-23,3,1,118
2023-06-24,3,1,146
2023-06-25,3,1,126
2023-06-26,3,1,81
2023-06-27,3,1,92
2023-06-28,3,1,105
2023-06-29,3,1,91
2023-06-30,3,1,103
2023-07-01,3,1,154
2023-07-02,3,1,127
2023-07-03,3,1,89
2023-07-04,3,1,69
2023-07-05,3,1,83
2023-07-06,3,1,106
2023-07-07,3,1,122
2023-07-08,3,1,144
2023-07-09,3,1,114
2023-07-10,3,1,82
2023-07-11,3,1,90
2023-07-12,3,1,85
2023-07-13,3,1,99
2023-07-14,3,1,116
2023-07-15,3,1,156
2023-07-16,3,1,121
2023-07-17,3,1,81
2023-07-18,3,1,85
2023-07-19,3,1,107
2023-07-20,3,1,106
2023-07-21,3,1,118
2023-07-22,3,1,146
2023-07-23,3,1,108
2023-07-24,3,1,78
2023-07-25,3,1,89
2023-07-26,3,1,97
2023-07-27,3,1,90
2023-07-28,3,1,120
2023-07-29,3,1,126
2023-07-30,3,1,118
2023-07-31,3,1,70
2023-08-01,3,1,105
2023-08-02,3,1,103
2023-08-03,3,1,85
2023-08-04,3,1,101
2023-08-05,3,1,136
2023-08-06,3,1,118
2023-08-07,3,1,92
2023-08-08,3,1,85
2023-08-09,3,1,101
2023-08-10,3,1,96
2023-08-11,3,1,117
2023-08-12,3,1,117
2023-08-13,3,1,125
2023-08-14,3,1,83
2023-08-15,3,1,93
2023-08-16,3,1,90
2023-08-17,3,1,86
2023-08-18,3,1,109
2023-08-19,3,1,123
2023-08-20,3,1,112
2023-08-21,3,1,73
2023-08-22,3,1,73
2023-08-23,3,1,101
2023-08-24,3,1,76
2023-08-25,3,1,107
2023-08-26,3,1,119
2023-08-27,3,1,134
2023-08-28,3,1,76
2023-08-29,3,1,77
2023-08-30,3,1,75
2023-08-31,3,1,100
2023-09-01,3,1,121
2023-09-02,3,1,125
2023-09-03,3,1,96
2023-09-04,3,1,66
2023-09-05,3,1,77
2023-09-06,3,1,77
2023-09-07,3,1,90
2023-09-08,3,1,99
2023-09-09,3,1,105
2023-09-10,3,1,128
2023-09-11,3,1,79
2023-09-12,3,1,70
2023-09-13,3,1,78
2023-09-14,3,1,91
2023-09-15,3,1,113
2023-09-16,3,1,119
2023-09-17,3,1,123
2023-09-18,3,1,68
2023-09-19,3,1,76
2023-09-20,3,1,96
2023-09-21,3,1,95
2023-09-22,3,1,108
2023-09-23,3,1,147
2023-09-24,3,1,112
2023-09-25,3,1,82
2023-09-26,3,1,71
2023-09-27,3,1,86
2023-09-28,3,1,99
2023-09-29,3,1,111
2023-09-30,3,1,122
2023-10-01,3,1,125
2023-10-02,3,1,78
2023-10-03,3,1,75
2023-10-04,3,1,95
2023-10-05,3,1,95
2023-10-06,3,1,111
2023-10-07,3,1,115
2023-10-08,3,1,125
2023-10-09,3,1,70
2023-10-10,3,1,69
2023-10-11,3,1,87
2023-10-12,3,1,106
2023-10-13,3,1,98
2023-10-14,3,1,117
2023-10-15,3,1,123
2023-10-16,3,1,79
2023-10-17,3,1,84
2023-10-18,3,1,108
2023-10-19,3,1,97
2023-10-20,3,1,120
2023-10-21,3,1,122
2023-10-22,3,1,118
2023-10-23,3,1,78
2023-10-24,3,1,88
2023-10-25,3,1,85
2023-10-26,3,1,93
2023-10-27,3,1,101
2023-10-28,3,1,130
2023-10-29,3,1,117
2023-10-30,3,1,70
2023-10-31,3,1,71
2023-11-01,3,1,106
2023-11-02,3,1,88
2023-11-03,3,1,107
2023-11-04,3,1,118
2023-11-05,3,1,101
2023-11-06,3,1,75
2023-11-07,3,1,75
2023-11-08,3,1,84
2023-11-09,3,1,83
2023-11-10,3,1,104
2023-11-11,3,1,130
2023-11-12,3,1,104
2023-11-13,3,1,73
2023-11-14,3,1,98
2023-11-15,3,1,104
2023-11-16,3,1,102
2023-11-17,3,1,112
2023-11-18,3,1,114
2023-11-19,3,1,113
2023-11-20,3,1,74
2023-11-21,3,1,81
2023-11-22,3,1,91
2023-11-23,3,1,112
2023-11-24,3,1,103
2023-11-25,3,1,130
2023-11-26,3,1,109
2023-11-27,3,1,85
2023-11-28,3,1,77
2023-11-29,3,1,102
2023-11-30,3,1,107
2023-12-01,3,1,130
2023-12-02,3,1,138
2023-12-03,3,1,105
2023-12-04,3,1,70
2023-12-05,3,1,100
2023-12-06,3,1,113
2023-12-07,3,1,104
2023-12-08,3,1,139
2023-12-09,3,1,120
2023-12-10,3,1,114
2023-12-11,3,1,89
2023-12-12,3,1,84
2023-12-13,3,1,110
2023-12-14,3,1,98
2023-12-15,3,1,122
2023-12-16,3,1,125
2023-12-17,3,1,134
2023-12-18,3,1,82
2023-12-19,3,1,95
2023-12-20,3,1,94
2023-12-21,3,1,111
2023-12-22,3,1,128
2023-12-23,3,1,136
2023-12-24,3,1,146
2023-12-25,3,1,76
2023-12-26,3,1,80
2023-12-27,3,1,103
2023-12-28,3,1,103
2023-12-29,3,1,126
2023-12-30,3,1,153
2023-12-31,3,1,129
2024-01-01,3,1,74
2024-01-02,3,1,113
2024-01-03,3,1,100
2024-01-04,3,1,104
2024-01-05,3,1,118
2024-01-06,3,1,129
2024-01-07,3,1,119
2024-01-08,3,1,90
2024-01-09,3,1,88
2024-01-10,3,1,99
2024-01-11,3,1,122
2024-01-12,3,1,126
2024-01-13,3,1,154
2024-01-14,3,1,138
2024-01-15,3,1,115
2024-01-16,3,1,85
2024-01-17,3,1,113
2024-01-18,3,1,126
2024-01-19,3,1,125
2024-01-20,3,1,141
2024-01-21,3,1,152
2024-01-22,3,1,100
2024-01-23,3,1,83
2024-01-24,3,1,115
2024-01-25,3,1,98
2024-01-26,3,1,146
2024-01-27,3,1,151
2024-01-28,3,1,139
2024-01-29,3,1,76
2024-01-30,3,1,106
2024-01-31,3,1,132
2024-02-01,3,1,160
2024-02-02,3,1,139
2024-02-03,3,1,189
2024-02-04,3,1,146
2024-02-05,3,1,106
2024-02-06,3,1,102
2024-02-07,3,1,123
2024-02-08,3,1,126
2024-02-09,3,1,111
2024-02-10,3,1,144
2024-02-11,3,1,163
2024-02-12,3,1,89
2024-02-13,3,1,107
2024-02-14,3,1,103
2024-02-15,3,1,156
2024-02-16,3,1,141
2024-02-17,3,1,152
2024-02-18,3,1,140
2024-02-19,3,1,76
2024-02-20,3,1,100
2024-02-21,3,1,105
2024-02-22,3,1,130
2024-02-23,3,1,124
2024-02-24,3,1,142
2024-02-25,3,1,165
2024-02-26,3,1,68
2024-02-27,3,1,91
2024-02-28,3,1,115
2024-02-29,3,1,127
2024-03-01,3,1,148
2024-03-02,3,1,152
2024-03-03,3,1,134
2024-03-04,3,1,104
2024-03-05,3,1,95
2024-03-06,3,1,107
2024-03-07,3,1,140
2024-03-08,3,1,138
2024-03-09,3,1,164
2024-03-10,3,1,153
2024-03-11,3,1,100
2024-03-12,3,1,116
2024-03-13,3,1,128
2024-03-14,3,1,115
2024-03-15,3,1,156
2024-03-16,3,1,164
2024-03-17,3,1,133
2024-03-18,3,1,94
2024-03-19,3,1,101
2024-03-20,3,1,133
2024-03-21,3,1,129
2024-03-22,3,1,133
2024-03-23,3,1,179
2024-03-24,3,1,164
2024-03-25,3,1,81
2024-03-26,3,1,106
2024-03-27,3,1,118
2024-03-28,3,1,126
2024-03-29,3,1,149
2024-03-30,3,1,161
2024-03-31,3,1,141
2024-04-01,3,1,114
2024-04-02,3,1,105
2024-04-03,3,1,94
2024-04-04,3,1,106
2024-04-05,3,1,157
2024-04-06,3,1,170
2024-04-07,3,1,130
2024-04-08,3,1,96
2024-04-09,3,1,124
2024-04-10,3,1,122
2024-04-11,3,1,125
2024-04-12,3,1,116
2024-04-13,3,1,154
2024-04-14,3,1,142
2024-04-15,3,1,114
2024-04-16,3,1,110
2024-04-17,3,1,91
2024-04-18,3,1,125
2024-04-19,3,1,136
2024-04-20,3,1,175
2024-04-21,3,1,156
2024-04-22,3,1,102
2024-04-23,3,1,97
2024-04-24,3,1,118
2024-04-25,3,1,124
2024-04-26,3,1,126
2024-04-27,3,1,196
2024-04-28,3,1,189
2024-04-29,3,1,92
2024-04-30,3,1,113
2024-05-01,3,1,132
2024-05-02,3,1,130
2024-05-03,3,1,142
2024-05-04,3,1,168
2024-05-05,3,1,144
2024-05-06,3,1,114
2024-05-07,3,1,90
2024-05-08,3,1,108
2024-05-09,3,1,122
2024-05-10,3,1,147
2024-05-11,3,1,155
2024-05-12,3,1,133
2024-05-13,3,1,84
2024-05-14,3,1,100
2024-05-15,3,1,143
2024-05-16,3,1,122
2024-05-17,3,1,122
2024-05-18,3,1,184
2024-05-19,3,1,160
2024-05-20,3,1,118
2024-05-21,3,1,119
2024-05-22,3,1,118
2024-05-23,3,1,136
2024-05-24,3,1,146
2024-05-25,3,1,166
2024-05-26,3,1,150
2024-05-27,3,1,104
2024-05-28,3,1,105
2024-05-29,3,1,137
2024-05-30,3,1,136
2024-05-31,3,1,155
2024-06-01,3,1,163
2024-06-02,3,1,154
2024-06-03,3,1,99
2024-06-04,3,1,117
2024-06-05,3,1,97
2024-06-06,3,1,114
2024-06-07,3,1,146
2024-06-08,3,1,181
2024-06-09,3,1,153
2024-06-10,3,1,95
2024-06-11,3,1,88
2024-06-12,3,1,120
2024-06-13,3,1,122
2024-06-14,3,1,134
2024-06-15,3,1,189
2024-06-16,3,1,134
2024-06-17,3,1,101
2024-06-18,3,1,100
2024-06-19,3,1,106
2024-06-20,3,1,133
2024-06-21,3,1,126
2024-06-22,3,1,140
2024-06-23,3,1,132
2024-06-24,3,1,94
2024-06-25,3,1,94
2024-06-26,3,1,119
2024-06-27,3,1,112
2024-06-28,3,1,132
2024-06-29,3,1,144
2024-06-30,3,1,135
2024-07-01,3,1,95
2024-07-02,3,1,87
2024-07-03,3,1,113
2024-07-04,3,1,102
2024-07-05,3,1,134
2024-07-06,3,1,148
2024-07-07,3,1,140
2024-07-08,3,1,85
2024-07-09,3,1,92
2024-07-10,3,1,103
2024-07-11,3,1,108
2024-07-12,3,1,148
2024-07-13,3,1,154
2024-07-14,3,1,137
2024-07-15,3,1,99
2024-07-16,3,1,94
2024-07-17,3,1,95
2024-07-18,3,1,100
2024-07-19,3,1,112
2024-07-20,3,1,167
2024-07-21,3,1,150
2024-07-22,3,1,92
2024-07-23,3,1,85
2024-07-24,3,1,110
2024-07-25,3,1,129
2024-07-26,3,1,121
2024-07-27,3,1,158
2024-07-28,3,1,144
2024-07-29,3,1,81
2024-07-30,3,1,84
2024-07-31,3,1,105
2024-08-01,3,1,115
2024-08-02,3,1,119
2024-08-03,3,1,140
2024-08-04,3,1,125
2024-08-05,3,1,75
2024-08-06,3,1,93
2024-08-07,3,1,79
2024-08-08,3,1,118
2024-08-09,3,1,147
2024-08-10,3,1,109
2024-08-11,3,1,108
2024-08-12,3,1,76
2024-08-13,3,1,87
2024-08-14,3,1,94
2024-08-15,3,1,137
2024-08-16,3,1,140
2024-08-17,3,1,145
2024-08-18,3,1,144
2024-08-19,3,1,66
2024-08-20,3,1,89
2024-08-21,3,1,96
2024-08-22,3,1,107
2024-08-23,3,1,122
2024-08-24,3,1,139
2024-08-25,3,1,132
2024-08-26,3,1,68
2024-08-27,3,1,110
2024-08-28,3,1,81
2024-08-29,3,1,94
2024-08-30,3,1,107
2024-08-31,3,1,146
2024-09-01,3,1,141
2024-09-02,3,1,86
2024-09-03,3,1,106
2024-09-04,3,1,129
2024-09-05,3,1,105
2024-09-06,3,1,122
2024-09-07,3,1,127
2024-09-08,3,1,121
2024-09-09,3,1,86
2024-09-10,3,1,93
2024-09-11,3,1,91
2024-09-12,3,1,116
2024-09-13,3,1,120
2024-09-14,3,1,138
2024-09-15,3,1,137
2024-09-16,3,1,68
2024-09-17,3,1,75
2024-09-18,3,1,95
2024-09-19,3,1,103
2024-09-20,3,1,118
2024-09-21,3,1,128
2024-09-22,3,1,135
2024-09-23,3,1,80
2024-09-24,3,1,81
2024-09-25,3,1,92
2024-09-26,3,1,98
2024-09-27,3,1,129
2024-09-28,3,1,122
2024-09-29,3,1,128
2024-09-30,3,1,72
2024-10-01,3,1,107
2024-10-02,3,1,88
2024-10-03,3,1,109
2024-10-04,3,1,108
2024-10-05,3,1,131
2024-10-06,3,1,130
2024-10-07,3,1,87
2024-10-08,3,1,76
2024-10-09,3,1,98
2024-10-10,3,1,92
2024-10-11,3,1,110
2024-10-12,3,1,114
2024-10-13,3,1,106
2024-10-14,3,1,81
2024-10-15,3,1,121
2024-10-16,3,1,91
2024-10-17,3,1,101
2024-10-18,3,1,116
2024-10-19,3,1,135
2024-10-20,3,1,133
2024-10-21,3,1,77
2024-10-22,3,1,100
2024-10-23,3,1,96
2024-10-24,3,1,114
2024-10-25,3,1,104
2024-10-26,3,1,147
2024-10-27,3,1,124
2024-10-28,3,1,82
2024-10-29,3,1,83
2024-10-30,3,1,95
2024-10-31,3,1,102
2024-11-01,3,1,140
2024-11-02,3,1,143
2024-11-03,3,1,113
2024-11-04,3,1,96
2024-11-05,3,1,89
2024-11-06,3,1,105
2024-11-07,3,1,101
2024-11-08,3,1,116
2024-11-09,3,1,165
2024-11-10,3,1,134
2024-11-11,3,1,82
2024-11-12,3,1,90
2024-11-13,3,1,117
2024-11-14,3,1,113
2024-11-15,3,1,147
2024-11-16,3,1,147
2024-11-17,3,1,133
2024-11-18,3,1,68
2024-11-19,3,1,80
2024-11-20,3,1,118
2024-11-21,3,1,111
2024-11-22,3,1,123
2024-11-23,3,1,136
2024-11-24,3,1,130
2024-11-25,3,1,83
2024-11-26,3,1,88
2024-11-27,3,1,108
2024-11-28,3,1,121
2024-11-29,3,1,131
2024-11-30,3,1,134
2024-12-01,3,1,166
2024-12-02,3,1,96
2024-12-03,3,1,87
2024-12-04,3,1,127
2024-12-05,3,1,117
2024-12-06,3,1,114
2024-12-07,3,1,139
2024-12-08,3,1,138
2024-12-09,3,1,85
2024-12-10,3,1,107
2024-12-11,3,1,112
2024-12-12,3,1,129
2024-12-13,3,1,130
2024-12-14,3,1,155
2024-12-15,3,1,159
2024-12-16,3,1,91
2024-12-17,3,1,101
2024-12-18,3,1,103
2024-12-19,3,1,105
2024-12-20,3,1,142
2024-12-21,3,1,164
2024-12-22,3,1,137
2024-12-23,3,1,83
2024-12-24,3,1,100
2024-12-25,3,1,121
2024-12-26,3,1,120
2024-12-27,3,1,124
2024-12-28,3,1,152
2024-12-29,3,1,160
2024-12-30,3,1,89
2024-12-31,3,1,89
2022-01-01,3,2,142
2022-01-02,3,2,108
2022-01-03,3,2,75
2022-01-04,3,2,94
2022-01-05,3,2,78
2022-01-06,3,2,83
2022-01-07,3,2,102
2022-01-08,3,2,168
2022-01-09,3,2,117
2022-01-10,3,2,87
2022-01-11,3,2,92
2022-01-12,3,2,92
2022-01-13,3,2,109
2022-01-14,3,2,107
2022-01-15,3,2,172
2022-01-16,3,2,127
2022-01-17,3,2,73
2022-01-18,3,2,85
2022-01-19,3,2,94
2022-01-20,3,2,110
2022-01-21,3,2,130
2022-01-22,3,2,136
2022-01-23,3,2,139
2022-01-24,3,2,84
2022-01-25,3,2,101
2022-01-26,3,2,96
2022-01-27,3,2,101
2022-01-28,3,2,129
2022-01-29,3,2,132
2022-01-30,3,2,119
2022-01-31,3,2,75
2022-02-01,3,2,100
2022-02-02,3,2,89
2022-02-03,3,2,103
2022-02-04,3,2,106
2022-02-05,3,2,147
2022-02-06,3,2,98
2022-02-07,3,2,79
2022-02-08,3,2,87
2022-02-09,3,2,101
2022-02-10,3,2,113
2022-02-11,3,2,113
2022-02-12,3,2,128
2022-02-13,3,2,120
2022-02-14,3,2,63
2022-02-15,3,2,96
2022-02-16,3,2,95
2022-02-17,3,2,116
2022-02-18,3,2,128
2022-02-19,3,2,144
2022-02-20,3,2,144
2022-02-21,3,2,78
2022-02-22,3,2,93
2022-02-23,3,2,103
2022-02-24,3,2,113
2022-02-25,3,2,105
2022-02-26,3,2,170
2022-02-27,3,2,152
2022-02-28,3,2,73
2022-03-01,3,2,109
2022-03-02,3,2,98
2022-03-03,3,2,104
2022-03-04,3,2,149
2022-03-05,3,2,172
2022-03-06,3,2,137
2022-03-07,3,2,100
2022-03-08,3,2,99
2022-03-09,3,2,83
2022-03-10,3,2,105
2022-03-11,3,2,115
2022-03-12,3,2,159
2022-03-13,3,2,119
2022-03-14,3,2,87
2022-03-15,3,2,111
2022-03-16,3,2,100
2022-03-17,3,2,123
2022-03-18,3,2,113
2022-03-19,3,2,138
2022-03-20,3,2,138
2022-03-21,3,2,72
2022-03-22,3,2,95
2022-03-23,3,2,112
2022-03-24,3,2,110
2022-03-25,3,2,146
2022-03-26,3,2,125
2022-03-27,3,2,164
2022-03-28,3,2,99
2022-03-29,3,2,106
2022-03-30,3,2,126
2022-03-31,3,2,129
2022-04-01,3,2,153
2022-04-02,3,2,156
2022-04-03,3,2,145
2022-04-04,3,2,71
2022-04-05,3,2,88
2022-04-06,3,2,105
2022-04-07,3,2,112
2022-04-08,3,2,111
2022-04-09,3,2,148
2022-04-10,3,2,133
2022-04-11,3,2,92
2022-04-12,3,2,125
2022-04-13,3,2,112
2022-04-14,3,2,119
2022-04-15,3,2,155
2022-04-16,3,2,154
2022-04-17,3,2,135
2022-04-18,3,2,79
2022-04-19,3,2,122
2022-04-20,3,2,108
2022-04-21,3,2,106
2022-04-22,3,2,140
2022-04-23,3,2,162
2022-04-24,3,2,154
2022-04-25,3,2,79
2022-04-26,3,2,96
2022-04-27,3,2,113
2022-04-28,3,2,103
2022-04-29,3,2,130
2022-04-30,3,2,137
2022-05-01,3,2,162
2022-05-02,3,2,82
2022-05-03,3,2,117
2022-05-04,3,2,109
2022-05-05,3,2,109
2022-05-06,3,2,120
2022-05-07,3,2,156
2022-05-08,3,2,146
2022-05-09,3,2,91
2022-05-10,3,2,98
2022-05-11,3,2,114
2022-05-12,3,2,117
2022-05-13,3,2,140
2022-05-14,3,2,145
2022-05-15,3,2,149
2022-05-16,3,2,86
2022-05-17,3,2,83
2022-05-18,3,2,111
2022-05-19,3,2,131
2022-05-20,3,2,124
2022-05-21,3,2,125
2022-05-22,3,2,131
2022-05-23,3,2,79
2022-05-24,3,2,114
2022-05-25,3,2,109
2022-05-26,3,2,119
2022-05-27,3,2,111
2022-05-28,3,2,154
2022-05-29,3,2,122
2022-05-30,3,2,75
2022-05-31,3,2,92
2022-06-01,3,2,130
2022-06-02,3,2,120
2022-06-03,3,2,117
2022-06-04,3,2,124
2022-06-05,3,2,122
2022-06-06,3,2,74
2022-06-07,3,2,94
2022-06-08,3,2,92
2022-06-09,3,2,121
2022-06-10,3,2,109
2022-06-11,3,2,137
2022-06-12,3,2,135
2022-06-13,3,2,96
2022-06-14,3,2,79
2022-06-15,3,2,124
2022-06-16,3,2,120
2022-06-17,3,2,104
2022-06-18,3,2,145
2022-06-19,3,2,135
2022-06-20,3,2,75
2022-06-21,3,2,90
2022-06-22,3,2,109
2022-06-23,3,2,96
2022-06-24,3,2,115
2022-06-25,3,2,138
2022-06-26,3,2,129
2022-06-27,3,2,71
2022-06-28,3,2,82
2022-06-29,3,2,98
2022-06-30,3,2,106
2022-07-01,3,2,125
2022-07-02,3,2,152
2022-07-03,3,2,143
2022-07-04,3,2,81
2022-07-05,3,2,81
2022-07-06,3,2,100
2022-07-07,3,2,83
2022-07-08,3,2,122
2022-07-09,3,2,143
2022-07-10,3,2,129
2022-07-11,3,2,79
2022-07-12,3,2,84
2022-07-13,3,2,104
2022-07-14,3,2,113
2022-07-15,3,2,139
2022-07-16,3,2,128
2022-07-17,3,2,131
2022-07-18,3,2,74
2022-07-19,3,2,99
2022-07-20,3,2,112
2022-07-21,3,2,102
2022-07-22,3,2,119
2022-07-23,3,2,120
2022-07-24,3,2,107
2022-07-25,3,2,88
2022-07-26,3,2,87
2022-07-27,3,2,112
2022-07-28,3,2,82
2022-07-29,3,2,106
2022-07-30,3,2,138
2022-07-31,3,2,105
2022-08-01,3,2,102
2022-08-02,3,2,76
2022-08-03,3,2,79
2022-08-04,3,2,90
2022-08-05,3,2,130
2022-08-06,3,2,135
2022-08-07,3,2,106
2022-08-08,3,2,67
2022-08-09,3,2,89
2022-08-10,3,2,98
2022-08-11,3,2,107
2022-08-12,3,2,131
2022-08-13,3,2,104
2022-08-14,3,2,113
2022-08-15,3,2,99
2022-08-16,3,2,97
2022-08-17,3,2,96
2022-08-18,3,2,94
2022-08-19,3,2,108
2022-08-20,3,2,137
2022-08-21,3,2,130
2022-08-22,3,2,55
2022-08-23,3,2,78
2022-08-24,3,2,84
2022-08-25,3,2,86
2022-08-26,3,2,111
2022-08-27,3,2,132
2022-08-28,3,2,107
2022-08-29,3,2,77
2022-08-30,3,2,93
2022-08-31,3,2,88
2022-09-01,3,2,120
2022-09-02,3,2,120
2022-09-03,3,2,135
2022-09-04,3,2,118
2022-09-05,3,2,71
2022-09-06,3,2,116
2022-09-07,3,2,101
2022-09-08,3,2,81
2022-09-09,3,2,98
2022-09-10,3,2,124
2022-09-11,3,2,116
2022-09-12,3,2,82
2022-09-13,3,2,98
2022-09-14,3,2,81
2022-09-15,3,2,112
2022-09-16,3,2,113
2022-09-17,3,2,146
2022-09-18,3,2,114
2022-09-19,3,2,75
2022-09-20,3,2,84
2022-09-21,3,2,95
2022-09-22,3,2,93
2022-09-23,3,2,96
2022-09-24,3,2,137
2022-09-25,3,2,113
2022-09-26,3,2,74
2022-09-27,3,2,78
2022-09-28,3,2,79
2022-09-29,3,2,93
2022-09-30,3,2,114
2022-10-01,3,2,157
2022-10-02,3,2,120
2022-10-03,3,2,66
2022-10-04,3,2,98
2022-10-05,3,2,78
2022-10-06,3,2,91
2022-10-07,3,2,110
2022-10-08,3,2,129
2022-10-09,3,2,108
2022-10-10,3,2,63
2022-10-11,3,2,71
2022-10-12,3,2,95
2022-10-13,3,2,111
2022-10-14,3,2,121
2022-10-15,3,2,137
2022-10-16,3,2,130
2022-10-17,3,2,62
2022-10-18,3,2,92
2022-10-19,3,2,91
2022-10-20,3,2,90
2022-10-21,3,2,106
2022-10-22,3,2,117
2022-10-23,3,2,107
2022-10-24,3,2,88
2022-10-25,3,2,70
2022-10-26,3,2,98
2022-10-27,3,2,92
2022-10-28,3,2,111
2022-10-29,3,2,123
2022-10-30,3,2,98
2022-10-31,3,2,70
2022-11-01,3,2,89
2022-11-02,3,2,104
2022-11-03,3,2,84
2022-11-04,3,2,100
2022-11-05,3,2,116
2022-11-06,3,2,120
2022-11-07,3,2,76
2022-11-08,3,2,82
2022-11-09,3,2,109
2022-11-10,3,2,96
2022-11-11,3,2,115
2022-11-12,3,2,126
2022-11-13,3,2,106
2022-11-14,3,2,81
2022-11-15,3,2,105
2022-11-16,3,2,109
2022-11-17,3,2,88
2022-11-18,3,2,105
2022-11-19,3,2,132
2022-11-20,3,2,127
2022-11-21,3,2,83
2022-11-22,3,2,79
2022-11-23,3,2,106
2022-11-24,3,2,84
2022-11-25,3,2,130
2022-11-26,3,2,140
2022-11-27,3,2,130
2022-11-28,3,2,82
2022-11-29,3,2,91
2022-11-30,3,2,108
2022-12-01,3,2,137
2022-12-02,3,2,118
2022-12-03,3,2,142
2022-12-04,3,2,135
2022-12-05,3,2,76
2022-12-06,3,2,91
2022-12-07,3,2,108
2022-12-08,3,2,127
2022-12-09,3,2,133
2022-12-10,3,2,115
2022-12-11,3,2,111
2022-12-12,3,2,85
2022-12-13,3,2,98
2022-12-14,3,2,112
2022-12-15,3,2,123
2022-12-16,3,2,117
2022-12-17,3,2,145
2022-12-18,3,2,126
2022-12-19,3,2,76
2022-12-20,3,2,88
2022-12-21,3,2,106
2022-12-22,3,2,118
2022-12-23,3,2,135
2022-12-24,3,2,139
2022-12-25,3,2,106
2022-12-26,3,2,76
2022-12-27,3,2,109
2022-12-28,3,2,96
2022-12-29,3,2,111
2022-12-30,3,2,136
2022-12-31,3,2,147
2023-01-01,3,2,150
2023-01-02,3,2,68
2023-01-03,3,2,115
2023-01-04,3,2,92
2023-01-05,3,2,101
2023-01-06,3,2,121
2023-01-07,3,2,154
2023-01-08,3,2,135
2023-01-09,3,2,76
2023-01-10,3,2,87
2023-01-11,3,2,105
2023-01-12,3,2,133
2023-01-13,3,2,150
2023-01-14,3,2,149
2023-01-15,3,2,173
2023-01-16,3,2,97
2023-01-17,3,2,109
2023-01-18,3,2,113
2023-01-19,3,2,95
2023-01-20,3,2,140
2023-01-21,3,2,128
2023-01-22,3,2,136
2023-01-23,3,2,78
2023-01-24,3,2,97
2023-01-25,3,2,115
2023-01-26,3,2,115
2023-01-27,3,2,116
2023-01-28,3,2,161
2023-01-29,3,2,140
2023-01-30,3,2,83
2023-01-31,3,2,111
2023-02-01,3,2,136
2023-02-02,3,2,129
2023-02-03,3,2,126
2023-02-04,3,2,167
2023-02-05,3,2,133
2023-02-06,3,2,95
2023-02-07,3,2,115
2023-02-08,3,2,102
2023-02-09,3,2,130
2023-02-10,3,2,142
2023-02-11,3,2,144
2023-02-12,3,2,156
2023-02-13,3,2,87
2023-02-14,3,2,115
2023-02-15,3,2,126
2023-02-16,3,2,129
2023-02-17,3,2,149
2023-02-18,3,2,156
2023-02-19,3,2,135
2023-02-20,3,2,80
2023-02-21,3,2,87
2023-02-22,3,2,144
2023-02-23,3,2,117
2023-02-24,3,2,119
2023-02-25,3,2,160
2023-02-26,3,2,153
2023-02-27,3,2,110
2023-02-28,3,2,95
2023-03-01,3,2,112
2023-03-02,3,2,141
2023-03-03,3,2,135
2023-03-04,3,2,180
2023-03-05,3,2,151
2023-03-06,3,2,109
2023-03-07,3,2,97
2023-03-08,3,2,135
2023-03-09,3,2,115
2023-03-10,3,2,152
2023-03-11,3,2,150
2023-03-12,3,2,152
2023-03-13,3,2,98
2023-03-14,3,2,128
2023-03-15,3,2,162
2023-03-16,3,2,131
2023-03-17,3,2,149
2023-03-18,3,2,185
2023-03-19,3,2,166
2023-03-20,3,2,106
2023-03-21,3,2,112
2023-03-22,3,2,143
2023-03-23,3,2,125
2023-03-24,3,2,152
2023-03-25,3,2,186
2023-03-26,3,2,139
2023-03-27,3,2,93
2023-03-28,3,2,102
2023-03-29,3,2,132
2023-03-30,3,2,119
2023-03-31,3,2,144
2023-04-01,3,2,189
2023-04-02,3,2,138
2023-04-03,3,2,114
2023-04-04,3,2,117
2023-04-05,3,2,111
2023-04-06,3,2,107
2023-04-07,3,2,137
2023-04-08,3,2,180
2023-04-09,3,2,152
2023-04-10,3,2,103
2023-04-11,3,2,120
2023-04-12,3,2,94
2023-04-13,3,2,112
2023-04-14,3,2,117
2023-04-15,3,2,177
2023-04-16,3,2,158
2023-04-17,3,2,94
2023-04-18,3,2,107
2023-04-19,3,2,126
2023-04-20,3,2,131
2023-04-21,3,2,118
2023-04-22,3,2,179
2023-04-23,3,2,149
2023-04-24,3,2,89
2023-04-25,3,2,113
2023-04-26,3,2,111
2023-04-27,3,2,122
2023-04-28,3,2,148
2023-04-29,3,2,168
2023-04-30,3,2,152
2023-05-01,3,2,104
2023-05-02,3,2,115
2023-05-03,3,2,129
2023-05-04,3,2,129
2023-05-05,3,2,145
2023-05-06,3,2,155
2023-05-07,3,2,142
2023-05-08,3,2,99
2023-05-09,3,2,120
2023-05-10,3,2,114
2023-05-11,3,2,125
2023-05-12,3,2,161
2023-05-13,3,2,184
2023-05-14,3,2,161
2023-05-15,3,2,106
2023-05-16,3,2,101
2023-05-17,3,2,127
2023-05-18,3,2,125
2023-05-19,3,2,140
2023-05-20,3,2,147
2023-05-21,3,2,146
2023-05-22,3,2,91
2023-05-23,3,2,94
2023-05-24,3,2,112
2023-05-25,3,2,108
2023-05-26,3,2,146
2023-05-27,3,2,165
2023-05-28,3,2,152
2023-05-29,3,2,100
2023-05-30,3,2,110
2023-05-31,3,2,111
2023-06-01,3,2,152
2023-06-02,3,2,147
2023-06-03,3,2,157
2023-06-04,3,2,132
2023-06-05,3,2,74
2023-06-06,3,2,101
2023-06-07,3,2,125
2023-06-08,3,2,120
2023-06-09,3,2,158
2023-06-10,3,2,152
2023-06-11,3,2,148
2023-06-12,3,2,97
2023-06-13,3,2,120
2023-06-14,3,2,104
2023-06-15,3,2,168
2023-06-16,3,2,142
2023-06-17,3,2,167
2023-06-18,3,2,135
2023-06-19,3,2,79
2023-06-20,3,2,100
2023-06-21,3,2,108
2023-06-22,3,2,115
2023-06-23,3,2,110
2023-06-24,3,2,145
2023-06-25,3,2,146
2023-06-26,3,2,102
2023-06-27,3,2,116
2023-06-28,3,2,100
2023-06-29,3,2,91
2023-06-30,3,2,116
2023-07-01,3,2,169
2023-07-02,3,2,159
2023-07-03,3,2,84
2023-07-04,3,2,101
2023-07-05,3,2,113
2023-07-06,3,2,121
2023-07-07,3,2,120
2023-07-08,3,2,140
2023-07-09,3,2,147
2023-07-10,3,2,102
2023-07-11,3,2,83
2023-07-12,3,2,108
2023-07-13,3,2,112
2023-07-14,3,2,130
2023-07-15,3,2,166
2023-07-16,3,2,130
2023-07-17,3,2,81
2023-07-18,3,2,97
2023-07-19,3,2,104
2023-07-20,3,2,121
2023-07-21,3,2,124
2023-07-22,3,2,146
2023-07-23,3,2,131
2023-07-24,3,2,98
2023-07-25,3,2,98
2023-07-26,3,2,92
2023-07-27,3,2,124
2023-07-28,3,2,137
2023-07-29,3,2,147
2023-07-30,3,2,130
2023-07-31,3,2,79
2023-08-01,3,2,127
2023-08-02,3,2,104
2023-08-03,3,2,110
2023-08-04,3,2,115
2023-08-05,3,2,157
2023-08-06,3,2,128
2023-08-07,3,2,83
2023-08-08,3,2,83
2023-08-09,3,2,92
2023-08-10,3,2,107
2023-08-11,3,2,128
2023-08-12,3,2,139
2023-08-13,3,2,133
2023-08-14,3,2,74
2023-08-15,3,2,133
2023-08-16,3,2,103
2023-08-17,3,2,103
2023-08-18,3,2,100
2023-08-19,3,2,123
2023-08-20,3,2,126
2023-08-21,3,2,101
2023-08-22,3,2,81
2023-08-23,3,2,96
2023-08-24,3,2,100
2023-08-25,3,2,138
2023-08-26,3,2,132
2023-08-27,3,2,136
2023-08-28,3,2,86
2023-08-29,3,2,99
2023-08-30,3,2,87
2023-08-31,3,2,113
2023-09-01,3,2,133
2023-09-02,3,2,139
2023-09-03,3,2,97
2023-09-04,3,2,80
2023-09-05,3,2,88
2023-09-06,3,2,106
2023-09-07,3,2,130
2023-09-08,3,2,126
2023-09-09,3,2,130
2023-09-10,3,2,110
2023-09-11,3,2,85
2023-09-12,3,2,85
2023-09-13,3,2,92
2023-09-14,3,2,101
2023-09-15,3,2,136
2023-09-16,3,2,118
2023-09-17,3,2,101
2023-09-18,3,2,99
2023-09-19,3,2,92
2023-09-20,3,2,99
2023-09-21,3,2,114
2023-09-22,3,2,107
2023-09-23,3,2,138
2023-09-24,3,2,124
2023-09-25,3,2,67
2023-09-26,3,2,83
2023-09-27,3,2,93
2023-09-28,3,2,113
2023-09-29,3,2,105
2023-09-30,3,2,147
2023-10-01,3,2,134
2023-10-02,3,2,96
2023-10-03,3,2,94
2023-10-04,3,2,95
2023-10-05,3,2,108
2023-10-06,3,2,106
2023-10-07,3,2,148
2023-10-08,3,2,106
2023-10-09,3,2,78
2023-10-10,3,2,84
2023-10-11,3,2,110
2023-10-12,3,2,122
2023-10-13,3,2,133
2023-10-14,3,2,137
2023-10-15,3,2,144
2023-10-16,3,2,84
2023-10-17,3,2,83
2023-10-18,3,2,110
2023-10-19,3,2,117
2023-10-20,3,2,102
2023-10-21,3,2,143
2023-10-22,3,2,119
2023-10-23,3,2,100
2023-10-24,3,2,108
2023-10-25,3,2,93
2023-10-26,3,2,100
2023-10-27,3,2,127
2023-10-28,3,2,158
2023-10-29,3,2,114
2023-10-30,3,2,75
2023-10-31,3,2,82
2023-11-01,3,2,138
2023-11-02,3,2,99
2023-11-03,3,2,135
2023-11-04,3,2,137
2023-11-05,3,2,113
2023-11-06,3,2,76
2023-11-07,3,2,89
2023-11-08,3,2,122
2023-11-09,3,2,119
2023-11-10,3,2,130
2023-11-11,3,2,143
2023-11-12,3,2,124
2023-11-13,3,2,100
2023-11-14,3,2,99
2023-11-15,3,2,149
2023-11-16,3,2,101
2023-11-17,3,2,110
2023-11-18,3,2,142
2023-11-19,3,2,135
2023-11-20,3,2,67
2023-11-21,3,2,99
2023-11-22,3,2,111
2023-11-23,3,2,112
2023-11-24,3,2,127
2023-11-25,3,2,143
2023-11-26,3,2,140
2023-11-27,3,2,78
2023-11-28,3,2,109
2023-11-29,3,2,92
2023-11-30,3,2,122
2023-12-01,3,2,158
2023-12-02,3,2,153
2023-12-03,3,2,126
2023-12-04,3,2,86
2023-12-05,3,2,107
2023-12-06,3,2,103
2023-12-07,3,2,88
2023-12-08,3,2,126
2023-12-09,3,2,121
2023-12-10,3,2,125
2023-12-11,3,2,85
2023-12-12,3,2,93
2023-12-13,3,2,115
2023-12-14,3,2,111
2023-12-15,3,2,167
2023-12-16,3,2,154
2023-12-17,3,2,145
2023-12-18,3,2,107
2023-12-19,3,2,98
2023-12-20,3,2,120
2023-12-21,3,2,102
2023-12-22,3,2,136
2023-12-23,3,2,137
2023-12-24,3,2,155
2023-12-25,3,2,100
2023-12-26,3,2,91
2023-12-27,3,2,113
2023-12-28,3,2,116
2023-12-29,3,2,156
2023-12-30,3,2,143
2023-12-31,3,2,162
2024-01-01,3,2,118
2024-01-02,3,2,110
2024-01-03,3,2,124
2024-01-04,3,2,139
2024-01-05,3,2,146
2024-01-06,3,2,172
2024-01-07,3,2,163
2024-01-08,3,2,97
2024-01-09,3,2,104
2024-01-10,3,2,131
2024-01-11,3,2,136
2024-01-12,3,2,130
2024-01-13,3,2,159
2024-01-14,3,2,161
2024-01-15,3,2,110
2024-01-16,3,2,109
2024-01-17,3,2,95
2024-01-18,3,2,135
2024-01-19,3,2,146
2024-01-20,3,2,152
2024-01-21,3,2,153
2024-01-22,3,2,112
2024-01-23,3,2,100
2024-01-24,3,2,107
2024-01-25,3,2,151
2024-01-26,3,2,119
2024-01-27,3,2,176
2024-01-28,3,2,144
2024-01-29,3,2,104
2024-01-30,3,2,104
2024-01-31,3,2,116
2024-02-01,3,2,164
2024-02-02,3,2,129
2024-02-03,3,2,184
2024-02-04,3,2,144
2024-02-05,3,2,113
2024-02-06,3,2,105
2024-02-07,3,2,135
2024-02-08,3,2,149
2024-02-09,3,2,161
2024-02-10,3,2,185
2024-02-11,3,2,155
2024-02-12,3,2,105
2024-02-13,3,2,112
2024-02-14,3,2,142
2024-02-15,3,2,158
2024-02-16,3,2,130
2024-02-17,3,2,182
2024-02-18,3,2,167
2024-02-19,3,2,123
2024-02-20,3,2,124
2024-02-21,3,2,138
2024-02-22,3,2,120
2024-02-23,3,2,152
2024-02-24,3,2,179
2024-02-25,3,2,191
2024-02-26,3,2,113
2024-02-27,3,2,117
2024-02-28,3,2,128
2024-02-29,3,2,147
2024-03-01,3,2,151
2024-03-02,3,2,159
2024-03-03,3,2,153
2024-03-04,3,2,106
2024-03-05,3,2,101
2024-03-06,3,2,139
2024-03-07,3,2,128
2024-03-08,3,2,164
2024-03-09,3,2,189
2024-03-10,3,2,174
2024-03-11,3,2,105
2024-03-12,3,2,123
2024-03-13,3,2,127
2024-03-14,3,2,164
2024-03-15,3,2,188
2024-03-16,3,2,185
2024-03-17,3,2,166
2024-03-18,3,2,108
2024-03-19,3,2,110
2024-03-20,3,2,142
2024-03-21,3,2,155
2024-03-22,3,2,148
2024-03-23,3,2,198
2024-03-24,3,2,155
2024-03-25,3,2,100
2024-03-26,3,2,106
2024-03-27,3,2,129
2024-03-28,3,2,125
2024-03-29,3,2,152
2024-03-30,3,2,168
2024-03-31,3,2,192
2024-04-01,3,2,112
2024-04-02,3,2,139
2024-04-03,3,2,122
2024-04-04,3,2,137
2024-04-05,3,2,156
2024-04-06,3,2,179
2024-04-07,3,2,169
2024-04-08,3,2,113
2024-04-09,3,2,133
2024-04-10,3,2,124
2024-04-11,3,2,155
2024-04-12,3,2,154
2024-04-13,3,2,209
2024-04-14,3,2,140
2024-04-15,3,2,131
2024-04-16,3,2,125
2024-04-17,3,2,147
2024-04-18,3,2,114
2024-04-19,3,2,177
2024-04-20,3,2,172
2024-04-21,3,2,166
2024-04-22,3,2,99
2024-04-23,3,2,125
2024-04-24,3,2,134
2024-04-25,3,2,155
2024-04-26,3,2,151
2024-04-27,3,2,186
2024-04-28,3,2,149
2024-04-29,3,2,89
2024-04-30,3,2,112
2024-05-01,3,2,155
2024-05-02,3,2,173
2024-05-03,3,2,157
2024-05-04,3,2,158
2024-05-05,3,2,166
2024-05-06,3,2,98
2024-05-07,3,2,130
2024-05-08,3,2,122
2024-05-09,3,2,154
2024-05-10,3,2,140
2024-05-11,3,2,179
2024-05-12,3,2,190
2024-05-13,3,2,104
2024-05-14,3,2,128
2024-05-15,3,2,167
2024-05-16,3,2,125
2024-05-17,3,2,167
2024-05-18,3,2,178
2024-05-19,3,2,159
2024-05-20,3,2,102
2024-05-21,3,2,124
2024-05-22,3,2,130
2024-05-23,3,2,152
2024-05-24,3,2,147
2024-05-25,3,2,173
2024-05-26,3,2,167
2024-05-27,3,2,114
2024-05-28,3,2,116
2024-05-29,3,2,133
2024-05-30,3,2,138
2024-05-31,3,2,156
2024-06-01,3,2,206
2024-06-02,3,2,165
2024-06-03,3,2,115
2024-06-04,3,2,129
2024-06-05,3,2,127
2024-06-06,3,2,115
2024-06-07,3,2,158
2024-06-08,3,2,177
2024-06-09,3,2,160
2024-06-10,3,2,106
2024-06-11,3,2,117
2024-06-12,3,2,119
2024-06-13,3,2,139
2024-06-14,3,2,156
2024-06-15,3,2,226
2024-06-16,3,2,148
2024-06-17,3,2,96
2024-06-18,3,2,122
2024-06-19,3,2,108
2024-06-20,3,2,120
2024-06-21,3,2,128
2024-06-22,3,2,173
2024-06-23,3,2,141
2024-06-24,3,2,81
2024-06-25,3,2,113
2024-06-26,3,2,122
2024-06-27,3,2,115
2024-06-28,3,2,153
2024-06-29,3,2,170
2024-06-30,3,2,145
2024-07-01,3,2,108
2024-07-02,3,2,106
2024-07-03,3,2,154
2024-07-04,3,2,151
2024-07-05,3,2,149
2024-07-06,3,2,176
2024-07-07,3,2,141
2024-07-08,3,2,92
2024-07-09,3,2,112
2024-07-10,3,2,136
2024-07-11,3,2,113
2024-07-12,3,2,177
2024-07-13,3,2,176
2024-07-14,3,2,161
2024-07-15,3,2,115
2024-07-16,3,2,123
2024-07-17,3,2,111
2024-07-18,3,2,138
2024-07-19,3,2,152
2024-07-20,3,2,163
2024-07-21,3,2,145
2024-07-22,3,2,117
2024-07-23,3,2,98
2024-07-24,3,2,106
2024-07-25,3,2,135
2024-07-26,3,2,144
2024-07-27,3,2,158
2024-07-28,3,2,159
2024-07-29,3,2,94
2024-07-30,3,2,98
2024-07-31,3,2,92
2024-08-01,3,2,187
2024-08-02,3,2,123
2024-08-03,3,2,163
2024-08-04,3,2,137
2024-08-05,3,2,101
2024-08-06,3,2,119
2024-08-07,3,2,103
2024-08-08,3,2,99
2024-08-09,3,2,133
2024-08-10,3,2,157
2024-08-11,3,2,157
2024-08-12,3,2,80
2024-08-13,3,2,100
2024-08-14,3,2,106
2024-08-15,3,2,136
2024-08-16,3,2,137
2024-08-17,3,2,174
2024-08-18,3,2,155
2024-08-19,3,2,71
2024-08-20,3,2,107
2024-08-21,3,2,107
2024-08-22,3,2,130
2024-08-23,3,2,143
2024-08-24,3,2,147
2024-08-25,3,2,139
2024-08-26,3,2,84
2024-08-27,3,2,84
2024-08-28,3,2,107
2024-08-29,3,2,108
2024-08-30,3,2,128
2024-08-31,3,2,170
2024-09-01,3,2,178
2024-09-02,3,2,115
2024-09-03,3,2,96
2024-09-04,3,2,110
2024-09-05,3,2,127
2024-09-06,3,2,122
2024-09-07,3,2,175
2024-09-08,3,2,134
2024-09-09,3,2,79
2024-09-10,3,2,84
2024-09-11,3,2,105
2024-09-12,3,2,99
2024-09-13,3,2,122
2024-09-14,3,2,146
2024-09-15,3,2,177
2024-09-16,3,2,83
2024-09-17,3,2,101
2024-09-18,3,2,92
2024-09-19,3,2,129
2024-09-20,3,2,145
2024-09-21,3,2,166
2024-09-22,3,2,164
2024-09-23,3,2,101
2024-09-24,3,2,102
2024-09-25,3,2,100
2024-09-26,3,2,121
2024-09-27,3,2,135
2024-09-28,3,2,132
2024-09-29,3,2,142
2024-09-30,3,2,105
2024-10-01,3,2,108
2024-10-02,3,2,108
2024-10-03,3,2,123
2024-10-04,3,2,134
2024-10-05,3,2,162
2024-10-06,3,2,154
2024-10-07,3,2,100
2024-10-08,3,2,94
2024-10-09,3,2,114
2024-10-10,3,2,118
2024-10-11,3,2,129
2024-10-12,3,2,143
2024-10-13,3,2,140
2024-10-14,3,2,97
2024-10-15,3,2,107
2024-10-16,3,2,100
2024-10-17,3,2,118
2024-10-18,3,2,131
2024-10-19,3,2,164
2024-10-20,3,2,165
2024-10-21,3,2,99
2024-10-22,3,2,88
2024-10-23,3,2,116
2024-10-24,3,2,110
2024-10-25,3,2,145
2024-10-26,3,2,134
2024-10-27,3,2,150
2024-10-28,3,2,105
2024-10-29,3,2,112
2024-10-30,3,2,98
2024-10-31,3,2,109
2024-11-01,3,2,161
2024-11-02,3,2,129
2024-11-03,3,2,160
2024-11-04,3,2,108
2024-11-05,3,2,104
2024-11-06,3,2,91
2024-11-07,3,2,106
2024-11-08,3,2,126
2024-11-09,3,2,152
2024-11-10,3,2,161
2024-11-11,3,2,94
2024-11-12,3,2,103
2024-11-13,3,2,122
2024-11-14,3,2,138
2024-11-15,3,2,158
2024-11-16,3,2,157
2024-11-17,3,2,131
2024-11-18,3,2,83
2024-11-19,3,2,119
2024-11-20,3,2,111
2024-11-21,3,2,122
2024-11-22,3,2,140
2024-11-23,3,2,161
2024-11-24,3,2,175
2024-11-25,3,2,111
2024-11-26,3,2,122
2024-11-27,3,2,124
2024-11-28,3,2,125
2024-11-29,3,2,147
2024-11-30,3,2,156
2024-12-01,3,2,184
2024-12-02,3,2,85
2024-12-03,3,2,89
2024-12-04,3,2,125
2024-12-05,3,2,143
2024-12-06,3,2,144
2024-12-07,3,2,196
2024-12-08,3,2,147
2024-12-09,3,2,102
2024-12-10,3,2,98
2024-12-11,3,2,123
2024-12-12,3,2,114
2024-12-13,3,2,149
2024-12-14,3,2,167
2024-12-15,3,2,182
2024-12-16,3,2,119
2024-12-17,3,2,110
2024-12-18,3,2,119
2024-12-19,3,2,137
2024-12-20,3,2,140
2024-12-21,3,2,194
2024-12-22,3,2,153
2024-12-23,3,2,85
2024-12-24,3,2,112
2024-12-25,3,2,132
2024-12-26,3,2,132
2024-12-27,3,2,193
2024-12-28,3,2,167
2024-12-29,3,2,145
2024-12-30,3,2,93
2024-12-31,3,2,119
2022-01-01,3,3,180
2022-01-02,3,3,140
2022-01-03,3,3,100
2022-01-04,3,3,87
2022-01-05,3,3,115
2022-01-06,3,3,113
2022-01-07,3,3,121
2022-01-08,3,3,148
2022-01-09,3,3,120
2022-01-10,3,3,86
2022-01-11,3,3,86
2022-01-12,3,3,102
2022-01-13,3,3,102
2022-01-14,3,3,118
2022-01-15,3,3,186
2022-01-16,3,3,130
2022-01-17,3,3,76
2022-01-18,3,3,85
2022-01-19,3,3,105
2022-01-20,3,3,109
2022-01-21,3,3,123
2022-01-22,3,3,151
2022-01-23,3,3,146
2022-01-24,3,3,84
2022-01-25,3,3,118
2022-01-26,3,3,98
2022-01-27,3,3,112
2022-01-28,3,3,121
2022-01-29,3,3,137
2022-01-30,3,3,126
2022-01-31,3,3,88
2022-02-01,3,3,112
2022-02-02,3,3,128
2022-02-03,3,3,111
2022-02-04,3,3,128
2022-02-05,3,3,161
2022-02-06,3,3,132
2022-02-07,3,3,88
2022-02-08,3,3,106
2022-02-09,3,3,119
2022-02-10,3,3,134
2022-02-11,3,3,119
2022-02-12,3,3,155
2022-02-13,3,3,165
2022-02-14,3,3,100
2022-02-15,3,3,112
2022-02-16,3,3,111
2022-02-17,3,3,124
2022-02-18,3,3,125
2022-02-19,3,3,150
2022-02-20,3,3,151
2022-02-21,3,3,89
2022-02-22,3,3,126
2022-02-23,3,3,119
2022-02-24,3,3,128
2022-02-25,3,3,134
2022-02-26,3,3,140
2022-02-27,3,3,144
2022-02-28,3,3,104
2022-03-01,3,3,121
2022-03-02,3,3,129
2022-03-03,3,3,113
2022-03-04,3,3,128
2022-03-05,3,3,160
2022-03-06,3,3,125
2022-03-07,3,3,95
2022-03-08,3,3,95
2022-03-09,3,3,105
2022-03-10,3,3,118
2022-03-11,3,3,132
2022-03-12,3,3,145
2022-03-13,3,3,142
2022-03-14,3,3,84
2022-03-15,3,3,127
2022-03-16,3,3,137
2022-03-17,3,3,117
2022-03-18,3,3,146
2022-03-19,3,3,152
2022-03-20,3,3,130
2022-03-21,3,3,103
2022-03-22,3,3,106
2022-03-23,3,3,118
2022-03-24,3,3,139
2022-03-25,3,3,140
2022-03-26,3,3,160
2022-03-27,3,3,147
2022-03-28,3,3,100
2022-03-29,3,3,104
2022-03-30,3,3,123
2022-03-31,3,3,106
2022-04-01,3,3,170
2022-04-02,3,3,189
2022-04-03,3,3,161
2022-04-04,3,3,90
2022-04-05,3,3,102
2022-04-06,3,3,116
2022-04-07,3,3,128
2022-04-08,3,3,135
2022-04-09,3,3,171
2022-04-10,3,3,149
2022-04-11,3,3,83
2022-04-12,3,3,115
2022-04-13,3,3,115
2022-04-14,3,3,142
2022-04-15,3,3,162
2022-04-16,3,3,156
2022-04-17,3,3,149
2022-04-18,3,3,98
2022-04-19,3,3,119
2022-04-20,3,3,119
2022-04-21,3,3,125
2022-04-22,3,3,143
2022-04-23,3,3,163
2022-04-24,3,3,144
2022-04-25,3,3,97
2022-04-26,3,3,106
2022-04-27,3,3,97
2022-04-28,3,3,121
2022-04-29,3,3,169
2022-04-30,3,3,154
2022-05-01,3,3,176
2022-05-02,3,3,104
2022-05-03,3,3,109
2022-05-04,3,3,137
2022-05-05,3,3,123
2022-05-06,3,3,166
2022-05-07,3,3,174
2022-05-08,3,3,151
2022-05-09,3,3,97
2022-05-10,3,3,104
2022-05-11,3,3,127
2022-05-12,3,3,139
2022-05-13,3,3,153
2022-05-14,3,3,156
2022-05-15,3,3,191
2022-05-16,3,3,99
2022-05-17,3,3,105
2022-05-18,3,3,112
2022-05-19,3,3,135
2022-05-20,3,3,115
2022-05-21,3,3,143
2022-05-22,3,3,134
2022-05-23,3,3,90
2022-05-24,3,3,108
2022-05-25,3,3,120
2022-05-26,3,3,111
2022-05-27,3,3,138
2022-05-28,3,3,142
2022-05-29,3,3,166
2022-05-30,3,3,106
2022-05-31,3,3,102
2022-06-01,3,3,109
2022-06-02,3,3,120
2022-06-03,3,3,134
2022-06-04,3,3,151
2022-06-05,3,3,149
2022-06-06,3,3,81
2022-06-07,3,3,107
2022-06-08,3,3,103
2022-06-09,3,3,91
2022-06-10,3,3,155
2022-06-11,3,3,161
2022-06-12,3,3,149
2022-06-13,3,3,86
2022-06-14,3,3,75
2022-06-15,3,3,137
2022-06-16,3,3,140
2022-06-17,3,3,137
2022-06-18,3,3,146
2022-06-19,3,3,143
2022-06-20,3,3,99
2022-06-21,3,3,110
2022-06-22,3,3,115
2022-06-23,3,3,134
2022-06-24,3,3,116
2022-06-25,3,3,131
2022-06-26,3,3,137
2022-06-27,3,3,94
2022-06-28,3,3,84
2022-06-29,3,3,112
2022-06-30,3,3,110
2022-07-01,3,3,132
2022-07-02,3,3,148
2022-07-03,3,3,137
2022-07-04,3,3,78
2022-07-05,3,3,84
2022-07-06,3,3,106
2022-07-07,3,3,133
2022-07-08,3,3,118
2022-07-09,3,3,155
2022-07-10,3,3,148
2022-07-11,3,3,81
2022-07-12,3,3,73
2022-07-13,3,3,94
2022-07-14,3,3,106
2022-07-15,3,3,176
2022-07-16,3,3,133
2022-07-17,3,3,165
2022-07-18,3,3,92
2022-07-19,3,3,113
2022-07-20,3,3,110
2022-07-21,3,3,102
2022-07-22,3,3,138
2022-07-23,3,3,146
2022-07-24,3,3,157
2022-07-25,3,3,82
2022-07-26,3,3,94
2022-07-27,3,3,112
2022-07-28,3,3,118
2022-07-29,3,3,115
2022-07-30,3,3,124
2022-07-31,3,3,149
2022-08-01,3,3,92
2022-08-02,3,3,105
2022-08-03,3,3,88
2022-08-04,3,3,102
2022-08-05,3,3,123
2022-08-06,3,3,142
2022-08-07,3,3,126
2022-08-08,3,3,77
2022-08-09,3,3,88
2022-08-10,3,3,95
2022-08-11,3,3,109
2022-08-12,3,3,120
2022-08-13,3,3,123
2022-08-14,3,3,116
2022-08-15,3,3,127
2022-08-16,3,3,91
2022-08-17,3,3,82
2022-08-18,3,3,104
2022-08-19,3,3,126
2022-08-20,3,3,138
2022-08-21,3,3,103
2022-08-22,3,3,82
2022-08-23,3,3,94
2022-08-24,3,3,108
2022-08-25,3,3,96
2022-08-26,3,3,122
2022-08-27,3,3,143
2022-08-28,3,3,106
2022-08-29,3,3,82
2022-08-30,3,3,90
2022-08-31,3,3,97
2022-09-01,3,3,119
2022-09-02,3,3,119
2022-09-03,3,3,107
2022-09-04,3,3,131
2022-09-05,3,3,79
2022-09-06,3,3,80
2022-09-07,3,3,87
2022-09-08,3,3,109
2022-09-09,3,3,100
2022-09-10,3,3,120
2022-09-11,3,3,140
2022-09-12,3,3,78
2022-09-13,3,3,77
2022-09-14,3,3,79
2022-09-15,3,3,128
2022-09-16,3,3,115
2022-09-17,3,3,148
2022-09-18,3,3,123
2022-09-19,3,3,79
2022-09-20,3,3,79
2022-09-21,3,3,117
2022-09-22,3,3,107
2022-09-23,3,3,112
2022-09-24,3,3,117
2022-09-25,3,3,115
2022-09-26,3,3,85
2022-09-27,3,3,108
2022-09-28,3,3,112
2022-09-29,3,3,105
2022-09-30,3,3,110
2022-10-01,3,3,161
2022-10-02,3,3,111
2022-10-03,3,3,60
2022-10-04,3,3,98
2022-10-05,3,3,101
2022-10-06,3,3,131
2022-10-07,3,3,108
2022-10-08,3,3,131
2022-10-09,3,3,140
2022-10-10,3,3,91
2022-10-11,3,3,99
2022-10-12,3,3,102
2022-10-13,3,3,103
2022-10-14,3,3,112
2022-10-15,3,3,162
2022-10-16,3,3,143
2022-10-17,3,3,79
2022-10-18,3,3,98
2022-10-19,3,3,114
2022-10-20,3,3,100
2022-10-21,3,3,112
2022-10-22,3,3,133
2022-10-23,3,3,137
2022-10-24,3,3,73
2022-10-25,3,3,76
2022-10-26,3,3,111
2022-10-27,3,3,106
2022-10-28,3,3,120
2022-10-29,3,3,130
2022-10-30,3,3,144
2022-10-31,3,3,82
2022-11-01,3,3,129
2022-11-02,3,3,91
2022-11-03,3,3,84
2022-11-04,3,3,142
2022-11-05,3,3,123
2022-11-06,3,3,139
2022-11-07,3,3,90
2022-11-08,3,3,90
2022-11-09,3,3,90
2022-11-10,3,3,112
2022-11-11,3,3,112
2022-11-12,3,3,150
2022-11-13,3,3,129
2022-11-14,3,3,84
2022-11-15,3,3,117
2022-11-16,3,3,104
2022-11-17,3,3,113
2022-11-18,3,3,116
2022-11-19,3,3,125
2022-11-20,3,3,137
2022-11-21,3,3,67
2022-11-22,3,3,114
2022-11-23,3,3,101
2022-11-24,3,3,117
2022-11-25,3,3,123
2022-11-26,3,3,155
2022-11-27,3,3,127
2022-11-28,3,3,70
2022-11-29,3,3,86
2022-11-30,3,3,99
2022-12-01,3,3,141
2022-12-02,3,3,113
2022-12-03,3,3,151
2022-12-04,3,3,139
2022-12-05,3,3,84
2022-12-06,3,3,86
2022-12-07,3,3,115
2022-12-08,3,3,117
2022-12-09,3,3,124
2022-12-10,3,3,141
2022-12-11,3,3,149
2022-12-12,3,3,105
2022-12-13,3,3,107
2022-12-14,3,3,124
2022-12-15,3,3,123
2022-12-16,3,3,145
2022-12-17,3,3,166
2022-12-18,3,3,140
2022-12-19,3,3,83
2022-12-20,3,3,96
2022-12-21,3,3,103
2022-12-22,3,3,131
2022-12-23,3,3,151
2022-12-24,3,3,147
2022-12-25,3,3,145
2022-12-26,3,3,75
2022-12-27,3,3,82
2022-12-28,3,3,124
2022-12-29,3,3,135
2022-12-30,3,3,133
2022-12-31,3,3,175
2023-01-01,3,3,184
2023-01-02,3,3,109
2023-01-03,3,3,93
2023-01-04,3,3,108
2023-01-05,3,3,140
2023-01-06,3,3,131
2023-01-07,3,3,146
2023-01-08,3,3,159
2023-01-09,3,3,98
2023-01-10,3,3,119
2023-01-11,3,3,118
2023-01-12,3,3,97
2023-01-13,3,3,130
2023-01-14,3,3,159
2023-01-15,3,3,178
2023-01-16,3,3,99
2023-01-17,3,3,122
2023-01-18,3,3,99
2023-01-19,3,3,129
2023-01-20,3,3,143
2023-01-21,3,3,162
2023-01-22,3,3,157
2023-01-23,3,3,98
2023-01-24,3,3,113
2023-01-25,3,3,123
2023-01-26,3,3,128
2023-01-27,3,3,172
2023-01-28,3,3,189
2023-01-29,3,3,141
2023-01-30,3,3,76
2023-01-31,3,3,117
2023-02-01,3,3,151
2023-02-02,3,3,133
2023-02-03,3,3,159
2023-02-04,3,3,163
2023-02-05,3,3,144
2023-02-06,3,3,102
2023-02-07,3,3,120
2023-02-08,3,3,146
2023-02-09,3,3,124
2023-02-10,3,3,153
2023-02-11,3,3,152
2023-02-12,3,3,182
2023-02-13,3,3,96
2023-02-14,3,3,118
2023-02-15,3,3,162
2023-02-16,3,3,128
2023-02-17,3,3,136
2023-02-18,3,3,156
2023-02-19,3,3,156
2023-02-20,3,3,82
2023-02-21,3,3,115
2023-02-22,3,3,115
2023-02-23,3,3,137
2023-02-24,3,3,169
2023-02-25,3,3,174
2023-02-26,3,3,167
2023-02-27,3,3,102
2023-02-28,3,3,110
2023-03-01,3,3,156
2023-03-02,3,3,143
2023-03-03,3,3,151
2023-03-04,3,3,189
2023-03-05,3,3,171
2023-03-06,3,3,108
2023-03-07,3,3,119
2023-03-08,3,3,125
2023-03-09,3,3,151
2023-03-10,3,3,158
2023-03-11,3,3,183
2023-03-12,3,3,156
2023-03-13,3,3,115
2023-03-14,3,3,119
2023-03-15,3,3,164
2023-03-16,3,3,122
2023-03-17,3,3,181
2023-03-18,3,3,166
2023-03-19,3,3,173
2023-03-20,3,3,106
2023-03-21,3,3,109
2023-03-22,3,3,133
2023-03-23,3,3,144
2023-03-24,3,3,149
2023-03-25,3,3,205
2023-03-26,3,3,177
2023-03-27,3,3,102
2023-03-28,3,3,128
2023-03-29,3,3,125
2023-03-30,3,3,135
2023-03-31,3,3,175
2023-04-01,3,3,229
2023-04-02,3,3,181
2023-04-03,3,3,113
2023-04-04,3,3,123
2023-04-05,3,3,141
2023-04-06,3,3,180
2023-04-07,3,3,164
2023-04-08,3,3,189
2023-04-09,3,3,168
2023-04-10,3,3,112
2023-04-11,3,3,134
2023-04-12,3,3,116
2023-04-13,3,3,130
2023-04-14,3,3,127
2023-04-15,3,3,210
2023-04-16,3,3,164
2023-04-17,3,3,117
2023-04-18,3,3,120
2023-04-19,3,3,127
2023-04-20,3,3,137
2023-04-21,3,3,153
2023-04-22,3,3,180
2023-04-23,3,3,170
2023-04-24,3,3,102
2023-04-25,3,3,130
2023-04-26,3,3,132
2023-04-27,3,3,116
2023-04-28,3,3,145
2023-04-29,3,3,177
2023-04-30,3,3,172
2023-05-01,3,3,122
2023-05-02,3,3,147
2023-05-03,3,3,120
2023-05-04,3,3,124
2023-05-05,3,3,147
2023-05-06,3,3,172
2023-05-07,3,3,151
2023-05-08,3,3,117
2023-05-09,3,3,144
2023-05-10,3,3,116
2023-05-11,3,3,144
2023-05-12,3,3,157
2023-05-13,3,3,175
2023-05-14,3,3,177
2023-05-15,3,3,136
2023-05-16,3,3,107
2023-05-17,3,3,127
2023-05-18,3,3,142
2023-05-19,3,3,151
2023-05-20,3,3,164
2023-05-21,3,3,142
2023-05-22,3,3,103
2023-05-23,3,3,123
2023-05-24,3,3,142
2023-05-25,3,3,139
2023-05-26,3,3,157
2023-05-27,3,3,180
2023-05-28,3,3,162
2023-05-29,3,3,92
2023-05-30,3,3,105
2023-05-31,3,3,136
2023-06-01,3,3,151
2023-06-02,3,3,132
2023-06-03,3,3,207
2023-06-04,3,3,157
2023-06-05,3,3,101
2023-06-06,3,3,115
2023-06-07,3,3,127
2023-06-08,3,3,152
2023-06-09,3,3,139
2023-06-10,3,3,172
2023-06-11,3,3,168
2023-06-12,3,3,108
2023-06-13,3,3,130
2023-06-14,3,3,136
2023-06-15,3,3,172
2023-06-16,3,3,161
2023-06-17,3,3,183
2023-06-18,3,3,166
2023-06-19,3,3,97
2023-06-20,3,3,123
2023-06-21,3,3,125
2023-06-22,3,3,126
2023-06-23,3,3,145
2023-06-24,3,3,184
2023-06-25,3,3,140
2023-06-26,3,3,86
2023-06-27,3,3,108
2023-06-28,3,3,121
2023-06-29,3,3,144
2023-06-30,3,3,171
2023-07-01,3,3,203
2023-07-02,3,3,132
2023-07-03,3,3,108
2023-07-04,3,3,117
2023-07-05,3,3,110
2023-07-06,3,3,146
2023-07-07,3,3,151
2023-07-08,3,3,141
2023-07-09,3,3,135
2023-07-10,3,3,86
2023-07-11,3,3,116
2023-07-12,3,3,116
2023-07-13,3,3,136
2023-07-14,3,3,161
2023-07-15,3,3,196
2023-07-16,3,3,146
2023-07-17,3,3,88
2023-07-18,3,3,109
2023-07-19,3,3,135
2023-07-20,3,3,124
2023-07-21,3,3,134
2023-07-22,3,3,166
2023-07-23,3,3,135
2023-07-24,3,3,104
2023-07-25,3,3,98
2023-07-26,3,3,120
2023-07-27,3,3,141
2023-07-28,3,3,136
2023-07-29,3,3,149
2023-07-30,3,3,151
2023-07-31,3,3,91
2023-08-01,3,3,134
2023-08-02,3,3,128
2023-08-03,3,3,124
2023-08-04,3,3,118
2023-08-05,3,3,163
2023-08-06,3,3,187
2023-08-07,3,3,119
2023-08-08,3,3,112
2023-08-09,3,3,97
2023-08-10,3,3,132
2023-08-11,3,3,132
2023-08-12,3,3,149
2023-08-13,3,3,142
2023-08-14,3,3,98
2023-08-15,3,3,112
2023-08-16,3,3,110
2023-08-17,3,3,119
2023-08-18,3,3,94
2023-08-19,3,3,148
2023-08-20,3,3,141
2023-08-21,3,3,90
2023-08-22,3,3,106
2023-08-23,3,3,134
2023-08-24,3,3,137
2023-08-25,3,3,143
2023-08-26,3,3,181
2023-08-27,3,3,153
2023-08-28,3,3,80
2023-08-29,3,3,98
2023-08-30,3,3,113
2023-08-31,3,3,126
2023-09-01,3,3,151
2023-09-02,3,3,156
2023-09-03,3,3,137
2023-09-04,3,3,77
2023-09-05,3,3,121
2023-09-06,3,3,106
2023-09-07,3,3,105
2023-09-08,3,3,114
2023-09-09,3,3,154
2023-09-10,3,3,150
2023-09-11,3,3,85
2023-09-12,3,3,107
2023-09-13,3,3,115
2023-09-14,3,3,114
2023-09-15,3,3,148
2023-09-16,3,3,157
2023-09-17,3,3,133
2023-09-18,3,3,105
2023-09-19,3,3,107
2023-09-20,3,3,105
2023-09-21,3,3,121
2023-09-22,3,3,139
2023-09-23,3,3,150
2023-09-24,3,3,149
2023-09-25,3,3,98
2023-09-26,3,3,99
2023-09-27,3,3,102
2023-09-28,3,3,108
2023-09-29,3,3,141
2023-09-30,3,3,159
2023-10-01,3,3,159
2023-10-02,3,3,78
2023-10-03,3,3,109
2023-10-04,3,3,103
2023-10-05,3,3,116
2023-10-06,3,3,150
2023-10-07,3,3,145
2023-10-08,3,3,130
2023-10-09,3,3,93
2023-10-10,3,3,98
2023-10-11,3,3,114
2023-10-12,3,3,125
2023-10-13,3,3,147
2023-10-14,3,3,144
2023-10-15,3,3,169
2023-10-16,3,3,92
2023-10-17,3,3,112
2023-10-18,3,3,132
2023-10-19,3,3,109
2023-10-20,3,3,118
2023-10-21,3,3,153
2023-10-22,3,3,151
2023-10-23,3,3,87
2023-10-24,3,3,104
2023-10-25,3,3,108
2023-10-26,3,3,117
2023-10-27,3,3,135
2023-10-28,3,3,170
2023-10-29,3,3,136
2023-10-30,3,3,87
2023-10-31,3,3,106
2023-11-01,3,3,142
2023-11-02,3,3,126
2023-11-03,3,3,145
2023-11-04,3,3,141
2023-11-05,3,3,161
2023-11-06,3,3,90
2023-11-07,3,3,93
2023-11-08,3,3,124
2023-11-09,3,3,133
2023-11-10,3,3,167
2023-11-11,3,3,159
2023-11-12,3,3,157
2023-11-13,3,3,90
2023-11-14,3,3,90
2023-11-15,3,3,128
2023-11-16,3,3,109
2023-11-17,3,3,143
2023-11-18,3,3,132
2023-11-19,3,3,159
2023-11-20,3,3,91
2023-11-21,3,3,109
2023-11-22,3,3,113
2023-11-23,3,3,129
2023-11-24,3,3,156
2023-11-25,3,3,172
2023-11-26,3,3,162
2023-11-27,3,3,100
2023-11-28,3,3,113
2023-11-29,3,3,123
2023-11-30,3,3,127
2023-12-01,3,3,173
2023-12-02,3,3,170
2023-12-03,3,3,137
2023-12-04,3,3,89
2023-12-05,3,3,139
2023-12-06,3,3,121
2023-12-07,3,3,115
2023-12-08,3,3,141
2023-12-09,3,3,161
2023-12-10,3,3,152
2023-12-11,3,3,100
2023-12-12,3,3,119
2023-12-13,3,3,134
2023-12-14,3,3,153
2023-12-15,3,3,175
2023-12-16,3,3,171
2023-12-17,3,3,158
2023-12-18,3,3,97
2023-12-19,3,3,124
2023-12-20,3,3,114
2023-12-21,3,3,137
2023-12-22,3,3,165
2023-12-23,3,3,156
2023-12-24,3,3,160
2023-12-25,3,3,106
2023-12-26,3,3,130
2023-12-27,3,3,133
2023-12-28,3,3,132
2023-12-29,3,3,138
2023-12-30,3,3,180
2023-12-31,3,3,170
2024-01-01,3,3,129
2024-01-02,3,3,109
2024-01-03,3,3,139
2024-01-04,3,3,135
2024-01-05,3,3,156
2024-01-06,3,3,162
2024-01-07,3,3,166
2024-01-08,3,3,90
2024-01-09,3,3,119
2024-01-10,3,3,122
2024-01-11,3,3,141
2024-01-12,3,3,153
2024-01-13,3,3,176
2024-01-14,3,3,161
2024-01-15,3,3,134
2024-01-16,3,3,118
2024-01-17,3,3,133
2024-01-18,3,3,139
2024-01-19,3,3,156
2024-01-20,3,3,201
2024-01-21,3,3,153
2024-01-22,3,3,120
2024-01-23,3,3,125
2024-01-24,3,3,134
2024-01-25,3,3,145
2024-01-26,3,3,159
2024-01-27,3,3,177
2024-01-28,3,3,192
2024-01-29,3,3,109
2024-01-30,3,3,129
2024-01-31,3,3,129
2024-02-01,3,3,162
2024-02-02,3,3,168
2024-02-03,3,3,201
2024-02-04,3,3,165
2024-02-05,3,3,125
2024-02-06,3,3,118
2024-02-07,3,3,133
2024-02-08,3,3,161
2024-02-09,3,3,165
2024-02-10,3,3,197
2024-02-11,3,3,177
2024-02-12,3,3,119
2024-02-13,3,3,111
2024-02-14,3,3,124
2024-02-15,3,3,180
2024-02-16,3,3,171
2024-02-17,3,3,187
2024-02-18,3,3,170
2024-02-19,3,3,115
2024-02-20,3,3,114
2024-02-21,3,3,134
2024-02-22,3,3,161
2024-02-23,3,3,199
2024-02-24,3,3,190
2024-02-25,3,3,189
2024-02-26,3,3,129
2024-02-27,3,3,132
2024-02-28,3,3,138
2024-02-29,3,3,150
2024-03-01,3,3,203
2024-03-02,3,3,201
2024-03-03,3,3,202
2024-03-04,3,3,125
2024-03-05,3,3,133
2024-03-06,3,3,135
2024-03-07,3,3,155
2024-03-08,3,3,173
2024-03-09,3,3,199
2024-03-10,3,3,185
2024-03-11,3,3,119
2024-03-12,3,3,144
2024-03-13,3,3,155
2024-03-14,3,3,152
2024-03-15,3,3,209
2024-03-16,3,3,215
2024-03-17,3,3,173
2024-03-18,3,3,115
2024-03-19,3,3,150
2024-03-20,3,3,137
2024-03-21,3,3,138
2024-03-22,3,3,207
2024-03-23,3,3,223
2024-03-24,3,3,189
2024-03-25,3,3,100
2024-03-26,3,3,147
2024-03-27,3,3,146
2024-03-28,3,3,150
2024-03-29,3,3,168
2024-03-30,3,3,180
2024-03-31,3,3,207
2024-04-01,3,3,141
2024-04-02,3,3,137
2024-04-03,3,3,142
2024-04-04,3,3,154
2024-04-05,3,3,179
2024-04-06,3,3,202
2024-04-07,3,3,171
2024-04-08,3,3,123
2024-04-09,3,3,131
2024-04-10,3,3,142
2024-04-11,3,3,159
2024-04-12,3,3,177
2024-04-13,3,3,191
2024-04-14,3,3,187
2024-04-15,3,3,155
2024-04-16,3,3,154
2024-04-17,3,3,142
2024-04-18,3,3,168
2024-04-19,3,3,186
2024-04-20,3,3,183
2024-04-21,3,3,167
2024-04-22,3,3,117
2024-04-23,3,3,167
2024-04-24,3,3,152
2024-04-25,3,3,142
2024-04-26,3,3,166
2024-04-27,3,3,187
2024-04-28,3,3,188
2024-04-29,3,3,120
2024-04-30,3,3,143
2024-05-01,3,3,187
2024-05-02,3,3,163
2024-05-03,3,3,170
2024-05-04,3,3,188
2024-05-05,3,3,178
2024-05-06,3,3,120
2024-05-07,3,3,145
2024-05-08,3,3,163
2024-05-09,3,3,163
2024-05-10,3,3,151
2024-05-11,3,3,189
2024-05-12,3,3,189
2024-05-13,3,3,134
2024-05-14,3,3,134
2024-05-15,3,3,177
2024-05-16,3,3,151
2024-05-17,3,3,196
2024-05-18,3,3,189
2024-05-19,3,3,175
2024-05-20,3,3,134
2024-05-21,3,3,141
2024-05-22,3,3,142
2024-05-23,3,3,148
2024-05-24,3,3,156
2024-05-25,3,3,205
2024-05-26,3,3,164
2024-05-27,3,3,114
2024-05-28,3,3,127
2024-05-29,3,3,123
2024-05-30,3,3,133
2024-05-31,3,3,168
2024-06-01,3,3,232
2024-06-02,3,3,174
2024-06-03,3,3,116
2024-06-04,3,3,119
2024-06-05,3,3,118
2024-06-06,3,3,148
2024-06-07,3,3,178
2024-06-08,3,3,181
2024-06-09,3,3,172
2024-06-10,3,3,122
2024-06-11,3,3,115
2024-06-12,3,3,147
2024-06-13,3,3,125
2024-06-14,3,3,173
2024-06-15,3,3,237
2024-06-16,3,3,177
2024-06-17,3,3,118
2024-06-18,3,3,133
2024-06-19,3,3,144
2024-06-20,3,3,159
2024-06-21,3,3,149
2024-06-22,3,3,181
2024-06-23,3,3,183
2024-06-24,3,3,123
2024-06-25,3,3,132
2024-06-26,3,3,132
2024-06-27,3,3,149
2024-06-28,3,3,175
2024-06-29,3,3,182
2024-06-30,3,3,164
2024-07-01,3,3,123
2024-07-02,3,3,112
2024-07-03,3,3,117
2024-07-04,3,3,140
2024-07-05,3,3,170
2024-07-06,3,3,186
2024-07-07,3,3,152
2024-07-08,3,3,112
2024-07-09,3,3,110
2024-07-10,3,3,128
2024-07-11,3,3,138
2024-07-12,3,3,146
2024-07-13,3,3,195
2024-07-14,3,3,177
2024-07-15,3,3,124
2024-07-16,3,3,111
2024-07-17,3,3,151
2024-07-18,3,3,142
2024-07-19,3,3,144
2024-07-20,3,3,183
2024-07-21,3,3,169
2024-07-22,3,3,106
2024-07-23,3,3,109
2024-07-24,3,3,145
2024-07-25,3,3,157
2024-07-26,3,3,159
2024-07-27,3,3,190
2024-07-28,3,3,165
2024-07-29,3,3,122
2024-07-30,3,3,120
2024-07-31,3,3,124
2024-08-01,3,3,184
2024-08-02,3,3,140
2024-08-03,3,3,155
2024-08-04,3,3,190
2024-08-05,3,3,99
2024-08-06,3,3,115
2024-08-07,3,3,146
2024-08-08,3,3,116
2024-08-09,3,3,150
2024-08-10,3,3,176
2024-08-11,3,3,178
2024-08-12,3,3,111
2024-08-13,3,3,125
2024-08-14,3,3,119
2024-08-15,3,3,147
2024-08-16,3,3,156
2024-08-17,3,3,149
2024-08-18,3,3,177
2024-08-19,3,3,96
2024-08-20,3,3,117
2024-08-21,3,3,125
2024-08-22,3,3,118
2024-08-23,3,3,146
2024-08-24,3,3,181
2024-08-25,3,3,138
2024-08-26,3,3,102
2024-08-27,3,3,93
2024-08-28,3,3,133
2024-08-29,3,3,128
2024-08-30,3,3,127
2024-08-31,3,3,190
2024-09-01,3,3,189
2024-09-02,3,3,91
2024-09-03,3,3,105
2024-09-04,3,3,120
2024-09-05,3,3,127
2024-09-06,3,3,132
2024-09-07,3,3,191
2024-09-08,3,3,136
2024-09-09,3,3,82
2024-09-10,3,3,108
2024-09-11,3,3,133
2024-09-12,3,3,112
2024-09-13,3,3,151
2024-09-14,3,3,177
2024-09-15,3,3,174
2024-09-16,3,3,96
2024-09-17,3,3,116
2024-09-18,3,3,110
2024-09-19,3,3,122
2024-09-20,3,3,130
2024-09-21,3,3,167
2024-09-22,3,3,146
2024-09-23,3,3,96
2024-09-24,3,3,112
2024-09-25,3,3,120
2024-09-26,3,3,125
2024-09-27,3,3,132
2024-09-28,3,3,160
2024-09-29,3,3,164
2024-09-30,3,3,98
2024-10-01,3,3,143
2024-10-02,3,3,117
2024-10-03,3,3,138
2024-10-04,3,3,150
2024-10-05,3,3,178
2024-10-06,3,3,149
2024-10-07,3,3,109
2024-10-08,3,3,116
2024-10-09,3,3,87
2024-10-10,3,3,151
2024-10-11,3,3,128
2024-10-12,3,3,172
2024-10-13,3,3,155
2024-10-14,3,3,95
2024-10-15,3,3,133
2024-10-16,3,3,127
2024-10-17,3,3,133
2024-10-18,3,3,153
2024-10-19,3,3,146
2024-10-20,3,3,154
2024-10-21,3,3,99
2024-10-22,3,3,113
2024-10-23,3,3,134
2024-10-24,3,3,129
2024-10-25,3,3,149
2024-10-26,3,3,148
2024-10-27,3,3,172
2024-10-28,3,3,115
2024-10-29,3,3,120
2024-10-30,3,3,124
2024-10-31,3,3,127
2024-11-01,3,3,187
2024-11-02,3,3,178
2024-11-03,3,3,143
2024-11-04,3,3,107
2024-11-05,3,3,128
2024-11-06,3,3,129
2024-11-07,3,3,127
2024-11-08,3,3,166
2024-11-09,3,3,160
2024-11-10,3,3,185
2024-11-11,3,3,102
2024-11-12,3,3,96
2024-11-13,3,3,123
2024-11-14,3,3,137
2024-11-15,3,3,176
2024-11-16,3,3,173
2024-11-17,3,3,156
2024-11-18,3,3,110
2024-11-19,3,3,133
2024-11-20,3,3,124
2024-11-21,3,3,119
2024-11-22,3,3,168
2024-11-23,3,3,178
2024-11-24,3,3,191
2024-11-25,3,3,107
2024-11-26,3,3,134
2024-11-27,3,3,131
2024-11-28,3,3,145
2024-11-29,3,3,163
2024-11-30,3,3,177
2024-12-01,3,3,191
2024-12-02,3,3,108
2024-12-03,3,3,123
2024-12-04,3,3,114
2024-12-05,3,3,156
2024-12-06,3,3,140
2024-12-07,3,3,176
2024-12-08,3,3,156
2024-12-09,3,3,106
2024-12-10,3,3,119
2024-12-11,3,3,143
2024-12-12,3,3,152
2024-12-13,3,3,150
2024-12-14,3,3,183
2024-12-15,3,3,207
2024-12-16,3,3,103
2024-12-17,3,3,122
2024-12-18,3,3,143
2024-12-19,3,3,165
2024-12-20,3,3,134
2024-12-21,3,3,168
2024-12-22,3,3,161
2024-12-23,3,3,132
2024-12-24,3,3,121
2024-12-25,3,3,144
2024-12-26,3,3,141
2024-12-27,3,3,162
2024-12-28,3,3,195
2024-12-29,3,3,196
2024-12-30,3,3,109
2024-12-31,3,3,116
2022-01-01,4,1,149
2022-01-02,4,1,130
2022-01-03,4,1,64
2022-01-04,4,1,85
2022-01-05,4,1,88
2022-01-06,4,1,99
2022-01-07,4,1,115
2022-01-08,4,1,111
2022-01-09,4,1,133
2022-01-10,4,1,92
2022-01-11,4,1,69
2022-01-12,4,1,85
2022-01-13,4,1,88
2022-01-14,4,1,118
2022-01-15,4,1,150
2022-01-16,4,1,122
2022-01-17,4,1,71
2022-01-18,4,1,78
2022-01-19,4,1,82
2022-01-20,4,1,88
2022-01-21,4,1,115
2022-01-22,4,1,132
2022-01-23,4,1,115
2022-01-24,4,1,89
2022-01-25,4,1,81
2022-01-26,4,1,88
2022-01-27,4,1,96
2022-01-28,4,1,115
2022-01-29,4,1,136
2022-01-30,4,1,110
2022-01-31,4,1,76
2022-02-01,4,1,114
2022-02-02,4,1,77
2022-02-03,4,1,106
2022-02-04,4,1,117
2022-02-05,4,1,122
2022-02-06,4,1,110
2022-02-07,4,1,73
2022-02-08,4,1,91
2022-02-09,4,1,92
2022-02-10,4,1,109
2022-02-11,4,1,131
2022-02-12,4,1,142
2022-02-13,4,1,149
2022-02-14,4,1,90
2022-02-15,4,1,114
2022-02-16,4,1,106
2022-02-17,4,1,96
2022-02-18,4,1,134
2022-02-19,4,1,146
2022-02-20,4,1,147
2022-02-21,4,1,81
2022-02-22,4,1,88
2022-02-23,4,1,96
2022-02-24,4,1,93
2022-02-25,4,1,135
2022-02-26,4,1,133
2022-02-27,4,1,133
2022-02-28,4,1,92
2022-03-01,4,1,91
2022-03-02,4,1,112
2022-03-03,4,1,99
2022-03-04,4,1,129
2022-03-05,4,1,128
2022-03-06,4,1,134
2022-03-07,4,1,69
2022-03-08,4,1,95
2022-03-09,4,1,106
2022-03-10,4,1,133
2022-03-11,4,1,128
2022-03-12,4,1,130
2022-03-13,4,1,147
2022-03-14,4,1,90
2022-03-15,4,1,100
2022-03-16,4,1,103
2022-03-17,4,1,127
2022-03-18,4,1,132
2022-03-19,4,1,140
2022-03-20,4,1,128
2022-03-21,4,1,97
2022-03-22,4,1,90
2022-03-23,4,1,88
2022-03-24,4,1,104
2022-03-25,4,1,108
2022-03-26,4,1,147
2022-03-27,4,1,125
2022-03-28,4,1,76
2022-03-29,4,1,89
2022-03-30,4,1,103
2022-03-31,4,1,97
2022-04-01,4,1,166
2022-04-02,4,1,124
2022-04-03,4,1,144
2022-04-04,4,1,83
2022-04-05,4,1,88
2022-04-06,4,1,101
2022-04-07,4,1,113
2022-04-08,4,1,129
2022-04-09,4,1,130
2022-04-10,4,1,132
2022-04-11,4,1,83
2022-04-12,4,1,75
2022-04-13,4,1,115
2022-04-14,4,1,117
2022-04-15,4,1,135
2022-04-16,4,1,153
2022-04-17,4,1,127
2022-04-18,4,1,101
2022-04-19,4,1,92
2022-04-20,4,1,93
2022-04-21,4,1,117
2022-04-22,4,1,135
2022-04-23,4,1,145
2022-04-24,4,1,120
2022-04-25,4,1,81
2022-04-26,4,1,93
2022-04-27,4,1,108
2022-04-28,4,1,98
2022-04-29,4,1,121
2022-04-30,4,1,123
2022-05-01,4,1,137
2022-05-02,4,1,71
2022-05-03,4,1,105
2022-05-04,4,1,103
2022-05-05,4,1,113
2022-05-06,4,1,134
2022-05-07,4,1,135
2022-05-08,4,1,130
2022-05-09,4,1,113
2022-05-10,4,1,98
2022-05-11,4,1,99
2022-05-12,4,1,103
2022-05-13,4,1,126
2022-05-14,4,1,138
2022-05-15,4,1,161
2022-05-16,4,1,71
2022-05-17,4,1,90
2022-05-18,4,1,99
2022-05-19,4,1,112
2022-05-20,4,1,122
2022-05-21,4,1,132
2022-05-22,4,1,137
2022-05-23,4,1,71
2022-05-24,4,1,93
2022-05-25,4,1,103
2022-05-26,4,1,103
2022-05-27,4,1,122
2022-05-28,4,1,143
2022-05-29,4,1,127
2022-05-30,4,1,89
2022-05-31,4,1,92
2022-06-01,4,1,125
2022-06-02,4,1,100
2022-06-03,4,1,103
2022-06-04,4,1,130
2022-06-05,4,1,131
2022-06-06,4,1,70
2022-06-07,4,1,91
2022-06-08,4,1,94
2022-06-09,4,1,102
2022-06-10,4,1,110
2022-06-11,4,1,134
2022-06-12,4,1,125
2022-06-13,4,1,74
2022-06-14,4,1,93
2022-06-15,4,1,101
2022-06-16,4,1,102
2022-06-17,4,1,109
2022-06-18,4,1,150
2022-06-19,4,1,126
2022-06-20,4,1,62
2022-06-21,4,1,89
2022-06-22,4,1,99
2022-06-23,4,1,101
2022-06-24,4,1,115
2022-06-25,4,1,133
2022-06-26,4,1,101
2022-06-27,4,1,89
2022-06-28,4,1,89
2022-06-29,4,1,92
2022-06-30,4,1,81
2022-07-01,4,1,118
2022-07-02,4,1,121
2022-07-03,4,1,123
2022-07-04,4,1,75
2022-07-05,4,1,87
2022-07-06,4,1,89
2022-07-07,4,1,98
2022-07-08,4,1,109
2022-07-09,4,1,101
2022-07-10,4,1,104
2022-07-11,4,1,85
2022-07-12,4,1,84
2022-07-13,4,1,73
2022-07-14,4,1,97
2022-07-15,4,1,125
2022-07-16,4,1,113
2022-07-17,4,1,114
2022-07-18,4,1,80
2022-07-19,4,1,75
2022-07-20,4,1,107
2022-07-21,4,1,103
2022-07-22,4,1,89
2022-07-23,4,1,123
2022-07-24,4,1,114
2022-07-25,4,1,58
2022-07-26,4,1,95
2022-07-27,4,1,75
2022-07-28,4,1,96
2022-07-29,4,1,98
2022-07-30,4,1,122
2022-07-31,4,1,137
2022-08-01,4,1,82
2022-08-02,4,1,73
2022-08-03,4,1,80
2022-08-04,4,1,113
2022-08-05,4,1,102
2022-08-06,4,1,143
2022-08-07,4,1,133
2022-08-08,4,1,62
2022-08-09,4,1,82
2022-08-10,4,1,92
2022-08-11,4,1,98
2022-08-12,4,1,118
2022-08-13,4,1,112
2022-08-14,4,1,109
2022-08-15,4,1,73
2022-08-16,4,1,73
2022-08-17,4,1,84
2022-08-18,4,1,90
2022-08-19,4,1,116
2022-08-20,4,1,124
2022-08-21,4,1,113
2022-08-22,4,1,90
2022-08-23,4,1,78
2022-08-24,4,1,79
2022-08-25,4,1,89
2022-08-26,4,1,113
2022-08-27,4,1,111
2022-08-28,4,1,118
2022-08-29,4,1,74
2022-08-30,4,1,77
2022-08-31,4,1,76
2022-09-01,4,1,114
2022-09-02,4,1,108
2022-09-03,4,1,121
2022-09-04,4,1,113
2022-09-05,4,1,77
2022-09-06,4,1,101
2022-09-07,4,1,82
2022-09-08,4,1,87
2022-09-09,4,1,117
2022-09-10,4,1,113
2022-09-11,4,1,98
2022-09-12,4,1,80
2022-09-13,4,1,86
2022-09-14,4,1,93
2022-09-15,4,1,111
2022-09-16,4,1,98
2022-09-17,4,1,117
2022-09-18,4,1,122
2022-09-19,4,1,70
2022-09-20,4,1,84
2022-09-21,4,1,81
2022-09-22,4,1,89
2022-09-23,4,1,104
2022-09-24,4,1,143
2022-09-25,4,1,96
2022-09-26,4,1,61
2022-09-27,4,1,71
2022-09-28,4,1,69
2022-09-29,4,1,108
2022-09-30,4,1,98
2022-10-01,4,1,163
2022-10-02,4,1,115
2022-10-03,4,1,82
2022-10-04,4,1,86
2022-10-05,4,1,89
2022-10-06,4,1,89
2022-10-07,4,1,108
2022-10-08,4,1,139
2022-10-09,4,1,91
2022-10-10,4,1,79
2022-10-11,4,1,79
2022-10-12,4,1,70
2022-10-13,4,1,107
2022-10-14,4,1,110
2022-10-15,4,1,153
2022-10-16,4,1,114
2022-10-17,4,1,70
2022-10-18,4,1,93
2022-10-19,4,1,72
2022-10-20,4,1,86
2022-10-21,4,1,98
2022-10-22,4,1,134
2022-10-23,4,1,95
2022-10-24,4,1,69
2022-10-25,4,1,71
2022-10-26,4,1,78
2022-10-27,4,1,98
2022-10-28,4,1,91
2022-10-29,4,1,121
2022-10-30,4,1,93
2022-10-31,4,1,64
2022-11-01,4,1,84
2022-11-02,4,1,68
2022-11-03,4,1,116
2022-11-04,4,1,128
2022-11-05,4,1,119
2022-11-06,4,1,106
2022-11-07,4,1,68
2022-11-08,4,1,86
2022-11-09,4,1,89
2022-11-10,4,1,99
2022-11-11,4,1,119
2022-11-12,4,1,131
2022-11-13,4,1,105
2022-11-14,4,1,74
2022-11-15,4,1,111
2022-11-16,4,1,89
2022-11-17,4,1,96
2022-11-18,4,1,103
2022-11-19,4,1,133
2022-11-20,4,1,127
2022-11-21,4,1,64
2022-11-22,4,1,78
2022-11-23,4,1,112
2022-11-24,4,1,74
2022-11-25,4,1,110
2022-11-26,4,1,138
2022-11-27,4,1,112
2022-11-28,4,1,74
2022-11-29,4,1,69
2022-11-30,4,1,84
2022-12-01,4,1,111
2022-12-02,4,1,101
2022-12-03,4,1,134
2022-12-04,4,1,139
2022-12-05,4,1,73
2022-12-06,4,1,92
2022-12-07,4,1,89
2022-12-08,4,1,89
2022-12-09,4,1,139
2022-12-10,4,1,130
2022-12-11,4,1,130
2022-12-12,4,1,82
2022-12-13,4,1,94
2022-12-14,4,1,91
2022-12-15,4,1,109
2022-12-16,4,1,115
2022-12-17,4,1,126
2022-12-18,4,1,116
2022-12-19,4,1,82
2022-12-20,4,1,101
2022-12-21,4,1,93
2022-12-22,4,1,118
2022-12-23,4,1,113
2022-12-24,4,1,127
2022-12-25,4,1,120
2022-12-26,4,1,76
2022-12-27,4,1,110
2022-12-28,4,1,97
2022-12-29,4,1,116
2022-12-30,4,1,129
2022-12-31,4,1,142
2023-01-01,4,1,146
2023-01-02,4,1,78
2023-01-03,4,1,82
2023-01-04,4,1,118
2023-01-05,4,1,123
2023-01-06,4,1,120
2023-01-07,4,1,147
2023-01-08,4,1,139
2023-01-09,4,1,72
2023-01-10,4,1,100
2023-01-11,4,1,105
2023-01-12,4,1,109
2023-01-13,4,1,128
2023-01-14,4,1,115
2023-01-15,4,1,144
2023-01-16,4,1,101
2023-01-17,4,1,100
2023-01-18,4,1,96
2023-01-19,4,1,130
2023-01-20,4,1,132
2023-01-21,4,1,165
2023-01-22,4,1,135
2023-01-23,4,1,94
2023-01-24,4,1,101
2023-01-25,4,1,111
2023-01-26,4,1,105
2023-01-27,4,1,129
2023-01-28,4,1,150
2023-01-29,4,1,143
2023-01-30,4,1,100
2023-01-31,4,1,87
2023-02-01,4,1,136
2023-02-02,4,1,133
2023-02-03,4,1,125
2023-02-04,4,1,148
2023-02-05,4,1,131
2023-02-06,4,1,95
2023-02-07,4,1,81
2023-02-08,4,1,100
2023-02-09,4,1,127
2023-02-10,4,1,122
2023-02-11,4,1,151
2023-02-12,4,1,152
2023-02-13,4,1,100
2023-02-14,4,1,105
2023-02-15,4,1,122
2023-02-16,4,1,106
2023-02-17,4,1,154
2023-02-18,4,1,147
2023-02-19,4,1,146
2023-02-20,4,1,98
2023-02-21,4,1,96
2023-02-22,4,1,122
2023-02-23,4,1,109
2023-02-24,4,1,143
2023-02-25,4,1,160
2023-02-26,4,1,155
2023-02-27,4,1,98
2023-02-28,4,1,103
2023-03-01,4,1,112
2023-03-02,4,1,131
2023-03-03,4,1,160
2023-03-04,4,1,166
2023-03-05,4,1,154
2023-03-06,4,1,95
2023-03-07,4,1,99
2023-03-08,4,1,106
2023-03-09,4,1,117
2023-03-10,4,1,123
2023-03-11,4,1,161
2023-03-12,4,1,153
2023-03-13,4,1,92
2023-03-14,4,1,86
2023-03-15,4,1,118
2023-03-16,4,1,119
2023-03-17,4,1,157
2023-03-18,4,1,160
2023-03-19,4,1,139
2023-03-20,4,1,84
2023-03-21,4,1,101
2023-03-22,4,1,113
2023-03-23,4,1,126
2023-03-24,4,1,140
2023-03-25,4,1,160
2023-03-26,4,1,163
2023-03-27,4,1,119
2023-03-28,4,1,100
2023-03-29,4,1,99
2023-03-30,4,1,104
2023-03-31,4,1,136
2023-04-01,4,1,205
2023-04-02,4,1,138
2023-04-03,4,1,85
2023-04-04,4,1,124
2023-04-05,4,1,103
2023-04-06,4,1,116
2023-04-07,4,1,136
2023-04-08,4,1,152
2023-04-09,4,1,154
2023-04-10,4,1,102
2023-04-11,4,1,98
2023-04-12,4,1,132
2023-04-13,4,1,115
2023-04-14,4,1,146
2023-04-15,4,1,187
2023-04-16,4,1,164
2023-04-17,4,1,94
2023-04-18,4,1,103
2023-04-19,4,1,113
2023-04-20,4,1,114
2023-04-21,4,1,148
2023-04-22,4,1,159
2023-04-23,4,1,151
2023-04-24,4,1,98
2023-04-25,4,1,95
2023-04-26,4,1,125
2023-04-27,4,1,127
2023-04-28,4,1,136
2023-04-29,4,1,148
2023-04-30,4,1,163
2023-05-01,4,1,130
2023-05-02,4,1,104
2023-05-03,4,1,113
2023-05-04,4,1,121
2023-05-05,4,1,130
2023-05-06,4,1,140
2023-05-07,4,1,160
2023-05-08,4,1,77
2023-05-09,4,1,109
2023-05-10,4,1,112
2023-05-11,4,1,121
2023-05-12,4,1,145
2023-05-13,4,1,147
2023-05-14,4,1,117
2023-05-15,4,1,101
2023-05-16,4,1,107
2023-05-17,4,1,135
2023-05-18,4,1,119
2023-05-19,4,1,121
2023-05-20,4,1,167
2023-05-21,4,1,149
2023-05-22,4,1,93
2023-05-23,4,1,108
2023-05-24,4,1,120
2023-05-25,4,1,117
2023-05-26,4,1,142
2023-05-27,4,1,155
2023-05-28,4,1,157
2023-05-29,4,1,85
2023-05-30,4,1,100
2023-05-31,4,1,136
2023-06-01,4,1,135
2023-06-02,4,1,148
2023-06-03,4,1,132
2023-06-04,4,1,162
2023-06-05,4,1,74
2023-06-06,4,1,108
2023-06-07,4,1,118
2023-06-08,4,1,144
2023-06-09,4,1,119
2023-06-10,4,1,167
2023-06-11,4,1,155
2023-06-12,4,1,76
2023-06-13,4,1,103
2023-06-14,4,1,112
2023-06-15,4,1,125
2023-06-16,4,1,146
2023-06-17,4,1,147
2023-06-18,4,1,133
2023-06-19,4,1,85
2023-06-20,4,1,103
2023-06-21,4,1,96
2023-06-22,4,1,112
2023-06-23,4,1,121
2023-06-24,4,1,136
2023-06-25,4,1,133
2023-06-26,4,1,83
2023-06-27,4,1,86
2023-06-28,4,1,95
2023-06-29,4,1,120
2023-06-30,4,1,104
2023-07-01,4,1,163
2023-07-02,4,1,135
2023-07-03,4,1,103
2023-07-04,4,1,111
2023-07-05,4,1,108
2023-07-06,4,1,101
2023-07-07,4,1,124
2023-07-08,4,1,105
2023-07-09,4,1,122
2023-07-10,4,1,101
2023-07-11,4,1,85
2023-07-12,4,1,96
2023-07-13,4,1,104
2023-07-14,4,1,114
2023-07-15,4,1,164
2023-07-16,4,1,138
2023-07-17,4,1,79
2023-07-18,4,1,86
2023-07-19,4,1,95
2023-07-20,4,1,107
2023-07-21,4,1,135
2023-07-22,4,1,164
2023-07-23,4,1,121
2023-07-24,4,1,88
2023-07-25,4,1,97
2023-07-26,4,1,103
2023-07-27,4,1,109
2023-07-28,4,1,103
2023-07-29,4,1,133
2023-07-30,4,1,130
2023-07-31,4,1,85
2023-08-01,4,1,100
2023-08-02,4,1,108
2023-08-03,4,1,105
2023-08-04,4,1,117
2023-08-05,4,1,146
2023-08-06,4,1,106
2023-08-07,4,1,78
2023-08-08,4,1,92
2023-08-09,4,1,102
2023-08-10,4,1,110
2023-08-11,4,1,132
2023-08-12,4,1,140
2023-08-13,4,1,132
2023-08-14,4,1,86
2023-08-15,4,1,95
2023-08-16,4,1,94
2023-08-17,4,1,106
2023-08-18,4,1,130
2023-08-19,4,1,125
2023-08-20,4,1,121
2023-08-21,4,1,82
2023-08-22,4,1,81
2023-08-23,4,1,113
2023-08-24,4,1,98
2023-08-25,4,1,114
2023-08-26,4,1,152
2023-08-27,4,1,140
2023-08-28,4,1,76
2023-08-29,4,1,93
2023-08-30,4,1,113
2023-08-31,4,1,105
2023-09-01,4,1,131
2023-09-02,4,1,135
2023-09-03,4,1,126
2023-09-04,4,1,95
2023-09-05,4,1,81
2023-09-06,4,1,114
2023-09-07,4,1,128
2023-09-08,4,1,106
2023-09-09,4,1,137
2023-09-10,4,1,121
2023-09-11,4,1,76
2023-09-12,4,1,103
2023-09-13,4,1,94
2023-09-14,4,1,98
2023-09-15,4,1,161
2023-09-16,4,1,129
2023-09-17,4,1,126
2023-09-18,4,1,69
2023-09-19,4,1,79
2023-09-20,4,1,85
2023-09-21,4,1,98
2023-09-22,4,1,106
2023-09-23,4,1,132
2023-09-24,4,1,127
2023-09-25,4,1,69
2023-09-26,4,1,97
2023-09-27,4,1,96
2023-09-28,4,1,94
2023-09-29,4,1,110
2023-09-30,4,1,124
2023-10-01,4,1,156
2023-10-02,4,1,107
2023-10-03,4,1,99
2023-10-04,4,1,89
2023-10-05,4,1,126
2023-10-06,4,1,123
2023-10-07,4,1,115
2023-10-08,4,1,116
2023-10-09,4,1,82
2023-10-10,4,1,85
2023-10-11,4,1,102
2023-10-12,4,1,112
2023-10-13,4,1,113
2023-10-14,4,1,128
2023-10-15,4,1,153
2023-10-16,4,1,83
2023-10-17,4,1,79
2023-10-18,4,1,98
2023-10-19,4,1,101
2023-10-20,4,1,110
2023-10-21,4,1,117
2023-10-22,4,1,127
2023-10-23,4,1,86
2023-10-24,4,1,106
2023-10-25,4,1,80
2023-10-26,4,1,104
2023-10-27,4,1,114
2023-10-28,4,1,142
2023-10-29,4,1,121
2023-10-30,4,1,67
2023-10-31,4,1,84
2023-11-01,4,1,117
2023-11-02,4,1,124
2023-11-03,4,1,130
2023-11-04,4,1,117
2023-11-05,4,1,124
2023-11-06,4,1,66
2023-11-07,4,1,90
2023-11-08,4,1,97
2023-11-09,4,1,120
2023-11-10,4,1,110
2023-11-11,4,1,148
2023-11-12,4,1,165
2023-11-13,4,1,83
2023-11-14,4,1,91
2023-11-15,4,1,105
2023-11-16,4,1,103
2023-11-17,4,1,102
2023-11-18,4,1,124
2023-11-19,4,1,128
2023-11-20,4,1,79
2023-11-21,4,1,115
2023-11-22,4,1,96
2023-11-23,4,1,120
2023-11-24,4,1,121
2023-11-25,4,1,146
2023-11-26,4,1,111
2023-11-27,4,1,86
2023-11-28,4,1,98
2023-11-29,4,1,99
2023-11-30,4,1,120
2023-12-01,4,1,138
2023-12-02,4,1,158
2023-12-03,4,1,138
2023-12-04,4,1,98
2023-12-05,4,1,83
2023-12-06,4,1,123
2023-12-07,4,1,117
2023-12-08,4,1,111
2023-12-09,4,1,157
2023-12-10,4,1,127
2023-12-11,4,1,88
2023-12-12,4,1,107
2023-12-13,4,1,105
2023-12-14,4,1,110
2023-12-15,4,1,133
2023-12-16,4,1,159
2023-12-17,4,1,138
2023-12-18,4,1,80
2023-12-19,4,1,114
2023-12-20,4,1,100
2023-12-21,4,1,113
2023-12-22,4,1,151
2023-12-23,4,1,143
2023-12-24,4,1,141
2023-12-25,4,1,91
2023-12-26,4,1,109
2023-12-27,4,1,107
2023-12-28,4,1,106
2023-12-29,4,1,142
2023-12-30,4,1,171
2023-12-31,4,1,152
2024-01-01,4,1,100
2024-01-02,4,1,86
2024-01-03,4,1,141
2024-01-04,4,1,118
2024-01-05,4,1,141
2024-01-06,4,1,145
2024-01-07,4,1,140
2024-01-08,4,1,91
2024-01-09,4,1,102
2024-01-10,4,1,121
2024-01-11,4,1,106
2024-01-12,4,1,136
2024-01-13,4,1,160
2024-01-14,4,1,161
2024-01-15,4,1,105
2024-01-16,4,1,98
2024-01-17,4,1,131
2024-01-18,4,1,143
2024-01-19,4,1,143
2024-01-20,4,1,168
2024-01-21,4,1,155
2024-01-22,4,1,104
2024-01-23,4,1,97
2024-01-24,4,1,109
2024-01-25,4,1,119
2024-01-26,4,1,130
2024-01-27,4,1,153
2024-01-28,4,1,155
2024-01-29,4,1,97
2024-01-30,4,1,125
2024-01-31,4,1,115
2024-02-01,4,1,178
2024-02-02,4,1,132
2024-02-03,4,1,159
2024-02-04,4,1,159
2024-02-05,4,1,101
2024-02-06,4,1,116
2024-02-07,4,1,116
2024-02-08,4,1,128
2024-02-09,4,1,158
2024-02-10,4,1,176
2024-02-11,4,1,156
2024-02-12,4,1,120
2024-02-13,4,1,93
2024-02-14,4,1,112
2024-02-15,4,1,178
2024-02-16,4,1,168
2024-02-17,4,1,163
2024-02-18,4,1,171
2024-02-19,4,1,97
2024-02-20,4,1,109
2024-02-21,4,1,118
2024-02-22,4,1,124
2024-02-23,4,1,178
2024-02-24,4,1,189
2024-02-25,4,1,162
2024-02-26,4,1,89
2024-02-27,4,1,99
2024-02-28,4,1,125
2024-02-29,4,1,114
2024-03-01,4,1,193
2024-03-02,4,1,175
2024-03-03,4,1,181
2024-03-04,4,1,97
2024-03-05,4,1,117
2024-03-06,4,1,120
2024-03-07,4,1,135
2024-03-08,4,1,143
2024-03-09,4,1,149
2024-03-10,4,1,141
2024-03-11,4,1,98
2024-03-12,4,1,103
2024-03-13,4,1,155
2024-03-14,4,1,116
2024-03-15,4,1,177
2024-03-16,4,1,189
2024-03-17,4,1,153
2024-03-18,4,1,129
2024-03-19,4,1,107
2024-03-20,4,1,125
2024-03-21,4,1,127
2024-03-22,4,1,152
2024-03-23,4,1,178
2024-03-24,4,1,165
2024-03-25,4,1,106
2024-03-26,4,1,113
2024-03-27,4,1,126
2024-03-28,4,1,136
2024-03-29,4,1,141
2024-03-30,4,1,175
2024-03-31,4,1,164
2024-04-01,4,1,118
2024-04-02,4,1,118
2024-04-03,4,1,139
2024-04-04,4,1,153
2024-04-05,4,1,124
2024-04-06,4,1,157
2024-04-07,4,1,131
2024-04-08,4,1,107
2024-04-09,4,1,140
2024-04-10,4,1,112
2024-04-11,4,1,134
2024-04-12,4,1,158
2024-04-13,4,1,163
2024-04-14,4,1,139
2024-04-15,4,1,118
2024-04-16,4,1,105
2024-04-17,4,1,98
2024-04-18,4,1,114
2024-04-19,4,1,141
2024-04-20,4,1,200
2024-04-21,4,1,178
2024-04-22,4,1,110
2024-04-23,4,1,114
2024-04-24,4,1,128
2024-04-25,4,1,138
2024-04-26,4,1,164
2024-04-27,4,1,178
2024-04-28,4,1,182
2024-04-29,4,1,113
2024-04-30,4,1,115
2024-05-01,4,1,148
2024-05-02,4,1,123
2024-05-03,4,1,147
2024-05-04,4,1,175
2024-05-05,4,1,179
2024-05-06,4,1,111
2024-05-07,4,1,126
2024-05-08,4,1,115
2024-05-09,4,1,139
2024-05-10,4,1,147
2024-05-11,4,1,160
2024-05-12,4,1,157
2024-05-13,4,1,104
2024-05-14,4,1,102
2024-05-15,4,1,164
2024-05-16,4,1,130
2024-05-17,4,1,150
2024-05-18,4,1,176
2024-05-19,4,1,155
2024-05-20,4,1,107
2024-05-21,4,1,113
2024-05-22,4,1,132
2024-05-23,4,1,150
2024-05-24,4,1,146
2024-05-25,4,1,148
2024-05-26,4,1,159
2024-05-27,4,1,97
2024-05-28,4,1,126
2024-05-29,4,1,130
2024-05-30,4,1,134
2024-05-31,4,1,156
2024-06-01,4,1,200
2024-06-02,4,1,154
2024-06-03,4,1,112
2024-06-04,4,1,122
2024-06-05,4,1,123
2024-06-06,4,1,125
2024-06-07,4,1,151
2024-06-08,4,1,175
2024-06-09,4,1,145
2024-06-10,4,1,100
2024-06-11,4,1,117
2024-06-12,4,1,121
2024-06-13,4,1,123
2024-06-14,4,1,149
2024-06-15,4,1,196
2024-06-16,4,1,163
2024-06-17,4,1,86
2024-06-18,4,1,102
2024-06-19,4,1,113
2024-06-20,4,1,123
2024-06-21,4,1,135
2024-06-22,4,1,152
2024-06-23,4,1,151
2024-06-24,4,1,108
2024-06-25,4,1,131
2024-06-26,4,1,118
2024-06-27,4,1,107
2024-06-28,4,1,123
2024-06-29,4,1,175
2024-06-30,4,1,144
2024-07-01,4,1,99
2024-07-02,4,1,100
2024-07-03,4,1,149
2024-07-04,4,1,100
2024-07-05,4,1,134
2024-07-06,4,1,173
2024-07-07,4,1,158
2024-07-08,4,1,86
2024-07-09,4,1,111
2024-07-10,4,1,127
2024-07-11,4,1,129
2024-07-12,4,1,146
2024-07-13,4,1,155
2024-07-14,4,1,140
2024-07-15,4,1,122
2024-07-16,4,1,96
2024-07-17,4,1,118
2024-07-18,4,1,135
2024-07-19,4,1,139
2024-07-20,4,1,182
2024-07-21,4,1,163
2024-07-22,4,1,82
2024-07-23,4,1,99
2024-07-24,4,1,123
2024-07-25,4,1,106
2024-07-26,4,1,139
2024-07-27,4,1,142
2024-07-28,4,1,151
2024-07-29,4,1,90
2024-07-30,4,1,92
2024-07-31,4,1,112
2024-08-01,4,1,135
2024-08-02,4,1,138
2024-08-03,4,1,144
2024-08-04,4,1,147
2024-08-05,4,1,84
2024-08-06,4,1,106
2024-08-07,4,1,113
2024-08-08,4,1,122
2024-08-09,4,1,122
2024-08-10,4,1,143
2024-08-11,4,1,139
2024-08-12,4,1,98
2024-08-13,4,1,95
2024-08-14,4,1,108
2024-08-15,4,1,156
2024-08-16,4,1,131
2024-08-17,4,1,142
2024-08-18,4,1,134
2024-08-19,4,1,93
2024-08-20,4,1,108
2024-08-21,4,1,99
2024-08-22,4,1,119
2024-08-23,4,1,131
2024-08-24,4,1,146
2024-08-25,4,1,142
2024-08-26,4,1,79
2024-08-27,4,1,110
2024-08-28,4,1,109
2024-08-29,4,1,97
2024-08-30,4,1,143
2024-08-31,4,1,144
2024-09-01,4,1,143
2024-09-02,4,1,92
2024-09-03,4,1,96
2024-09-04,4,1,99
2024-09-05,4,1,116
2024-09-06,4,1,134
2024-09-07,4,1,169
2024-09-08,4,1,135
2024-09-09,4,1,82
2024-09-10,4,1,107
2024-09-11,4,1,110
2024-09-12,4,1,114
2024-09-13,4,1,101
2024-09-14,4,1,147
2024-09-15,4,1,159
2024-09-16,4,1,93
2024-09-17,4,1,98
2024-09-18,4,1,139
2024-09-19,4,1,99
2024-09-20,4,1,126
2024-09-21,4,1,152
2024-09-22,4,1,145
2024-09-23,4,1,88
2024-09-24,4,1,82
2024-09-25,4,1,83
2024-09-26,4,1,114
2024-09-27,4,1,116
2024-09-28,4,1,175
2024-09-29,4,1,105
2024-09-30,4,1,83
2024-10-01,4,1,105
2024-10-02,4,1,99
2024-10-03,4,1,108
2024-10-04,4,1,127
2024-10-05,4,1,156
2024-10-06,4,1,144
2024-10-07,4,1,95
2024-10-08,4,1,109
2024-10-09,4,1,108
2024-10-10,4,1,117
2024-10-11,4,1,127
2024-10-12,4,1,164
2024-10-13,4,1,113
2024-10-14,4,1,96
2024-10-15,4,1,109
2024-10-16,4,1,110
2024-10-17,4,1,108
2024-10-18,4,1,118
2024-10-19,4,1,145
2024-10-20,4,1,134
2024-10-21,4,1,69
2024-10-22,4,1,82
2024-10-23,4,1,119
2024-10-24,4,1,128
2024-10-25,4,1,131
2024-10-26,4,1,160
2024-10-27,4,1,148
2024-10-28,4,1,91
2024-10-29,4,1,97
2024-10-30,4,1,110
2024-10-31,4,1,113
2024-11-01,4,1,163
2024-11-02,4,1,125
2024-11-03,4,1,132
2024-11-04,4,1,105
2024-11-05,4,1,104
2024-11-06,4,1,120
2024-11-07,4,1,97
2024-11-08,4,1,148
2024-11-09,4,1,156
2024-11-10,4,1,136
2024-11-11,4,1,110
2024-11-12,4,1,101
2024-11-13,4,1,78
2024-11-14,4,1,119
2024-11-15,4,1,149
2024-11-16,4,1,153
2024-11-17,4,1,159
2024-11-18,4,1,106
2024-11-19,4,1,95
2024-11-20,4,1,121
2024-11-21,4,1,108
2024-11-22,4,1,137
2024-11-23,4,1,155
2024-11-24,4,1,153
2024-11-25,4,1,100
2024-11-26,4,1,118
2024-11-27,4,1,117
2024-11-28,4,1,107
2024-11-29,4,1,141
2024-11-30,4,1,169
2024-12-01,4,1,172
2024-12-02,4,1,86
2024-12-03,4,1,101
2024-12-04,4,1,132
2024-12-05,4,1,115
2024-12-06,4,1,161
2024-12-07,4,1,155
2024-12-08,4,1,168
2024-12-09,4,1,92
2024-12-10,4,1,114
2024-12-11,4,1,138
2024-12-12,4,1,119
2024-12-13,4,1,131
2024-12-14,4,1,167
2024-12-15,4,1,187
2024-12-16,4,1,109
2024-12-17,4,1,110
2024-12-18,4,1,119
2024-12-19,4,1,133
2024-12-20,4,1,146
2024-12-21,4,1,158
2024-12-22,4,1,157
2024-12-23,4,1,100
2024-12-24,4,1,123
2024-12-25,4,1,123
2024-12-26,4,1,119
2024-12-27,4,1,145
2024-12-28,4,1,177
2024-12-29,4,1,179
2024-12-30,4,1,121
2024-12-31,4,1,116
2022-01-01,4,2,165
2022-01-02,4,2,129
2022-01-03,4,2,71
2022-01-04,4,2,89
2022-01-05,4,2,87
2022-01-06,4,2,114
2022-01-07,4,2,105
2022-01-08,4,2,147
2022-01-09,4,2,128
2022-01-10,4,2,72
2022-01-11,4,2,104
2022-01-12,4,2,102
2022-01-13,4,2,121
2022-01-14,4,2,134
2022-01-15,4,2,166
2022-01-16,4,2,117
2022-01-17,4,2,82
2022-01-18,4,2,87
2022-01-19,4,2,95
2022-01-20,4,2,116
2022-01-21,4,2,114
2022-01-22,4,2,170
2022-01-23,4,2,121
2022-01-24,4,2,99
2022-01-25,4,2,96
2022-01-26,4,2,108
2022-01-27,4,2,120
2022-01-28,4,2,138
2022-01-29,4,2,142
2022-01-30,4,2,134
2022-01-31,4,2,80
2022-02-01,4,2,133
2022-02-02,4,2,110
2022-02-03,4,2,109
2022-02-04,4,2,124
2022-02-05,4,2,141
2022-02-06,4,2,127
2022-02-07,4,2,87
2022-02-08,4,2,90
2022-02-09,4,2,114
2022-02-10,4,2,120
2022-02-11,4,2,121
2022-02-12,4,2,141
2022-02-13,4,2,140
2022-02-14,4,2,93
2022-02-15,4,2,119
2022-02-16,4,2,111
2022-02-17,4,2,127
2022-02-18,4,2,151
2022-02-19,4,2,138
2022-02-20,4,2,133
2022-02-21,4,2,78
2022-02-22,4,2,114
2022-02-23,4,2,93
2022-02-24,4,2,110
2022-02-25,4,2,118
2022-02-26,4,2,154
2022-02-27,4,2,127
2022-02-28,4,2,111
2022-03-01,4,2,143
2022-03-02,4,2,121
2022-03-03,4,2,119
2022-03-04,4,2,126
2022-03-05,4,2,159
2022-03-06,4,2,137
2022-03-07,4,2,88
2022-03-08,4,2,89
2022-03-09,4,2,96
2022-03-10,4,2,128
2022-03-11,4,2,141
2022-03-12,4,2,140
2022-03-13,4,2,137
2022-03-14,4,2,113
2022-03-15,4,2,124
2022-03-16,4,2,124
2022-03-17,4,2,125
2022-03-18,4,2,136
2022-03-19,4,2,149
2022-03-20,4,2,150
2022-03-21,4,2,81
2022-03-22,4,2,110
2022-03-23,4,2,110
2022-03-24,4,2,142
2022-03-25,4,2,139
2022-03-26,4,2,149
2022-03-27,4,2,151
2022-03-28,4,2,99
2022-03-29,4,2,85
2022-03-30,4,2,99
2022-03-31,4,2,131
2022-04-01,4,2,148
2022-04-02,4,2,138
2022-04-03,4,2,154
2022-04-04,4,2,76
2022-04-05,4,2,104
2022-04-06,4,2,122
2022-04-07,4,2,118
2022-04-08,4,2,133
2022-04-09,4,2,134
2022-04-10,4,2,150
2022-04-11,4,2,98
2022-04-12,4,2,124
2022-04-13,4,2,102
2022-04-14,4,2,128
2022-04-15,4,2,179
2022-04-16,4,2,162
2022-04-17,4,2,150
2022-04-18,4,2,98
2022-04-19,4,2,117
2022-04-20,4,2,129
2022-04-21,4,2,126
2022-04-22,4,2,130
2022-04-23,4,2,180
2022-04-24,4,2,169
2022-04-25,4,2,104
2022-04-26,4,2,110
2022-04-27,4,2,119
2022-04-28,4,2,116
2022-04-29,4,2,142
2022-04-30,4,2,146
2022-05-01,4,2,151
2022-05-02,4,2,97
2022-05-03,4,2,91
2022-05-04,4,2,122
2022-05-05,4,2,106
2022-05-06,4,2,146
2022-05-07,4,2,146
2022-05-08,4,2,145
2022-05-09,4,2,81
2022-05-10,4,2,112
2022-05-11,4,2,108
2022-05-12,4,2,127
2022-05-13,4,2,140
2022-05-14,4,2,132
2022-05-15,4,2,170
2022-05-16,4,2,96
2022-05-17,4,2,121
2022-05-18,4,2,97
2022-05-19,4,2,126
2022-05-20,4,2,123
2022-05-21,4,2,155
2022-05-22,4,2,147
2022-05-23,4,2,92
2022-05-24,4,2,111
2022-05-25,4,2,115
2022-05-26,4,2,113
2022-05-27,4,2,116
2022-05-28,4,2,156
2022-05-29,4,2,138
2022-05-30,4,2,95
2022-05-31,4,2,109
2022-06-01,4,2,136
2022-06-02,4,2,118
2022-06-03,4,2,130
2022-06-04,4,2,133
2022-06-05,4,2,133
2022-06-06,4,2,101
2022-06-07,4,2,100
2022-06-08,4,2,109
2022-06-09,4,2,141
2022-06-10,4,2,127
2022-06-11,4,2,157
2022-06-12,4,2,155
2022-06-13,4,2,88
2022-06-14,4,2,94
2022-06-15,4,2,137
2022-06-16,4,2,129
2022-06-17,4,2,132
2022-06-18,4,2,160
2022-06-19,4,2,125
2022-06-20,4,2,87
2022-06-21,4,2,104
2022-06-22,4,2,102
2022-06-23,4,2,116
2022-06-24,4,2,125
2022-06-25,4,2,139
2022-06-26,4,2,130
2022-06-27,4,2,83
2022-06-28,4,2,85
2022-06-29,4,2,113
2022-06-30,4,2,91
2022-07-01,4,2,148
2022-07-02,4,2,139
2022-07-03,4,2,125
2022-07-04,4,2,93
2022-07-05,4,2,96
2022-07-06,4,2,98
2022-07-07,4,2,108
2022-07-08,4,2,144
2022-07-09,4,2,154
2022-07-10,4,2,137
2022-07-11,4,2,78
2022-07-12,4,2,103
2022-07-13,4,2,107
2022-07-14,4,2,102
2022-07-15,4,2,166
2022-07-16,4,2,118
2022-07-17,4,2,112
2022-07-18,4,2,78
2022-07-19,4,2,101
2022-07-20,4,2,118
2022-07-21,4,2,120
2022-07-22,4,2,116
2022-07-23,4,2,136
2022-07-24,4,2,125
2022-07-25,4,2,85
2022-07-26,4,2,103
2022-07-27,4,2,116
2022-07-28,4,2,98
2022-07-29,4,2,113
2022-07-30,4,2,121
2022-07-31,4,2,118
2022-08-01,4,2,91
2022-08-02,4,2,100
2022-08-03,4,2,116
2022-08-04,4,2,118
2022-08-05,4,2,96
2022-08-06,4,2,152
2022-08-07,4,2,112
2022-08-08,4,2,80
2022-08-09,4,2,100
2022-08-10,4,2,91
2022-08-11,4,2,113
2022-08-12,4,2,114
2022-08-13,4,2,123
2022-08-14,4,2,146
2022-08-15,4,2,93
2022-08-16,4,2,89
2022-08-17,4,2,96
2022-08-18,4,2,96
2022-08-19,4,2,116
2022-08-20,4,2,138
2022-08-21,4,2,116
2022-08-22,4,2,66
2022-08-23,4,2,91
2022-08-24,4,2,90
2022-08-25,4,2,98
2022-08-26,4,2,102
2022-08-27,4,2,121
2022-08-28,4,2,146
2022-08-29,4,2,72
2022-08-30,4,2,82
2022-08-31,4,2,88
2022-09-01,4,2,107
2022-09-02,4,2,120
2022-09-03,4,2,140
2022-09-04,4,2,135
2022-09-05,4,2,81
2022-09-06,4,2,97
2022-09-07,4,2,89
2022-09-08,4,2,97
2022-09-09,4,2,107
2022-09-10,4,2,118
2022-09-11,4,2,121
2022-09-12,4,2,88
2022-09-13,4,2,92
2022-09-14,4,2,88
2022-09-15,4,2,136
2022-09-16,4,2,111
2022-09-17,4,2,160
2022-09-18,4,2,120
2022-09-19,4,2,66
2022-09-20,4,2,83
2022-09-21,4,2,109
2022-09-22,4,2,100
2022-09-23,4,2,129
2022-09-24,4,2,142
2022-09-25,4,2,118
2022-09-26,4,2,75
2022-09-27,4,2,106
2022-09-28,4,2,91
2022-09-29,4,2,102
2022-09-30,4,2,118
2022-10-01,4,2,133
2022-10-02,4,2,125
2022-10-03,4,2,67
2022-10-04,4,2,79
2022-10-05,4,2,109
2022-10-06,4,2,98
2022-10-07,4,2,100
2022-10-08,4,2,143
2022-10-09,4,2,131
2022-10-10,4,2,62
2022-10-11,4,2,85
2022-10-12,4,2,97
2022-10-13,4,2,107
2022-10-14,4,2,131
2022-10-15,4,2,153
2022-10-16,4,2,114
2022-10-17,4,2,69
2022-10-18,4,2,79
2022-10-19,4,2,91
2022-10-20,4,2,118
2022-10-21,4,2,123
2022-10-22,4,2,138
2022-10-23,4,2,133
2022-10-24,4,2,69
2022-10-25,4,2,98
2022-10-26,4,2,99
2022-10-27,4,2,111
2022-10-28,4,2,113
2022-10-29,4,2,154
2022-10-30,4,2,124
2022-10-31,4,2,77
2022-11-01,4,2,101
2022-11-02,4,2,90
2022-11-03,4,2,108
2022-11-04,4,2,121
2022-11-05,4,2,164
2022-11-06,4,2,130
2022-11-07,4,2,60
2022-11-08,4,2,96
2022-11-09,4,2,100
2022-11-10,4,2,106
2022-11-11,4,2,120
2022-11-12,4,2,133
2022-11-13,4,2,142
2022-11-14,4,2,94
2022-11-15,4,2,110
2022-11-16,4,2,93
2022-11-17,4,2,100
2022-11-18,4,2,101
2022-11-19,4,2,157
2022-11-20,4,2,139
2022-11-21,4,2,67
2022-11-22,4,2,86
2022-11-23,4,2,88
2022-11-24,4,2,116
2022-11-25,4,2,114
2022-11-26,4,2,148
2022-11-27,4,2,120
2022-11-28,4,2,83
2022-11-29,4,2,107
2022-11-30,4,2,107
2022-12-01,4,2,107
2022-12-02,4,2,133
2022-12-03,4,2,136
2022-12-04,4,2,146
2022-12-05,4,2,85
2022-12-06,4,2,100
2022-12-07,4,2,111
2022-12-08,4,2,93
2022-12-09,4,2,132
2022-12-10,4,2,150
2022-12-11,4,2,130
2022-12-12,4,2,88
2022-12-13,4,2,95
2022-12-14,4,2,116
2022-12-15,4,2,135
2022-12-16,4,2,134
2022-12-17,4,2,163
2022-12-18,4,2,116
2022-12-19,4,2,93
2022-12-20,4,2,102
2022-12-21,4,2,99
2022-12-22,4,2,100
2022-12-23,4,2,117
2022-12-24,4,2,149
2022-12-25,4,2,139
2022-12-26,4,2,91
2022-12-27,4,2,90
2022-12-28,4,2,113
2022-12-29,4,2,133
2022-12-30,4,2,146
2022-12-31,4,2,175
2023-01-01,4,2,180
2023-01-02,4,2,80
2023-01-03,4,2,117
2023-01-04,4,2,116
2023-01-05,4,2,115
2023-01-06,4,2,136
2023-01-07,4,2,153
2023-01-08,4,2,149
2023-01-09,4,2,94
2023-01-10,4,2,97
2023-01-11,4,2,116
2023-01-12,4,2,118
2023-01-13,4,2,168
2023-01-14,4,2,152
2023-01-15,4,2,176
2023-01-16,4,2,87
2023-01-17,4,2,105
2023-01-18,4,2,143
2023-01-19,4,2,127
2023-01-20,4,2,125
2023-01-21,4,2,146
2023-01-22,4,2,147
2023-01-23,4,2,89
2023-01-24,4,2,117
2023-01-25,4,2,118
2023-01-26,4,2,116
2023-01-27,4,2,128
2023-01-28,4,2,154
2023-01-29,4,2,168
2023-01-30,4,2,99
2023-01-31,4,2,98
2023-02-01,4,2,156
2023-02-02,4,2,114
2023-02-03,4,2,152
2023-02-04,4,2,166
2023-02-05,4,2,155
2023-02-06,4,2,108
2023-02-07,4,2,119
2023-02-08,4,2,114
2023-02-09,4,2,141
2023-02-10,4,2,152
2023-02-11,4,2,173
2023-02-12,4,2,160
2023-02-13,4,2,95
2023-02-14,4,2,109
2023-02-15,4,2,168
2023-02-16,4,2,132
2023-02-17,4,2,136
2023-02-18,4,2,171
2023-02-19,4,2,165
2023-02-20,4,2,94
2023-02-21,4,2,120
2023-02-22,4,2,127
2023-02-23,4,2,149
2023-02-24,4,2,163
2023-02-25,4,2,195
2023-02-26,4,2,143
2023-02-27,4,2,90
2023-02-28,4,2,101
2023-03-01,4,2,149
2023-03-02,4,2,126
2023-03-03,4,2,158
2023-03-04,4,2,181
2023-03-05,4,2,177
2023-03-06,4,2,89
2023-03-07,4,2,127
2023-03-08,4,2,128
2023-03-09,4,2,147
2023-03-10,4,2,141
2023-03-11,4,2,163
2023-03-12,4,2,164
2023-03-13,4,2,113
2023-03-14,4,2,118
2023-03-15,4,2,157
2023-03-16,4,2,133
2023-03-17,4,2,150
2023-03-18,4,2,171
2023-03-19,4,2,173
2023-03-20,4,2,110
2023-03-21,4,2,123
2023-03-22,4,2,126
2023-03-23,4,2,151
2023-03-24,4,2,132
2023-03-25,4,2,167
2023-03-26,4,2,172
2023-03-27,4,2,97
2023-03-28,4,2,131
2023-03-29,4,2,133
2023-03-30,4,2,134
2023-03-31,4,2,154
2023-04-01,4,2,215
2023-04-02,4,2,165
2023-04-03,4,2,106
2023-04-04,4,2,113
2023-04-05,4,2,143
2023-04-06,4,2,159
2023-04-07,4,2,175
2023-04-08,4,2,180
2023-04-09,4,2,146
2023-04-10,4,2,117
2023-04-11,4,2,105
2023-04-12,4,2,126
2023-04-13,4,2,146
2023-04-14,4,2,169
2023-04-15,4,2,215
2023-04-16,4,2,172
2023-04-17,4,2,98
2023-04-18,4,2,120
2023-04-19,4,2,124
2023-04-20,4,2,122
2023-04-21,4,2,159
2023-04-22,4,2,165
2023-04-23,4,2,171
2023-04-24,4,2,113
2023-04-25,4,2,126
2023-04-26,4,2,134
2023-04-27,4,2,134
2023-04-28,4,2,166
2023-04-29,4,2,178
2023-04-30,4,2,168
2023-05-01,4,2,137
2023-05-02,4,2,132
2023-05-03,4,2,142
2023-05-04,4,2,118
2023-05-05,4,2,163
2023-05-06,4,2,156
2023-05-07,4,2,151
2023-05-08,4,2,107
2023-05-09,4,2,123
2023-05-10,4,2,152
2023-05-11,4,2,116
2023-05-12,4,2,158
2023-05-13,4,2,189
2023-05-14,4,2,144
2023-05-15,4,2,111
2023-05-16,4,2,123
2023-05-17,4,2,127
2023-05-18,4,2,138
2023-05-19,4,2,148
2023-05-20,4,2,167
2023-05-21,4,2,168
2023-05-22,4,2,115
2023-05-23,4,2,113
2023-05-24,4,2,137
2023-05-25,4,2,131
2023-05-26,4,2,151
2023-05-27,4,2,193
2023-05-28,4,2,148
2023-05-29,4,2,119
2023-05-30,4,2,116
2023-05-31,4,2,113
2023-06-01,4,2,161
2023-06-02,4,2,139
2023-06-03,4,2,166
2023-06-04,4,2,149
2023-06-05,4,2,119
2023-06-06,4,2,108
2023-06-07,4,2,117
2023-06-08,4,2,126
2023-06-09,4,2,135
2023-06-10,4,2,167
2023-06-11,4,2,144
2023-06-12,4,2,101
2023-06-13,4,2,119
2023-06-14,4,2,119
2023-06-15,4,2,142
2023-06-16,4,2,149
2023-06-17,4,2,160
2023-06-18,4,2,145
2023-06-19,4,2,115
2023-06-20,4,2,127
2023-06-21,4,2,122
2023-06-22,4,2,135
2023-06-23,4,2,121
2023-06-24,4,2,165
2023-06-25,4,2,123
2023-06-26,4,2,103
2023-06-27,4,2,119
2023-06-28,4,2,125
2023-06-29,4,2,135
2023-06-30,4,2,143
2023-07-01,4,2,212
2023-07-02,4,2,147
2023-07-03,4,2,81
2023-07-04,4,2,113
2023-07-05,4,2,122
2023-07-06,4,2,110
2023-07-07,4,2,137
2023-07-08,4,2,158
2023-07-09,4,2,167
2023-07-10,4,2,100
2023-07-11,4,2,102
2023-07-12,4,2,111
2023-07-13,4,2,119
2023-07-14,4,2,141
2023-07-15,4,2,178
2023-07-16,4,2,149
2023-07-17,4,2,90
2023-07-18,4,2,92
2023-07-19,4,2,104
2023-07-20,4,2,119
2023-07-21,4,2,128
2023-07-22,4,2,139
2023-07-23,4,2,158
2023-07-24,4,2,91
2023-07-25,4,2,108
2023-07-26,4,2,105
2023-07-27,4,2,120
2023-07-28,4,2,112
2023-07-29,4,2,152
2023-07-30,4,2,135
2023-07-31,4,2,109
2023-08-01,4,2,119
2023-08-02,4,2,119
2023-08-03,4,2,103
2023-08-04,4,2,138
2023-08-05,4,2,140
2023-08-06,4,2,137
2023-08-07,4,2,75
2023-08-08,4,2,109
2023-08-09,4,2,116
2023-08-10,4,2,122
2023-08-11,4,2,155
2023-08-12,4,2,130
2023-08-13,4,2,154
2023-08-14,4,2,76
2023-08-15,4,2,102
2023-08-16,4,2,124
2023-08-17,4,2,136
2023-08-18,4,2,139
2023-08-19,4,2,143
2023-08-20,4,2,131
2023-08-21,4,2,83
2023-08-22,4,2,87
2023-08-23,4,2,110
2023-08-24,4,2,103
2023-08-25,4,2,119
2023-08-26,4,2,139
2023-08-27,4,2,152
2023-08-28,4,2,80
2023-08-29,4,2,98
2023-08-30,4,2,113
2023-08-31,4,2,121
2023-09-01,4,2,158
2023-09-02,4,2,152
2023-09-03,4,2,130
2023-09-04,4,2,93
2023-09-05,4,2,97
2023-09-06,4,2,104
2023-09-07,4,2,103
2023-09-08,4,2,105
2023-09-09,4,2,145
2023-09-10,4,2,155
2023-09-11,4,2,89
2023-09-12,4,2,99
2023-09-13,4,2,106
2023-09-14,4,2,100
2023-09-15,4,2,153
2023-09-16,4,2,144
2023-09-17,4,2,120
2023-09-18,4,2,72
2023-09-19,4,2,90
2023-09-20,4,2,96
2023-09-21,4,2,128
2023-09-22,4,2,117
2023-09-23,4,2,169
2023-09-24,4,2,144
2023-09-25,4,2,84
2023-09-26,4,2,106
2023-09-27,4,2,107
2023-09-28,4,2,105
2023-09-29,4,2,134
2023-09-30,4,2,151
2023-10-01,4,2,166
2023-10-02,4,2,87
2023-10-03,4,2,95
2023-10-04,4,2,115
2023-10-05,4,2,114
2023-10-06,4,2,138
2023-10-07,4,2,168
2023-10-08,4,2,146
2023-10-09,4,2,89
2023-10-10,4,2,96
2023-10-11,4,2,110
2023-10-12,4,2,118
2023-10-13,4,2,137
2023-10-14,4,2,149
2023-10-15,4,2,149
2023-10-16,4,2,81
2023-10-17,4,2,98
2023-10-18,4,2,105
2023-10-19,4,2,104
2023-10-20,4,2,142
2023-10-21,4,2,141
2023-10-22,4,2,144
2023-10-23,4,2,97
2023-10-24,4,2,98
2023-10-25,4,2,114
2023-10-26,4,2,98
2023-10-27,4,2,130
2023-10-28,4,2,154
2023-10-29,4,2,136
2023-10-30,4,2,83
2023-10-31,4,2,94
2023-11-01,4,2,122
2023-11-02,4,2,113
2023-11-03,4,2,121
2023-11-04,4,2,136
2023-11-05,4,2,136
2023-11-06,4,2,81
2023-11-07,4,2,93
2023-11-08,4,2,130
2023-11-09,4,2,98
2023-11-10,4,2,136
2023-11-11,4,2,132
2023-11-12,4,2,145
2023-11-13,4,2,111
2023-11-14,4,2,106
2023-11-15,4,2,143
2023-11-16,4,2,125
2023-11-17,4,2,159
2023-11-18,4,2,151
2023-11-19,4,2,159
2023-11-20,4,2,94
2023-11-21,4,2,130
2023-11-22,4,2,125
2023-11-23,4,2,113
2023-11-24,4,2,132
2023-11-25,4,2,175
2023-11-26,4,2,154
2023-11-27,4,2,100
2023-11-28,4,2,108
2023-11-29,4,2,114
2023-11-30,4,2,121
2023-12-01,4,2,193
2023-12-02,4,2,142
2023-12-03,4,2,145
2023-12-04,4,2,91
2023-12-05,4,2,98
2023-12-06,4,2,104
2023-12-07,4,2,124
2023-12-08,4,2,152
2023-12-09,4,2,161
2023-12-10,4,2,155
2023-12-11,4,2,105
2023-12-12,4,2,92
2023-12-13,4,2,106
2023-12-14,4,2,113
2023-12-15,4,2,143
2023-12-16,4,2,182
2023-12-17,4,2,161
2023-12-18,4,2,96
2023-12-19,4,2,113
2023-12-20,4,2,130
2023-12-21,4,2,115
2023-12-22,4,2,147
2023-12-23,4,2,178
2023-12-24,4,2,165
2023-12-25,4,2,107
2023-12-26,4,2,100
2023-12-27,4,2,154
2023-12-28,4,2,162
2023-12-29,4,2,166
2023-12-30,4,2,166
2023-12-31,4,2,164
2024-01-01,4,2,139
2024-01-02,4,2,110
2024-01-03,4,2,127
2024-01-04,4,2,125
2024-01-05,4,2,142
2024-01-06,4,2,185
2024-01-07,4,2,150
2024-01-08,4,2,99
2024-01-09,4,2,116
2024-01-10,4,2,131
2024-01-11,4,2,125
2024-01-12,4,2,150
2024-01-13,4,2,180
2024-01-14,4,2,175
2024-01-15,4,2,116
2024-01-16,4,2,120
2024-01-17,4,2,117
2024-01-18,4,2,151
2024-01-19,4,2,163
2024-01-20,4,2,175
2024-01-21,4,2,164
2024-01-22,4,2,109
2024-01-23,4,2,139
2024-01-24,4,2,123
2024-01-25,4,2,125
2024-01-26,4,2,152
2024-01-27,4,2,197
2024-01-28,4,2,159
2024-01-29,4,2,128
2024-01-30,4,2,122
2024-01-31,4,2,147
2024-02-01,4,2,167
2024-02-02,4,2,155
2024-02-03,4,2,163
2024-02-04,4,2,189
2024-02-05,4,2,114
2024-02-06,4,2,124
2024-02-07,4,2,127
2024-02-08,4,2,156
2024-02-09,4,2,141
2024-02-10,4,2,180
2024-02-11,4,2,176
2024-02-12,4,2,98
2024-02-13,4,2,120
2024-02-14,4,2,143
2024-02-15,4,2,156
2024-02-16,4,2,168
2024-02-17,4,2,182
2024-02-18,4,2,168
2024-02-19,4,2,114
2024-02-20,4,2,112
2024-02-21,4,2,144
2024-02-22,4,2,149
2024-02-23,4,2,185
2024-02-24,4,2,189
2024-02-25,4,2,179
2024-02-26,4,2,117
2024-02-27,4,2,123
2024-02-28,4,2,146
2024-02-29,4,2,129
2024-03-01,4,2,203
2024-03-02,4,2,225
2024-03-03,4,2,175
2024-03-04,4,2,107
2024-03-05,4,2,122
2024-03-06,4,2,148
2024-03-07,4,2,156
2024-03-08,4,2,182
2024-03-09,4,2,189
2024-03-10,4,2,172
2024-03-11,4,2,117
2024-03-12,4,2,129
2024-03-13,4,2,137
2024-03-14,4,2,155
2024-03-15,4,2,199
2024-03-16,4,2,203
2024-03-17,4,2,206
2024-03-18,4,2,125
2024-03-19,4,2,123
2024-03-20,4,2,141
2024-03-21,4,2,148
2024-03-22,4,2,172
2024-03-23,4,2,191
2024-03-24,4,2,181
2024-03-25,4,2,118
2024-03-26,4,2,133
2024-03-27,4,2,157
2024-03-28,4,2,174
2024-03-29,4,2,169
2024-03-30,4,2,188
2024-03-31,4,2,197
2024-04-01,4,2,136
2024-04-02,4,2,126
2024-04-03,4,2,126
2024-04-04,4,2,150
2024-04-05,4,2,160
2024-04-06,4,2,205
2024-04-07,4,2,189
2024-04-08,4,2,118
2024-04-09,4,2,130
2024-04-10,4,2,150
2024-04-11,4,2,154
2024-04-12,4,2,168
2024-04-13,4,2,189
2024-04-14,4,2,200
2024-04-15,4,2,135
2024-04-16,4,2,145
2024-04-17,4,2,134
2024-04-18,4,2,145
2024-04-19,4,2,165
2024-04-20,4,2,202
2024-04-21,4,2,168
2024-04-22,4,2,118
2024-04-23,4,2,130
2024-04-24,4,2,136
2024-04-25,4,2,155
2024-04-26,4,2,180
2024-04-27,4,2,185
2024-04-28,4,2,190
2024-04-29,4,2,114
2024-04-30,4,2,121
2024-05-01,4,2,190
2024-05-02,4,2,141
2024-05-03,4,2,197
2024-05-04,4,2,203
2024-05-05,4,2,162
2024-05-06,4,2,105
2024-05-07,4,2,137
2024-05-08,4,2,137
2024-05-09,4,2,149
2024-05-10,4,2,156
2024-05-11,4,2,189
2024-05-12,4,2,184
2024-05-13,4,2,100
2024-05-14,4,2,129
2024-05-15,4,2,146
2024-05-16,4,2,150
2024-05-17,4,2,195
2024-05-18,4,2,179
2024-05-19,4,2,173
2024-05-20,4,2,125
2024-05-21,4,2,140
2024-05-22,4,2,134
2024-05-23,4,2,138
2024-05-24,4,2,164
2024-05-25,4,2,203
2024-05-26,4,2,201
2024-05-27,4,2,119
2024-05-28,4,2,119
2024-05-29,4,2,127
2024-05-30,4,2,151
2024-05-31,4,2,179
2024-06-01,4,2,243
2024-06-02,4,2,190
2024-06-03,4,2,108
2024-06-04,4,2,124
2024-06-05,4,2,135
2024-06-06,4,2,163
2024-06-07,4,2,163
2024-06-08,4,2,209
2024-06-09,4,2,187
2024-06-10,4,2,109
2024-06-11,4,2,123
2024-06-12,4,2,149
2024-06-13,4,2,135
2024-06-14,4,2,156
2024-06-15,4,2,207
2024-06-16,4,2,157
2024-06-17,4,2,126
2024-06-18,4,2,110
2024-06-19,4,2,148
2024-06-20,4,2,140
2024-06-21,4,2,156
2024-06-22,4,2,182
2024-06-23,4,2,159
2024-06-24,4,2,121
2024-06-25,4,2,100
2024-06-26,4,2,142
2024-06-27,4,2,128
2024-06-28,4,2,153
2024-06-29,4,2,165
2024-06-30,4,2,188
2024-07-01,4,2,116
2024-07-02,4,2,122
2024-07-03,4,2,136
2024-07-04,4,2,125
2024-07-05,4,2,140
2024-07-06,4,2,198
2024-07-07,4,2,157
2024-07-08,4,2,86
2024-07-09,4,2,111
2024-07-10,4,2,130
2024-07-11,4,2,136
2024-07-12,4,2,177
2024-07-13,4,2,179
2024-07-14,4,2,154
2024-07-15,4,2,116
2024-07-16,4,2,104
2024-07-17,4,2,113
2024-07-18,4,2,125
2024-07-19,4,2,133
2024-07-20,4,2,186
2024-07-21,4,2,170
2024-07-22,4,2,94
2024-07-23,4,2,99
2024-07-24,4,2,145
2024-07-25,4,2,128
2024-07-26,4,2,171
2024-07-27,4,2,175
2024-07-28,4,2,179
2024-07-29,4,2,106
2024-07-30,4,2,106
2024-07-31,4,2,120
2024-08-01,4,2,140
2024-08-02,4,2,135
2024-08-03,4,2,165
2024-08-04,4,2,151
2024-08-05,4,2,83
2024-08-06,4,2,109
2024-08-07,4,2,129
2024-08-08,4,2,112
2024-08-09,4,2,176
2024-08-10,4,2,154
2024-08-11,4,2,143
2024-08-12,4,2,107
2024-08-13,4,2,92
2024-08-14,4,2,127
2024-08-15,4,2,161
2024-08-16,4,2,147
2024-08-17,4,2,160
2024-08-18,4,2,173
2024-08-19,4,2,100
2024-08-20,4,2,115
2024-08-21,4,2,135
2024-08-22,4,2,134
2024-08-23,4,2,157
2024-08-24,4,2,187
2024-08-25,4,2,144
2024-08-26,4,2,87
2024-08-27,4,2,108
2024-08-28,4,2,127
2024-08-29,4,2,129
2024-08-30,4,2,138
2024-08-31,4,2,151
2024-09-01,4,2,176
2024-09-02,4,2,88
2024-09-03,4,2,114
2024-09-04,4,2,125
2024-09-05,4,2,134
2024-09-06,4,2,126
2024-09-07,4,2,166
2024-09-08,4,2,140
2024-09-09,4,2,89
2024-09-10,4,2,124
2024-09-11,4,2,135
2024-09-12,4,2,129
2024-09-13,4,2,140
2024-09-14,4,2,174
2024-09-15,4,2,161
2024-09-16,4,2,99
2024-09-17,4,2,100
2024-09-18,4,2,119
2024-09-19,4,2,130
2024-09-20,4,2,150
2024-09-21,4,2,180
2024-09-22,4,2,148
2024-09-23,4,2,99
2024-09-24,4,2,125
2024-09-25,4,2,115
2024-09-26,4,2,120
2024-09-27,4,2,170
2024-09-28,4,2,169
2024-09-29,4,2,162
2024-09-30,4,2,78
2024-10-01,4,2,124
2024-10-02,4,2,113
2024-10-03,4,2,144
2024-10-04,4,2,150
2024-10-05,4,2,160
2024-10-06,4,2,157
2024-10-07,4,2,106
2024-10-08,4,2,93
2024-10-09,4,2,107
2024-10-10,4,2,149
2024-10-11,4,2,146
2024-10-12,4,2,160
2024-10-13,4,2,161
2024-10-14,4,2,89
2024-10-15,4,2,148
2024-10-16,4,2,121
2024-10-17,4,2,121
2024-10-18,4,2,141
2024-10-19,4,2,159
2024-10-20,4,2,162
2024-10-21,4,2,86
2024-10-22,4,2,107
2024-10-23,4,2,102
2024-10-24,4,2,134
2024-10-25,4,2,143
2024-10-26,4,2,161
2024-10-27,4,2,154
2024-10-28,4,2,88
2024-10-29,4,2,98
2024-10-30,4,2,116
2024-10-31,4,2,123
2024-11-01,4,2,165
2024-11-02,4,2,169
2024-11-03,4,2,143
2024-11-04,4,2,112
2024-11-05,4,2,111
2024-11-06,4,2,111
2024-11-07,4,2,124
2024-11-08,4,2,162
2024-11-09,4,2,149
2024-11-10,4,2,162
2024-11-11,4,2,104
2024-11-12,4,2,120
2024-11-13,4,2,117
2024-11-14,4,2,133
2024-11-15,4,2,187
2024-11-16,4,2,189
2024-11-17,4,2,149
2024-11-18,4,2,99
2024-11-19,4,2,108
2024-11-20,4,2,125
2024-11-21,4,2,128
2024-11-22,4,2,144
2024-11-23,4,2,162
2024-11-24,4,2,154
2024-11-25,4,2,100
2024-11-26,4,2,123
2024-11-27,4,2,139
2024-11-28,4,2,137
2024-11-29,4,2,171
2024-11-30,4,2,177
2024-12-01,4,2,201
2024-12-02,4,2,85
2024-12-03,4,2,111
2024-12-04,4,2,111
2024-12-05,4,2,158
2024-12-06,4,2,163
2024-12-07,4,2,183
2024-12-08,4,2,180
2024-12-09,4,2,116
2024-12-10,4,2,107
2024-12-11,4,2,115
2024-12-12,4,2,129
2024-12-13,4,2,164
2024-12-14,4,2,200
2024-12-15,4,2,215
2024-12-16,4,2,101
2024-12-17,4,2,125
2024-12-18,4,2,127
2024-12-19,4,2,136
2024-12-20,4,2,152
2024-12-21,4,2,186
2024-12-22,4,2,169
2024-12-23,4,2,130
2024-12-24,4,2,131
2024-12-25,4,2,159
2024-12-26,4,2,160
2024-12-27,4,2,151
2024-12-28,4,2,202
2024-12-29,4,2,176
2024-12-30,4,2,119
2024-12-31,4,2,130
2022-01-01,4,3,185
2022-01-02,4,3,148
2022-01-03,4,3,90
2022-01-04,4,3,97
2022-01-05,4,3,110
2022-01-06,4,3,138
2022-01-07,4,3,123
2022-01-08,4,3,144
2022-01-09,4,3,135
2022-01-10,4,3,88
2022-01-11,4,3,100
2022-01-12,4,3,97
2022-01-13,4,3,111
2022-01-14,4,3,142
2022-01-15,4,3,173
2022-01-16,4,3,144
2022-01-17,4,3,84
2022-01-18,4,3,116
2022-01-19,4,3,113
2022-01-20,4,3,126
2022-01-21,4,3,127
2022-01-22,4,3,175
2022-01-23,4,3,142
2022-01-24,4,3,89
2022-01-25,4,3,103
2022-01-26,4,3,101
2022-01-27,4,3,127
2022-01-28,4,3,135
2022-01-29,4,3,149
2022-01-30,4,3,141
2022-01-31,4,3,104
2022-02-01,4,3,155
2022-02-02,4,3,122
2022-02-03,4,3,128
2022-02-04,4,3,147
2022-02-05,4,3,172
2022-02-06,4,3,164
2022-02-07,4,3,91
2022-02-08,4,3,103
2022-02-09,4,3,122
2022-02-10,4,3,124
2022-02-11,4,3,124
2022-02-12,4,3,161
2022-02-13,4,3,159
2022-02-14,4,3,106
2022-02-15,4,3,137
2022-02-16,4,3,115
2022-02-17,4,3,111
2022-02-18,4,3,171
2022-02-19,4,3,162
2022-02-20,4,3,149
2022-02-21,4,3,104
2022-02-22,4,3,115
2022-02-23,4,3,128
2022-02-24,4,3,135
2022-02-25,4,3,133
2022-02-26,4,3,166
2022-02-27,4,3,158
2022-02-28,4,3,116
2022-03-01,4,3,131
2022-03-02,4,3,104
2022-03-03,4,3,121
2022-03-04,4,3,145
2022-03-05,4,3,166
2022-03-06,4,3,167
2022-03-07,4,3,96
2022-03-08,4,3,118
2022-03-09,4,3,113
2022-03-10,4,3,124
2022-03-11,4,3,169
2022-03-12,4,3,167
2022-03-13,4,3,170
2022-03-14,4,3,109
2022-03-15,4,3,127
2022-03-16,4,3,125
2022-03-17,4,3,155
2022-03-18,4,3,130
2022-03-19,4,3,168
2022-03-20,4,3,162
2022-03-21,4,3,99
2022-03-22,4,3,95
2022-03-23,4,3,127
2022-03-24,4,3,132
2022-03-25,4,3,125
2022-03-26,4,3,170
2022-03-27,4,3,176
2022-03-28,4,3,94
2022-03-29,4,3,114
2022-03-30,4,3,114
2022-03-31,4,3,148
2022-04-01,4,3,143
2022-04-02,4,3,176
2022-04-03,4,3,164
2022-04-04,4,3,87
2022-04-05,4,3,121
2022-04-06,4,3,120
2022-04-07,4,3,146
2022-04-08,4,3,165
2022-04-09,4,3,159
2022-04-10,4,3,168
2022-04-11,4,3,85
2022-04-12,4,3,135
2022-04-13,4,3,119
2022-04-14,4,3,137
2022-04-15,4,3,167
2022-04-16,4,3,167
2022-04-17,4,3,147
2022-04-18,4,3,102
2022-04-19,4,3,106
2022-04-20,4,3,139
2022-04-21,4,3,129
2022-04-22,4,3,143
2022-04-23,4,3,170
2022-04-24,4,3,148
2022-04-25,4,3,104
2022-04-26,4,3,104
2022-04-27,4,3,105
2022-04-28,4,3,127
2022-04-29,4,3,145
2022-04-30,4,3,176
2022-05-01,4,3,176
2022-05-02,4,3,103
2022-05-03,4,3,109
2022-05-04,4,3,112
2022-05-05,4,3,133
2022-05-06,4,3,156
2022-05-07,4,3,168
2022-05-08,4,3,152
2022-05-09,4,3,101
2022-05-10,4,3,132
2022-05-11,4,3,120
2022-05-12,4,3,109
2022-05-13,4,3,146
2022-05-14,4,3,176
2022-05-15,4,3,191
2022-05-16,4,3,93
2022-05-17,4,3,116
2022-05-18,4,3,112
2022-05-19,4,3,147
2022-05-20,4,3,133
2022-05-21,4,3,152
2022-05-22,4,3,161
2022-05-23,4,3,98
2022-05-24,4,3,119
2022-05-25,4,3,97
2022-05-26,4,3,128
2022-05-27,4,3,138
2022-05-28,4,3,184
2022-05-29,4,3,149
2022-05-30,4,3,106
2022-05-31,4,3,125
2022-06-01,4,3,157
2022-06-02,4,3,139
2022-06-03,4,3,146
2022-06-04,4,3,163
2022-06-05,4,3,137
2022-06-06,4,3,102
2022-06-07,4,3,97
2022-06-08,4,3,116
2022-06-09,4,3,125
2022-06-10,4,3,143
2022-06-11,4,3,151
2022-06-12,4,3,153
2022-06-13,4,3,91
2022-06-14,4,3,115
2022-06-15,4,3,145
2022-06-16,4,3,127
2022-06-17,4,3,137
2022-06-18,4,3,157
2022-06-19,4,3,141
2022-06-20,4,3,83
2022-06-21,4,3,111
2022-06-22,4,3,128
2022-06-23,4,3,114
2022-06-24,4,3,136
2022-06-25,4,3,162
2022-06-26,4,3,133
2022-06-27,4,3,97
2022-06-28,4,3,108
2022-06-29,4,3,115
2022-06-30,4,3,95
2022-07-01,4,3,149
2022-07-02,4,3,171
2022-07-03,4,3,132
2022-07-04,4,3,96
2022-07-05,4,3,107
2022-07-06,4,3,109
2022-07-07,4,3,114
2022-07-08,4,3,146
2022-07-09,4,3,152
2022-07-10,4,3,136
2022-07-11,4,3,87
2022-07-12,4,3,82
2022-07-13,4,3,124
2022-07-14,4,3,111
2022-07-15,4,3,152
2022-07-16,4,3,166
2022-07-17,4,3,145
2022-07-18,4,3,83
2022-07-19,4,3,104
2022-07-20,4,3,122
2022-07-21,4,3,116
2022-07-22,4,3,137
2022-07-23,4,3,144
2022-07-24,4,3,146
2022-07-25,4,3,89
2022-07-26,4,3,103
2022-07-27,4,3,98
2022-07-28,4,3,116
2022-07-29,4,3,132
2022-07-30,4,3,153
2022-07-31,4,3,128
2022-08-01,4,3,107
2022-08-02,4,3,112
2022-08-03,4,3,112
2022-08-04,4,3,97
2022-08-05,4,3,137
2022-08-06,4,3,141
2022-08-07,4,3,150
2022-08-08,4,3,82
2022-08-09,4,3,81
2022-08-10,4,3,122
2022-08-11,4,3,104
2022-08-12,4,3,150
2022-08-13,4,3,148
2022-08-14,4,3,160
2022-08-15,4,3,104
2022-08-16,4,3,111
2022-08-17,4,3,111
2022-08-18,4,3,106
2022-08-19,4,3,120
2022-08-20,4,3,140
2022-08-21,4,3,123
2022-08-22,4,3,109
2022-08-23,4,3,96
2022-08-24,4,3,99
2022-08-25,4,3,112
2022-08-26,4,3,120
2022-08-27,4,3,160
2022-08-28,4,3,143
2022-08-29,4,3,88
2022-08-30,4,3,74
2022-08-31,4,3,105
2022-09-01,4,3,139
2022-09-02,4,3,144
2022-09-03,4,3,139
2022-09-04,4,3,143
2022-09-05,4,3,88
2022-09-06,4,3,84
2022-09-07,4,3,106
2022-09-08,4,3,125
2022-09-09,4,3,103
2022-09-10,4,3,156
2022-09-11,4,3,120
2022-09-12,4,3,92
2022-09-13,4,3,99
2022-09-14,4,3,108
2022-09-15,4,3,126
2022-09-16,4,3,145
2022-09-17,4,3,132
2022-09-18,4,3,140
2022-09-19,4,3,99
2022-09-20,4,3,78
2022-09-21,4,3,108
2022-09-22,4,3,109
2022-09-23,4,3,125
2022-09-24,4,3,141
2022-09-25,4,3,126
2022-09-26,4,3,70
2022-09-27,4,3,90
2022-09-28,4,3,106
2022-09-29,4,3,109
2022-09-30,4,3,117
2022-10-01,4,3,188
2022-10-02,4,3,135
2022-10-03,4,3,94
2022-10-04,4,3,116
2022-10-05,4,3,102
2022-10-06,4,3,130
2022-10-07,4,3,130
2022-10-08,4,3,151
2022-10-09,4,3,156
2022-10-10,4,3,77
2022-10-11,4,3,90
2022-10-12,4,3,90
2022-10-13,4,3,121
2022-10-14,4,3,135
2022-10-15,4,3,144
2022-10-16,4,3,127
2022-10-17,4,3,89
2022-10-18,4,3,93
2022-10-19,4,3,106
2022-10-20,4,3,127
2022-10-21,4,3,146
2022-10-22,4,3,140
2022-10-23,4,3,119
2022-10-24,4,3,90
2022-10-25,4,3,91
2022-10-26,4,3,97
2022-10-27,4,3,101
2022-10-28,4,3,135
2022-10-29,4,3,136
2022-10-30,4,3,134
2022-10-31,4,3,91
2022-11-01,4,3,109
2022-11-02,4,3,113
2022-11-03,4,3,118
2022-11-04,4,3,119
2022-11-05,4,3,117
2022-11-06,4,3,135
2022-11-07,4,3,76
2022-11-08,4,3,97
2022-11-09,4,3,102
2022-11-10,4,3,105
2022-11-11,4,3,143
2022-11-12,4,3,148
2022-11-13,4,3,140
2022-11-14,4,3,84
2022-11-15,4,3,119
2022-11-16,4,3,109
2022-11-17,4,3,107
2022-11-18,4,3,146
2022-11-19,4,3,158
2022-11-20,4,3,141
2022-11-21,4,3,87
2022-11-22,4,3,108
2022-11-23,4,3,101
2022-11-24,4,3,124
2022-11-25,4,3,126
2022-11-26,4,3,165
2022-11-27,4,3,142
2022-11-28,4,3,89
2022-11-29,4,3,112
2022-11-30,4,3,123
2022-12-01,4,3,144
2022-12-02,4,3,136
2022-12-03,4,3,165
2022-12-04,4,3,132
2022-12-05,4,3,90
2022-12-06,4,3,118
2022-12-07,4,3,131
2022-12-08,4,3,116
2022-12-09,4,3,114
2022-12-10,4,3,152
2022-12-11,4,3,145
2022-12-12,4,3,88
2022-12-13,4,3,108
2022-12-14,4,3,122
2022-12-15,4,3,134
2022-12-16,4,3,144
2022-12-17,4,3,160
2022-12-18,4,3,155
2022-12-19,4,3,103
2022-12-20,4,3,107
2022-12-21,4,3,139
2022-12-22,4,3,120
2022-12-23,4,3,146
2022-12-24,4,3,183
2022-12-25,4,3,164
2022-12-26,4,3,104
2022-12-27,4,3,141
2022-12-28,4,3,117
2022-12-29,4,3,118
2022-12-30,4,3,139
2022-12-31,4,3,158
2023-01-01,4,3,160
2023-01-02,4,3,83
2023-01-03,4,3,117
2023-01-04,4,3,127
2023-01-05,4,3,153
2023-01-06,4,3,171
2023-01-07,4,3,175
2023-01-08,4,3,166
2023-01-09,4,3,105
2023-01-10,4,3,122
2023-01-11,4,3,147
2023-01-12,4,3,141
2023-01-13,4,3,148
2023-01-14,4,3,184
2023-01-15,4,3,165
2023-01-16,4,3,112
2023-01-17,4,3,102
2023-01-18,4,3,123
2023-01-19,4,3,127
2023-01-20,4,3,138
2023-01-21,4,3,182
2023-01-22,4,3,178
2023-01-23,4,3,89
2023-01-24,4,3,133
2023-01-25,4,3,108
2023-01-26,4,3,153
2023-01-27,4,3,145
2023-01-28,4,3,189
2023-01-29,4,3,173
2023-01-30,4,3,96
2023-01-31,4,3,116
2023-02-01,4,3,137
2023-02-02,4,3,125
2023-02-03,4,3,145
2023-02-04,4,3,174
2023-02-05,4,3,178
2023-02-06,4,3,109
2023-02-07,4,3,115
2023-02-08,4,3,116
2023-02-09,4,3,126
2023-02-10,4,3,174
2023-02-11,4,3,187
2023-02-12,4,3,178
2023-02-13,4,3,108
2023-02-14,4,3,132
2023-02-15,4,3,157
2023-02-16,4,3,142
2023-02-17,4,3,159
2023-02-18,4,3,208
2023-02-19,4,3,186
2023-02-20,4,3,90
2023-02-21,4,3,125
2023-02-22,4,3,136
2023-02-23,4,3,160
2023-02-24,4,3,178
2023-02-25,4,3,189
2023-02-26,4,3,146
2023-02-27,4,3,112
2023-02-28,4,3,109
2023-03-01,4,3,148
2023-03-02,4,3,161
2023-03-03,4,3,168
2023-03-04,4,3,183
2023-03-05,4,3,163
2023-03-06,4,3,128
2023-03-07,4,3,128
2023-03-08,4,3,133
2023-03-09,4,3,163
2023-03-10,4,3,156
2023-03-11,4,3,191
2023-03-12,4,3,175
2023-03-13,4,3,114
2023-03-14,4,3,126
2023-03-15,4,3,187
2023-03-16,4,3,154
2023-03-17,4,3,166
2023-03-18,4,3,193
2023-03-19,4,3,175
2023-03-20,4,3,116
2023-03-21,4,3,144
2023-03-22,4,3,143
2023-03-23,4,3,158
2023-03-24,4,3,149
2023-03-25,4,3,215
2023-03-26,4,3,189
2023-03-27,4,3,112
2023-03-28,4,3,124
2023-03-29,4,3,133
2023-03-30,4,3,154
2023-03-31,4,3,169
2023-04-01,4,3,233
2023-04-02,4,3,166
2023-04-03,4,3,113
2023-04-04,4,3,132
2023-04-05,4,3,143
2023-04-06,4,3,139
2023-04-07,4,3,186
2023-04-08,4,3,176
2023-04-09,4,3,193
2023-04-10,4,3,101
2023-04-11,4,3,116
2023-04-12,4,3,145
2023-04-13,4,3,151
2023-04-14,4,3,198
2023-04-15,4,3,255
2023-04-16,4,3,171
2023-04-17,4,3,128
2023-04-18,4,3,136
2023-04-19,4,3,146
2023-04-20,4,3,147
2023-04-21,4,3,154
2023-04-22,4,3,202
2023-04-23,4,3,182
2023-04-24,4,3,111
2023-04-25,4,3,128
2023-04-26,4,3,141
2023-04-27,4,3,146
2023-04-28,4,3,182
2023-04-29,4,3,203
2023-04-30,4,3,167
2023-05-01,4,3,127
2023-05-02,4,3,137
2023-05-03,4,3,136
2023-05-04,4,3,144
2023-05-05,4,3,179
2023-05-06,4,3,183
2023-05-07,4,3,173
2023-05-08,4,3,131
2023-05-09,4,3,118
2023-05-10,4,3,156
2023-05-11,4,3,135
2023-05-12,4,3,140
2023-05-13,4,3,183
2023-05-14,4,3,186
2023-05-15,4,3,138
2023-05-16,4,3,118
2023-05-17,4,3,132
2023-05-18,4,3,154
2023-05-19,4,3,155
2023-05-20,4,3,177
2023-05-21,4,3,181
2023-05-22,4,3,116
2023-05-23,4,3,123
2023-05-24,4,3,138
2023-05-25,4,3,156
2023-05-26,4,3,168
2023-05-27,4,3,206
2023-05-28,4,3,179
2023-05-29,4,3,122
2023-05-30,4,3,124
2023-05-31,4,3,124
2023-06-01,4,3,149
2023-06-02,4,3,143
2023-06-03,4,3,170
2023-06-04,4,3,161
2023-06-05,4,3,113
2023-06-06,4,3,126
2023-06-07,4,3,143
2023-06-08,4,3,146
2023-06-09,4,3,157
2023-06-10,4,3,185
2023-06-11,4,3,175
2023-06-12,4,3,94
2023-06-13,4,3,117
2023-06-14,4,3,157
2023-06-15,4,3,167
2023-06-16,4,3,162
2023-06-17,4,3,179
2023-06-18,4,3,165
2023-06-19,4,3,106
2023-06-20,4,3,112
2023-06-21,4,3,128
2023-06-22,4,3,134
2023-06-23,4,3,167
2023-06-24,4,3,181
2023-06-25,4,3,169
2023-06-26,4,3,114
2023-06-27,4,3,135
2023-06-28,4,3,137
2023-06-29,4,3,149
2023-06-30,4,3,182
2023-07-01,4,3,233
2023-07-02,4,3,156
2023-07-03,4,3,125
2023-07-04,4,3,139
2023-07-05,4,3,120
2023-07-06,4,3,151
2023-07-07,4,3,148
2023-07-08,4,3,201
2023-07-09,4,3,171
2023-07-10,4,3,102
2023-07-11,4,3,111
2023-07-12,4,3,125
2023-07-13,4,3,125
2023-07-14,4,3,148
2023-07-15,4,3,226
2023-07-16,4,3,143
2023-07-17,4,3,92
2023-07-18,4,3,121
2023-07-19,4,3,105
2023-07-20,4,3,116
2023-07-21,4,3,148
2023-07-22,4,3,165
2023-07-23,4,3,130
2023-07-24,4,3,98
2023-07-25,4,3,111
2023-07-26,4,3,111
2023-07-27,4,3,138
2023-07-28,4,3,149
2023-07-29,4,3,171
2023-07-30,4,3,149
2023-07-31,4,3,88
2023-08-01,4,3,130
2023-08-02,4,3,122
2023-08-03,4,3,150
2023-08-04,4,3,140
2023-08-05,4,3,163
2023-08-06,4,3,170
2023-08-07,4,3,119
2023-08-08,4,3,100
2023-08-09,4,3,133
2023-08-10,4,3,121
2023-08-11,4,3,149
2023-08-12,4,3,190
2023-08-13,4,3,159
2023-08-14,4,3,88
2023-08-15,4,3,126
2023-08-16,4,3,132
2023-08-17,4,3,128
2023-08-18,4,3,137
2023-08-19,4,3,159
2023-08-20,4,3,147
2023-08-21,4,3,113
2023-08-22,4,3,110
2023-08-23,4,3,110
2023-08-24,4,3,129
2023-08-25,4,3,133
2023-08-26,4,3,176
2023-08-27,4,3,126
2023-08-28,4,3,97
2023-08-29,4,3,106
2023-08-30,4,3,119
2023-08-31,4,3,124
2023-09-01,4,3,155
2023-09-02,4,3,156
2023-09-03,4,3,137
2023-09-04,4,3,94
2023-09-05,4,3,101
2023-09-06,4,3,99
2023-09-07,4,3,123
2023-09-08,4,3,158
2023-09-09,4,3,163
2023-09-10,4,3,140
2023-09-11,4,3,98
2023-09-12,4,3,110
2023-09-13,4,3,139
2023-09-14,4,3,104
2023-09-15,4,3,171
2023-09-16,4,3,152
2023-09-17,4,3,131
2023-09-18,4,3,101
2023-09-19,4,3,102
2023-09-20,4,3,112
2023-09-21,4,3,125
2023-09-22,4,3,155
2023-09-23,4,3,156
2023-09-24,4,3,142
2023-09-25,4,3,109
2023-09-26,4,3,114
2023-09-27,4,3,110
2023-09-28,4,3,119
2023-09-29,4,3,151
2023-09-30,4,3,148
2023-10-01,4,3,169
2023-10-02,4,3,86
2023-10-03,4,3,96
2023-10-04,4,3,128
2023-10-05,4,3,125
2023-10-06,4,3,141
2023-10-07,4,3,175
2023-10-08,4,3,137
2023-10-09,4,3,110
2023-10-10,4,3,96
2023-10-11,4,3,110
2023-10-12,4,3,134
2023-10-13,4,3,136
2023-10-14,4,3,163
2023-10-15,4,3,172
2023-10-16,4,3,91
2023-10-17,4,3,110
2023-10-18,4,3,104
2023-10-19,4,3,127
2023-10-20,4,3,128
2023-10-21,4,3,205
2023-10-22,4,3,147
2023-10-23,4,3,86
2023-10-24,4,3,125
2023-10-25,4,3,113
2023-10-26,4,3,125
2023-10-27,4,3,137
2023-10-28,4,3,167
2023-10-29,4,3,128
2023-10-30,4,3,110
2023-10-31,4,3,101
2023-11-01,4,3,148
2023-11-02,4,3,124
2023-11-03,4,3,145
2023-11-04,4,3,156
2023-11-05,4,3,141
2023-11-06,4,3,97
2023-11-07,4,3,109
2023-11-08,4,3,113
2023-11-09,4,3,138
2023-11-10,4,3,151
2023-11-11,4,3,189
2023-11-12,4,3,148
2023-11-13,4,3,116
2023-11-14,4,3,113
2023-11-15,4,3,171
2023-11-16,4,3,121
2023-11-17,4,3,141
2023-11-18,4,3,173
2023-11-19,4,3,152
2023-11-20,4,3,105
2023-11-21,4,3,113
2023-11-22,4,3,128
2023-11-23,4,3,115
2023-11-24,4,3,139
2023-11-25,4,3,168
2023-11-26,4,3,153
2023-11-27,4,3,94
2023-11-28,4,3,88
2023-11-29,4,3,136
2023-11-30,4,3,146
2023-12-01,4,3,166
2023-12-02,4,3,174
2023-12-03,4,3,167
2023-12-04,4,3,102
2023-12-05,4,3,127
2023-12-06,4,3,115
2023-12-07,4,3,131
2023-12-08,4,3,167
2023-12-09,4,3,189
2023-12-10,4,3,156
2023-12-11,4,3,107
2023-12-12,4,3,135
2023-12-13,4,3,117
2023-12-14,4,3,125
2023-12-15,4,3,199
2023-12-16,4,3,191
2023-12-17,4,3,170
2023-12-18,4,3,93
2023-12-19,4,3,128
2023-12-20,4,3,133
2023-12-21,4,3,154
2023-12-22,4,3,144
2023-12-23,4,3,178
2023-12-24,4,3,163
2023-12-25,4,3,107
2023-12-26,4,3,133
2023-12-27,4,3,130
2023-12-28,4,3,137
2023-12-29,4,3,194
2023-12-30,4,3,193
2023-12-31,4,3,184
2024-01-01,4,3,125
2024-01-02,4,3,116
2024-01-03,4,3,137
2024-01-04,4,3,137
2024-01-05,4,3,170
2024-01-06,4,3,215
2024-01-07,4,3,188
2024-01-08,4,3,103
2024-01-09,4,3,118
2024-01-10,4,3,142
2024-01-11,4,3,150
2024-01-12,4,3,175
2024-01-13,4,3,201
2024-01-14,4,3,176
2024-01-15,4,3,129
2024-01-16,4,3,122
2024-01-17,4,3,147
2024-01-18,4,3,158
2024-01-19,4,3,174
2024-01-20,4,3,205
2024-01-21,4,3,171
2024-01-22,4,3,146
2024-01-23,4,3,141
2024-01-24,4,3,166
2024-01-25,4,3,185
2024-01-26,4,3,155
2024-01-27,4,3,185
2024-01-28,4,3,183
2024-01-29,4,3,119
2024-01-30,4,3,114
2024-01-31,4,3,125
2024-02-01,4,3,190
2024-02-02,4,3,166
2024-02-03,4,3,180
2024-02-04,4,3,191
2024-02-05,4,3,114
2024-02-06,4,3,133
2024-02-07,4,3,144
2024-02-08,4,3,171
2024-02-09,4,3,205
2024-02-10,4,3,205
2024-02-11,4,3,173
2024-02-12,4,3,120
2024-02-13,4,3,132
2024-02-14,4,3,157
2024-02-15,4,3,203
2024-02-16,4,3,182
2024-02-17,4,3,209
2024-02-18,4,3,171
2024-02-19,4,3,119
2024-02-20,4,3,155
2024-02-21,4,3,129
2024-02-22,4,3,153
2024-02-23,4,3,191
2024-02-24,4,3,214
2024-02-25,4,3,230
2024-02-26,4,3,138
2024-02-27,4,3,136
2024-02-28,4,3,146
2024-02-29,4,3,148
2024-03-01,4,3,192
2024-03-02,4,3,183
2024-03-03,4,3,214
2024-03-04,4,3,110
2024-03-05,4,3,147
2024-03-06,4,3,150
2024-03-07,4,3,151
2024-03-08,4,3,194
2024-03-09,4,3,215
2024-03-10,4,3,188
2024-03-11,4,3,126
2024-03-12,4,3,154
2024-03-13,4,3,168
2024-03-14,4,3,158
2024-03-15,4,3,215
2024-03-16,4,3,247
2024-03-17,4,3,213
2024-03-18,4,3,110
2024-03-19,4,3,131
2024-03-20,4,3,157
2024-03-21,4,3,165
2024-03-22,4,3,205
2024-03-23,4,3,231
2024-03-24,4,3,212
2024-03-25,4,3,137
2024-03-26,4,3,147
2024-03-27,4,3,140
2024-03-28,4,3,172
2024-03-29,4,3,223
2024-03-30,4,3,182
2024-03-31,4,3,210
2024-04-01,4,3,137
2024-04-02,4,3,148
2024-04-03,4,3,145
2024-04-04,4,3,175
2024-04-05,4,3,188
2024-04-06,4,3,197
2024-04-07,4,3,214
2024-04-08,4,3,140
2024-04-09,4,3,143
2024-04-10,4,3,172
2024-04-11,4,3,145
2024-04-12,4,3,176
2024-04-13,4,3,216
2024-04-14,4,3,206
2024-04-15,4,3,137
2024-04-16,4,3,147
2024-04-17,4,3,157
2024-04-18,4,3,177
2024-04-19,4,3,205
2024-04-20,4,3,203
2024-04-21,4,3,193
2024-04-22,4,3,123
2024-04-23,4,3,144
2024-04-24,4,3,165
2024-04-25,4,3,134
2024-04-26,4,3,207
2024-04-27,4,3,223
2024-04-28,4,3,214
2024-04-29,4,3,133
2024-04-30,4,3,147
2024-05-01,4,3,173
2024-05-02,4,3,187
2024-05-03,4,3,214
2024-05-04,4,3,197
2024-05-05,4,3,203
2024-05-06,4,3,129
2024-05-07,4,3,131
2024-05-08,4,3,156
2024-05-09,4,3,145
2024-05-10,4,3,185
2024-05-11,4,3,205
2024-05-12,4,3,186
2024-05-13,4,3,117
2024-05-14,4,3,142
2024-05-15,4,3,204
2024-05-16,4,3,171
2024-05-17,4,3,174
2024-05-18,4,3,218
2024-05-19,4,3,229
2024-05-20,4,3,115
2024-05-21,4,3,146
2024-05-22,4,3,167
2024-05-23,4,3,170
2024-05-24,4,3,175
2024-05-25,4,3,204
2024-05-26,4,3,205
2024-05-27,4,3,107
2024-05-28,4,3,139
2024-05-29,4,3,163
2024-05-30,4,3,171
2024-05-31,4,3,171
2024-06-01,4,3,242
2024-06-02,4,3,205
2024-06-03,4,3,107
2024-06-04,4,3,134
2024-06-05,4,3,160
2024-06-06,4,3,155
2024-06-07,4,3,173
2024-06-08,4,3,230
2024-06-09,4,3,203
2024-06-10,4,3,125
2024-06-11,4,3,128
2024-06-12,4,3,130
2024-06-13,4,3,161
2024-06-14,4,3,185
2024-06-15,4,3,234
2024-06-16,4,3,173
2024-06-17,4,3,109
2024-06-18,4,3,134
2024-06-19,4,3,120
2024-06-20,4,3,160
2024-06-21,4,3,178
2024-06-22,4,3,221
2024-06-23,4,3,178
2024-06-24,4,3,108
2024-06-25,4,3,152
2024-06-26,4,3,169
2024-06-27,4,3,160
2024-06-28,4,3,184
2024-06-29,4,3,199
2024-06-30,4,3,160
2024-07-01,4,3,128
2024-07-02,4,3,127
2024-07-03,4,3,139
2024-07-04,4,3,139
2024-07-05,4,3,168
2024-07-06,4,3,194
2024-07-07,4,3,184
2024-07-08,4,3,107
2024-07-09,4,3,136
2024-07-10,4,3,131
2024-07-11,4,3,138
2024-07-12,4,3,156
2024-07-13,4,3,188
2024-07-14,4,3,180
2024-07-15,4,3,120
2024-07-16,4,3,126
2024-07-17,4,3,142
2024-07-18,4,3,156
2024-07-19,4,3,175
2024-07-20,4,3,209
2024-07-21,4,3,193
2024-07-22,4,3,121
2024-07-23,4,3,125
2024-07-24,4,3,118
2024-07-25,4,3,140
2024-07-26,4,3,166
2024-07-27,4,3,187
2024-07-28,4,3,151
2024-07-29,4,3,114
2024-07-30,4,3,142
2024-07-31,4,3,134
2024-08-01,4,3,199
2024-08-02,4,3,175
2024-08-03,4,3,197
2024-08-04,4,3,179
2024-08-05,4,3,111
2024-08-06,4,3,122
2024-08-07,4,3,136
2024-08-08,4,3,137
2024-08-09,4,3,176
2024-08-10,4,3,173
2024-08-11,4,3,172
2024-08-12,4,3,112
2024-08-13,4,3,145
2024-08-14,4,3,129
2024-08-15,4,3,187
2024-08-16,4,3,139
2024-08-17,4,3,165
2024-08-18,4,3,165
2024-08-19,4,3,113
2024-08-20,4,3,108
2024-08-21,4,3,137
2024-08-22,4,3,139
2024-08-23,4,3,164
2024-08-24,4,3,166
2024-08-25,4,3,163
2024-08-26,4,3,110
2024-08-27,4,3,102
2024-08-28,4,3,142
2024-08-29,4,3,121
2024-08-30,4,3,141
2024-08-31,4,3,149
2024-09-01,4,3,183
2024-09-02,4,3,102
2024-09-03,4,3,122
2024-09-04,4,3,111
2024-09-05,4,3,151
2024-09-06,4,3,156
2024-09-07,4,3,180
2024-09-08,4,3,143
2024-09-09,4,3,109
2024-09-10,4,3,124
2024-09-11,4,3,112
2024-09-12,4,3,155
2024-09-13,4,3,171
2024-09-14,4,3,183
2024-09-15,4,3,190
2024-09-16,4,3,96
2024-09-17,4,3,102
2024-09-18,4,3,126
2024-09-19,4,3,113
2024-09-20,4,3,177
2024-09-21,4,3,161
2024-09-22,4,3,151
2024-09-23,4,3,100
2024-09-24,4,3,122
2024-09-25,4,3,129
2024-09-26,4,3,129
2024-09-27,4,3,161
2024-09-28,4,3,178
2024-09-29,4,3,169
2024-09-30,4,3,119
2024-10-01,4,3,149
2024-10-02,4,3,121
2024-10-03,4,3,133
2024-10-04,4,3,169
2024-10-05,4,3,188
2024-10-06,4,3,172
2024-10-07,4,3,121
2024-10-08,4,3,127
2024-10-09,4,3,142
2024-10-10,4,3,130
2024-10-11,4,3,154
2024-10-12,4,3,162
2024-10-13,4,3,165
2024-10-14,4,3,108
2024-10-15,4,3,150
2024-10-16,4,3,110
2024-10-17,4,3,153
2024-10-18,4,3,132
2024-10-19,4,3,176
2024-10-20,4,3,146
2024-10-21,4,3,110
2024-10-22,4,3,123
2024-10-23,4,3,129
2024-10-24,4,3,145
2024-10-25,4,3,156
2024-10-26,4,3,201
2024-10-27,4,3,177
2024-10-28,4,3,110
2024-10-29,4,3,124
2024-10-30,4,3,138
2024-10-31,4,3,143
2024-11-01,4,3,174
2024-11-02,4,3,184
2024-11-03,4,3,168
2024-11-04,4,3,114
2024-11-05,4,3,115
2024-11-06,4,3,148
2024-11-07,4,3,126
2024-11-08,4,3,168
2024-11-09,4,3,175
2024-11-10,4,3,167
2024-11-11,4,3,121
2024-11-12,4,3,133
2024-11-13,4,3,129
2024-11-14,4,3,140
2024-11-15,4,3,188
2024-11-16,4,3,188
2024-11-17,4,3,178
2024-11-18,4,3,98
2024-11-19,4,3,108
2024-11-20,4,3,124
2024-11-21,4,3,142
2024-11-22,4,3,150
2024-11-23,4,3,189
2024-11-24,4,3,166
2024-11-25,4,3,121
2024-11-26,4,3,135
2024-11-27,4,3,135
2024-11-28,4,3,153
2024-11-29,4,3,171
2024-11-30,4,3,185
2024-12-01,4,3,234
2024-12-02,4,3,123
2024-12-03,4,3,133
2024-12-04,4,3,153
2024-12-05,4,3,164
2024-12-06,4,3,178
2024-12-07,4,3,219
2024-12-08,4,3,169
2024-12-09,4,3,122
2024-12-10,4,3,141
2024-12-11,4,3,136
2024-12-12,4,3,146
2024-12-13,4,3,156
2024-12-14,4,3,223
2024-12-15,4,3,206
2024-12-16,4,3,145
2024-12-17,4,3,141
2024-12-18,4,3,132
2024-12-19,4,3,139
2024-12-20,4,3,207
2024-12-21,4,3,212
2024-12-22,4,3,171
2024-12-23,4,3,91
2024-12-24,4,3,148
2024-12-25,4,3,155
2024-12-26,4,3,145
2024-12-27,4,3,197
2024-12-28,4,3,214
2024-12-29,4,3,205
2024-12-30,4,3,119
2024-12-31,4,3,134
2022-01-01,5,1,154
2022-01-02,5,1,124
2022-01-03,5,1,76
2022-01-04,5,1,95
2022-01-05,5,1,93
2022-01-06,5,1,88
2022-01-07,5,1,114
2022-01-08,5,1,128
2022-01-09,5,1,135
2022-01-10,5,1,75
2022-01-11,5,1,78
2022-01-12,5,1,85
2022-01-13,5,1,121
2022-01-14,5,1,125
2022-01-15,5,1,140
2022-01-16,5,1,115
2022-01-17,5,1,89
2022-01-18,5,1,97
2022-01-19,5,1,101
2022-01-20,5,1,103
2022-01-21,5,1,127
2022-01-22,5,1,135
2022-01-23,5,1,130
2022-01-24,5,1,90
2022-01-25,5,1,83
2022-01-26,5,1,94
2022-01-27,5,1,79
2022-01-28,5,1,108
2022-01-29,5,1,127
2022-01-30,5,1,107
2022-01-31,5,1,81
2022-02-01,5,1,111
2022-02-02,5,1,92
2022-02-03,5,1,120
2022-02-04,5,1,109
2022-02-05,5,1,158
2022-02-06,5,1,107
2022-02-07,5,1,91
2022-02-08,5,1,90
2022-02-09,5,1,113
2022-02-10,5,1,97
2022-02-11,5,1,130
2022-02-12,5,1,161
2022-02-13,5,1,148
2022-02-14,5,1,73
2022-02-15,5,1,114
2022-02-16,5,1,107
2022-02-17,5,1,126
2022-02-18,5,1,102
2022-02-19,5,1,164
2022-02-20,5,1,120
2022-02-21,5,1,75
2022-02-22,5,1,108
2022-02-23,5,1,118
2022-02-24,5,1,113
2022-02-25,5,1,133
2022-02-26,5,1,166
2022-02-27,5,1,152
2022-02-28,5,1,101
2022-03-01,5,1,128
2022-03-02,5,1,117
2022-03-03,5,1,105
2022-03-04,5,1,136
2022-03-05,5,1,142
2022-03-06,5,1,133
2022-03-07,5,1,93
2022-03-08,5,1,96
2022-03-09,5,1,105
2022-03-10,5,1,126
2022-03-11,5,1,131
2022-03-12,5,1,139
2022-03-13,5,1,139
2022-03-14,5,1,92
2022-03-15,5,1,123
2022-03-16,5,1,90
2022-03-17,5,1,100
2022-03-18,5,1,132
2022-03-19,5,1,143
2022-03-20,5,1,149
2022-03-21,5,1,101
2022-03-22,5,1,112
2022-03-23,5,1,138
2022-03-24,5,1,127
2022-03-25,5,1,138
2022-03-26,5,1,167
2022-03-27,5,1,156
2022-03-28,5,1,90
2022-03-29,5,1,111
2022-03-30,5,1,109
2022-03-31,5,1,115
2022-04-01,5,1,161
2022-04-02,5,1,173
2022-04-03,5,1,125
2022-04-04,5,1,97
2022-04-05,5,1,101
2022-04-06,5,1,124
2022-04-07,5,1,120
2022-04-08,5,1,135
2022-04-09,5,1,153
2022-04-10,5,1,126
2022-04-11,5,1,80
2022-04-12,5,1,92
2022-04-13,5,1,111
2022-04-14,5,1,111
2022-04-15,5,1,151
2022-04-16,5,1,137
2022-04-17,5,1,133
2022-04-18,5,1,86
2022-04-19,5,1,69
2022-04-20,5,1,102
2022-04-21,5,1,129
2022-04-22,5,1,118
2022-04-23,5,1,140
2022-04-24,5,1,128
2022-04-25,5,1,104
2022-04-26,5,1,89
2022-04-27,5,1,114
2022-04-28,5,1,106
2022-04-29,5,1,153
2022-04-30,5,1,140
2022-05-01,5,1,189
2022-05-02,5,1,86
2022-05-03,5,1,93
2022-05-04,5,1,116
2022-05-05,5,1,115
2022-05-06,5,1,128
2022-05-07,5,1,141
2022-05-08,5,1,125
2022-05-09,5,1,103
2022-05-10,5,1,94
2022-05-11,5,1,94
2022-05-12,5,1,116
2022-05-13,5,1,139
2022-05-14,5,1,133
2022-05-15,5,1,188
2022-05-16,5,1,77
2022-05-17,5,1,90
2022-05-18,5,1,89
2022-05-19,5,1,122
2022-05-20,5,1,146
2022-05-21,5,1,154
2022-05-22,5,1,131
2022-05-23,5,1,91
2022-05-24,5,1,82
2022-05-25,5,1,110
2022-05-26,5,1,100
2022-05-27,5,1,129
2022-05-28,5,1,155
2022-05-29,5,1,126
2022-05-30,5,1,77
2022-05-31,5,1,108
2022-06-01,5,1,130
2022-06-02,5,1,123
2022-06-03,5,1,139
2022-06-04,5,1,154
2022-06-05,5,1,130
2022-06-06,5,1,82
2022-06-07,5,1,100
2022-06-08,5,1,94
2022-06-09,5,1,109
2022-06-10,5,1,123
2022-06-11,5,1,155
2022-06-12,5,1,133
2022-06-13,5,1,89
2022-06-14,5,1,94
2022-06-15,5,1,132
2022-06-16,5,1,112
2022-06-17,5,1,130
2022-06-18,5,1,141
2022-06-19,5,1,121
2022-06-20,5,1,82
2022-06-21,5,1,95
2022-06-22,5,1,117
2022-06-23,5,1,104
2022-06-24,5,1,128
2022-06-25,5,1,130
2022-06-26,5,1,139
2022-06-27,5,1,95
2022-06-28,5,1,81
2022-06-29,5,1,95
2022-06-30,5,1,98
2022-07-01,5,1,148
2022-07-02,5,1,155
2022-07-03,5,1,116
2022-07-04,5,1,90
2022-07-05,5,1,95
2022-07-06,5,1,83
2022-07-07,5,1,97
2022-07-08,5,1,141
2022-07-09,5,1,132
2022-07-10,5,1,146
2022-07-11,5,1,93
2022-07-12,5,1,97
2022-07-13,5,1,84
2022-07-14,5,1,102
2022-07-15,5,1,151
2022-07-16,5,1,142
2022-07-17,5,1,134
2022-07-18,5,1,92
2022-07-19,5,1,83
2022-07-20,5,1,102
2022-07-21,5,1,97
2022-07-22,5,1,135
2022-07-23,5,1,137
2022-07-24,5,1,132
2022-07-25,5,1,80
2022-07-26,5,1,88
2022-07-27,5,1,81
2022-07-28,5,1,98
2022-07-29,5,1,120
2022-07-30,5,1,108
2022-07-31,5,1,138
2022-08-01,5,1,98
2022-08-02,5,1,90
2022-08-03,5,1,92
2022-08-04,5,1,94
2022-08-05,5,1,121
2022-08-06,5,1,148
2022-08-07,5,1,129
2022-08-08,5,1,65
2022-08-09,5,1,100
2022-08-10,5,1,84
2022-08-11,5,1,94
2022-08-12,5,1,124
2022-08-13,5,1,132
2022-08-14,5,1,141
2022-08-15,5,1,87
2022-08-16,5,1,91
2022-08-17,5,1,90
2022-08-18,5,1,98
2022-08-19,5,1,107
2022-08-20,5,1,159
2022-08-21,5,1,130
2022-08-22,5,1,72
2022-08-23,5,1,79
2022-08-24,5,1,112
2022-08-25,5,1,116
2022-08-26,5,1,117
2022-08-27,5,1,118
2022-08-28,5,1,123
2022-08-29,5,1,60
2022-08-30,5,1,101
2022-08-31,5,1,96
2022-09-01,5,1,128
2022-09-02,5,1,125
2022-09-03,5,1,119
2022-09-04,5,1,118
2022-09-05,5,1,88
2022-09-06,5,1,83
2022-09-07,5,1,102
2022-09-08,5,1,94
2022-09-09,5,1,118
2022-09-10,5,1,123
2022-09-11,5,1,113
2022-09-12,5,1,79
2022-09-13,5,1,88
2022-09-14,5,1,87
2022-09-15,5,1,117
2022-09-16,5,1,120
2022-09-17,5,1,122
2022-09-18,5,1,113
2022-09-19,5,1,73
2022-09-20,5,1,84
2022-09-21,5,1,93
2022-09-22,5,1,99
2022-09-23,5,1,110
2022-09-24,5,1,121
2022-09-25,5,1,110
2022-09-26,5,1,62
2022-09-27,5,1,87
2022-09-28,5,1,92
2022-09-29,5,1,101
2022-09-30,5,1,111
2022-10-01,5,1,124
2022-10-02,5,1,119
2022-10-03,5,1,81
2022-10-04,5,1,86
2022-10-05,5,1,97
2022-10-06,5,1,107
2022-10-07,5,1,123
2022-10-08,5,1,128
2022-10-09,5,1,125
2022-10-10,5,1,75
2022-10-11,5,1,81
2022-10-12,5,1,105
2022-10-13,5,1,106
2022-10-14,5,1,109
2022-10-15,5,1,160
2022-10-16,5,1,126
2022-10-17,5,1,58
2022-10-18,5,1,96
2022-10-19,5,1,90
2022-10-20,5,1,96
2022-10-21,5,1,126
2022-10-22,5,1,123
2022-10-23,5,1,139
2022-10-24,5,1,69
2022-10-25,5,1,90
2022-10-26,5,1,83
2022-10-27,5,1,92
2022-10-28,5,1,124
2022-10-29,5,1,119
2022-10-30,5,1,120
2022-10-31,5,1,65
2022-11-01,5,1,116
2022-11-02,5,1,110
2022-11-03,5,1,101
2022-11-04,5,1,107
2022-11-05,5,1,135
2022-11-06,5,1,115
2022-11-07,5,1,80
2022-11-08,5,1,97
2022-11-09,5,1,90
2022-11-10,5,1,116
2022-11-11,5,1,102
2022-11-12,5,1,126
2022-11-13,5,1,126
2022-11-14,5,1,76
2022-11-15,5,1,97
2022-11-16,5,1,83
2022-11-17,5,1,112
2022-11-18,5,1,126
2022-11-19,5,1,131
2022-11-20,5,1,109
2022-11-21,5,1,89
2022-11-22,5,1,92
2022-11-23,5,1,96
2022-11-24,5,1,118
2022-11-25,5,1,118
2022-11-26,5,1,136
2022-11-27,5,1,107
2022-11-28,5,1,87
2022-11-29,5,1,93
2022-11-30,5,1,100
2022-12-01,5,1,147
2022-12-02,5,1,154
2022-12-03,5,1,146
2022-12-04,5,1,93
2022-12-05,5,1,83
2022-12-06,5,1,100
2022-12-07,5,1,103
2022-12-08,5,1,96
2022-12-09,5,1,115
2022-12-10,5,1,153
2022-12-11,5,1,136
2022-12-12,5,1,85
2022-12-13,5,1,83
2022-12-14,5,1,109
2022-12-15,5,1,140
2022-12-16,5,1,146
2022-12-17,5,1,169
2022-12-18,5,1,130
2022-12-19,5,1,74
2022-12-20,5,1,80
2022-12-21,5,1,116
2022-12-22,5,1,129
2022-12-23,5,1,155
2022-12-24,5,1,135
2022-12-25,5,1,136
2022-12-26,5,1,92
2022-12-27,5,1,98
2022-12-28,5,1,95
2022-12-29,5,1,120
2022-12-30,5,1,125
2022-12-31,5,1,146
2023-01-01,5,1,183
2023-01-02,5,1,108
2023-01-03,5,1,115
2023-01-04,5,1,124
2023-01-05,5,1,124
2023-01-06,5,1,108
2023-01-07,5,1,139
2023-01-08,5,1,148
2023-01-09,5,1,98
2023-01-10,5,1,131
2023-01-11,5,1,133
2023-01-12,5,1,105
2023-01-13,5,1,140
2023-01-14,5,1,161
2023-01-15,5,1,160
2023-01-16,5,1,94
2023-01-17,5,1,103
2023-01-18,5,1,110
2023-01-19,5,1,125
2023-01-20,5,1,138
2023-01-21,5,1,150
2023-01-22,5,1,137
2023-01-23,5,1,107
2023-01-24,5,1,103
2023-01-25,5,1,123
2023-01-26,5,1,132
2023-01-27,5,1,157
2023-01-28,5,1,180
2023-01-29,5,1,135
2023-01-30,5,1,85
2023-01-31,5,1,106
2023-02-01,5,1,140
2023-02-02,5,1,125
2023-02-03,5,1,134
2023-02-04,5,1,157
2023-02-05,5,1,156
2023-02-06,5,1,97
2023-02-07,5,1,105
2023-02-08,5,1,130
2023-02-09,5,1,111
2023-02-10,5,1,139
2023-02-11,5,1,191
2023-02-12,5,1,163
2023-02-13,5,1,96
2023-02-14,5,1,121
2023-02-15,5,1,136
2023-02-16,5,1,129
2023-02-17,5,1,157
2023-02-18,5,1,191
2023-02-19,5,1,161
2023-02-20,5,1,87
2023-02-21,5,1,98
2023-02-22,5,1,100
2023-02-23,5,1,126
2023-02-24,5,1,141
2023-02-25,5,1,141
2023-02-26,5,1,140
2023-02-27,5,1,92
2023-02-28,5,1,116
2023-03-01,5,1,150
2023-03-02,5,1,149
2023-03-03,5,1,162
2023-03-04,5,1,144
2023-03-05,5,1,154
2023-03-06,5,1,103
2023-03-07,5,1,95
2023-03-08,5,1,102
2023-03-09,5,1,151
2023-03-10,5,1,170
2023-03-11,5,1,179
2023-03-12,5,1,151
2023-03-13,5,1,107
2023-03-14,5,1,117
2023-03-15,5,1,155
2023-03-16,5,1,150
2023-03-17,5,1,144
2023-03-18,5,1,179
2023-03-19,5,1,137
2023-03-20,5,1,88
2023-03-21,5,1,111
2023-03-22,5,1,109
2023-03-23,5,1,124
2023-03-24,5,1,150
2023-03-25,5,1,186
2023-03-26,5,1,155
2023-03-27,5,1,98
2023-03-28,5,1,118
2023-03-29,5,1,128
2023-03-30,5,1,129
2023-03-31,5,1,141
2023-04-01,5,1,210
2023-04-02,5,1,164
2023-04-03,5,1,113
2023-04-04,5,1,121
2023-04-05,5,1,131
2023-04-06,5,1,117
2023-04-07,5,1,170
2023-04-08,5,1,176
2023-04-09,5,1,140
2023-04-10,5,1,88
2023-04-11,5,1,95
2023-04-12,5,1,135
2023-04-13,5,1,115
2023-04-14,5,1,161
2023-04-15,5,1,205
2023-04-16,5,1,147
2023-04-17,5,1,104
2023-04-18,5,1,118
2023-04-19,5,1,129
2023-04-20,5,1,148
2023-04-21,5,1,171
2023-04-22,5,1,145
2023-04-23,5,1,156
2023-04-24,5,1,112
2023-04-25,5,1,104
2023-04-26,5,1,124
2023-04-27,5,1,137
2023-04-28,5,1,134
2023-04-29,5,1,154
2023-04-30,5,1,160
2023-05-01,5,1,120
2023-05-02,5,1,113
2023-05-03,5,1,125
2023-05-04,5,1,127
2023-05-05,5,1,144
2023-05-06,5,1,157
2023-05-07,5,1,150
2023-05-08,5,1,114
2023-05-09,5,1,97
2023-05-10,5,1,127
2023-05-11,5,1,118
2023-05-12,5,1,166
2023-05-13,5,1,189
2023-05-14,5,1,153
2023-05-15,5,1,117
2023-05-16,5,1,116
2023-05-17,5,1,133
2023-05-18,5,1,128
2023-05-19,5,1,135
2023-05-20,5,1,158
2023-05-21,5,1,163
2023-05-22,5,1,100
2023-05-23,5,1,107
2023-05-24,5,1,130
2023-05-25,5,1,125
2023-05-26,5,1,152
2023-05-27,5,1,172
2023-05-28,5,1,149
2023-05-29,5,1,98
2023-05-30,5,1,102
2023-05-31,5,1,116
2023-06-01,5,1,162
2023-06-02,5,1,137
2023-06-03,5,1,168
2023-06-04,5,1,142
2023-06-05,5,1,88
2023-06-06,5,1,114
2023-06-07,5,1,113
2023-06-08,5,1,140
2023-06-09,5,1,127
2023-06-10,5,1,171
2023-06-11,5,1,146
2023-06-12,5,1,81
2023-06-13,5,1,112
2023-06-14,5,1,126
2023-06-15,5,1,153
2023-06-16,5,1,174
2023-06-17,5,1,143
2023-06-18,5,1,164
2023-06-19,5,1,103
2023-06-20,5,1,98
2023-06-21,5,1,124
2023-06-22,5,1,129
2023-06-23,5,1,114
2023-06-24,5,1,151
2023-06-25,5,1,142
2023-06-26,5,1,95
2023-06-27,5,1,124
2023-06-28,5,1,98
2023-06-29,5,1,135
2023-06-30,5,1,147
2023-07-01,5,1,185
2023-07-02,5,1,151
2023-07-03,5,1,110
2023-07-04,5,1,113
2023-07-05,5,1,105
2023-07-06,5,1,117
2023-07-07,5,1,136
2023-07-08,5,1,162
2023-07-09,5,1,166
2023-07-10,5,1,78
2023-07-11,5,1,122
2023-07-12,5,1,121
2023-07-13,5,1,114
2023-07-14,5,1,132
2023-07-15,5,1,188
2023-07-16,5,1,150
2023-07-17,5,1,78
2023-07-18,5,1,99
2023-07-19,5,1,120
2023-07-20,5,1,110
2023-07-21,5,1,134
2023-07-22,5,1,139
2023-07-23,5,1,141
2023-07-24,5,1,92
2023-07-25,5,1,101
2023-07-26,5,1,110
2023-07-27,5,1,131
2023-07-28,5,1,124
2023-07-29,5,1,172
2023-07-30,5,1,135
2023-07-31,5,1,105
2023-08-01,5,1,104
2023-08-02,5,1,89
2023-08-03,5,1,121
2023-08-04,5,1,134
2023-08-05,5,1,149
2023-08-06,5,1,119
2023-08-07,5,1,81
2023-08-08,5,1,101
2023-08-09,5,1,81
2023-08-10,5,1,136
2023-08-11,5,1,122
2023-08-12,5,1,144
2023-08-13,5,1,128
2023-08-14,5,1,98
2023-08-15,5,1,105
2023-08-16,5,1,111
2023-08-17,5,1,102
2023-08-18,5,1,125
2023-08-19,5,1,144
2023-08-20,5,1,121
2023-08-21,5,1,73
2023-08-22,5,1,95
2023-08-23,5,1,112
2023-08-24,5,1,122
2023-08-25,5,1,139
2023-08-26,5,1,136
2023-08-27,5,1,133
2023-08-28,5,1,91
2023-08-29,5,1,102
2023-08-30,5,1,106
2023-08-31,5,1,126
2023-09-01,5,1,154
2023-09-02,5,1,138
2023-09-03,5,1,105
2023-09-04,5,1,91
2023-09-05,5,1,98
2023-09-06,5,1,111
2023-09-07,5,1,111
2023-09-08,5,1,126
2023-09-09,5,1,127
2023-09-10,5,1,136
2023-09-11,5,1,97
2023-09-12,5,1,111
2023-09-13,5,1,105
2023-09-14,5,1,99
2023-09-15,5,1,171
2023-09-16,5,1,149
2023-09-17,5,1,114
2023-09-18,5,1,84
2023-09-19,5,1,84
2023-09-20,5,1,99
2023-09-21,5,1,105
2023-09-22,5,1,133
2023-09-23,5,1,161
2023-09-24,5,1,138
2023-09-25,5,1,68
2023-09-26,5,1,102
2023-09-27,5,1,121
2023-09-28,5,1,119
2023-09-29,5,1,134
2023-09-30,5,1,151
2023-10-01,5,1,163
2023-10-02,5,1,80
2023-10-03,5,1,110
2023-10-04,5,1,127
2023-10-05,5,1,123
2023-10-06,5,1,129
2023-10-07,5,1,137
2023-10-08,5,1,128
2023-10-09,5,1,97
2023-10-10,5,1,94
2023-10-11,5,1,104
2023-10-12,5,1,112
2023-10-13,5,1,115
2023-10-14,5,1,138
2023-10-15,5,1,151
2023-10-16,5,1,88
2023-10-17,5,1,98
2023-10-18,5,1,101
2023-10-19,5,1,118
2023-10-20,5,1,126
2023-10-21,5,1,168
2023-10-22,5,1,115
2023-10-23,5,1,81
2023-10-24,5,1,104
2023-10-25,5,1,103
2023-10-26,5,1,130
2023-10-27,5,1,134
2023-10-28,5,1,132
2023-10-29,5,1,138
2023-10-30,5,1,91
2023-10-31,5,1,93
2023-11-01,5,1,120
2023-11-02,5,1,105
2023-11-03,5,1,124
2023-11-04,5,1,146
2023-11-05,5,1,140
2023-11-06,5,1,109
2023-11-07,5,1,97
2023-11-08,5,1,135
2023-11-09,5,1,108
2023-11-10,5,1,112
2023-11-11,5,1,156
2023-11-12,5,1,132
2023-11-13,5,1,93
2023-11-14,5,1,102
2023-11-15,5,1,116
2023-11-16,5,1,112
2023-11-17,5,1,130
2023-11-18,5,1,139
2023-11-19,5,1,105
2023-11-20,5,1,103
2023-11-21,5,1,86
2023-11-22,5,1,111
2023-11-23,5,1,110
2023-11-24,5,1,127
2023-11-25,5,1,154
2023-11-26,5,1,140
2023-11-27,5,1,76
2023-11-28,5,1,106
2023-11-29,5,1,121
2023-11-30,5,1,104
2023-12-01,5,1,143
2023-12-02,5,1,163
2023-12-03,5,1,147
2023-12-04,5,1,82
2023-12-05,5,1,100
2023-12-06,5,1,99
2023-12-07,5,1,122
2023-12-08,5,1,154
2023-12-09,5,1,145
2023-12-10,5,1,149
2023-12-11,5,1,96
2023-12-12,5,1,104
2023-12-13,5,1,127
2023-12-14,5,1,116
2023-12-15,5,1,174
2023-12-16,5,1,140
2023-12-17,5,1,158
2023-12-18,5,1,101
2023-12-19,5,1,103
2023-12-20,5,1,123
2023-12-21,5,1,143
2023-12-22,5,1,130
2023-12-23,5,1,153
2023-12-24,5,1,153
2023-12-25,5,1,91
2023-12-26,5,1,123
2023-12-27,5,1,120
2023-12-28,5,1,133
2023-12-29,5,1,140
2023-12-30,5,1,167
2023-12-31,5,1,158
2024-01-01,5,1,106
2024-01-02,5,1,98
2024-01-03,5,1,133
2024-01-04,5,1,145
2024-01-05,5,1,132
2024-01-06,5,1,189
2024-01-07,5,1,150
2024-01-08,5,1,94
2024-01-09,5,1,103
2024-01-10,5,1,112
2024-01-11,5,1,129
2024-01-12,5,1,159
2024-01-13,5,1,182
2024-01-14,5,1,157
2024-01-15,5,1,120
2024-01-16,5,1,113
2024-01-17,5,1,113
2024-01-18,5,1,124
2024-01-19,5,1,136
2024-01-20,5,1,159
2024-01-21,5,1,167
2024-01-22,5,1,103
2024-01-23,5,1,107
2024-01-24,5,1,144
2024-01-25,5,1,114
2024-01-26,5,1,153
2024-01-27,5,1,189
2024-01-28,5,1,183
2024-01-29,5,1,87
2024-01-30,5,1,130
2024-01-31,5,1,138
2024-02-01,5,1,160
2024-02-02,5,1,148
2024-02-03,5,1,157
2024-02-04,5,1,169
2024-02-05,5,1,102
2024-02-06,5,1,123
2024-02-07,5,1,140
2024-02-08,5,1,138
2024-02-09,5,1,164
2024-02-10,5,1,177
2024-02-11,5,1,163
2024-02-12,5,1,105
2024-02-13,5,1,124
2024-02-14,5,1,116
2024-02-15,5,1,154
2024-02-16,5,1,169
2024-02-17,5,1,167
2024-02-18,5,1,176
2024-02-19,5,1,116
2024-02-20,5,1,115
2024-02-21,5,1,127
2024-02-22,5,1,152
2024-02-23,5,1,155
2024-02-24,5,1,174
2024-02-25,5,1,176
2024-02-26,5,1,108
2024-02-27,5,1,111
2024-02-28,5,1,142
2024-02-29,5,1,160
2024-03-01,5,1,166
2024-03-02,5,1,205
2024-03-03,5,1,167
2024-03-04,5,1,112
2024-03-05,5,1,115
2024-03-06,5,1,126
2024-03-07,5,1,138
2024-03-08,5,1,154
2024-03-09,5,1,159
2024-03-10,5,1,188
2024-03-11,5,1,119
2024-03-12,5,1,126
2024-03-13,5,1,130
2024-03-14,5,1,145
2024-03-15,5,1,176
2024-03-16,5,1,191
2024-03-17,5,1,178
2024-03-18,5,1,113
2024-03-19,5,1,128
2024-03-20,5,1,145
2024-03-21,5,1,142
2024-03-22,5,1,158
2024-03-23,5,1,190
2024-03-24,5,1,162
2024-03-25,5,1,106
2024-03-26,5,1,131
2024-03-27,5,1,121
2024-03-28,5,1,149
2024-03-29,5,1,152
2024-03-30,5,1,187
2024-03-31,5,1,193
2024-04-01,5,1,142
2024-04-02,5,1,116
2024-04-03,5,1,155
2024-04-04,5,1,169
2024-04-05,5,1,182
2024-04-06,5,1,196
2024-04-07,5,1,166
2024-04-08,5,1,121
2024-04-09,5,1,119
2024-04-10,5,1,144
2024-04-11,5,1,132
2024-04-12,5,1,161
2024-04-13,5,1,188
2024-04-14,5,1,190
2024-04-15,5,1,125
2024-04-16,5,1,145
2024-04-17,5,1,146
2024-04-18,5,1,160
2024-04-19,5,1,143
2024-04-20,5,1,194
2024-04-21,5,1,163
2024-04-22,5,1,111
2024-04-23,5,1,136
2024-04-24,5,1,140
2024-04-25,5,1,163
2024-04-26,5,1,182
2024-04-27,5,1,191
2024-04-28,5,1,186
2024-04-29,5,1,122
2024-04-30,5,1,121
2024-05-01,5,1,171
2024-05-02,5,1,141
2024-05-03,5,1,161
2024-05-04,5,1,201
2024-05-05,5,1,176
2024-05-06,5,1,122
2024-05-07,5,1,129
2024-05-08,5,1,120
2024-05-09,5,1,139
2024-05-10,5,1,158
2024-05-11,5,1,205
2024-05-12,5,1,185
2024-05-13,5,1,131
2024-05-14,5,1,123
2024-05-15,5,1,141
2024-05-16,5,1,140
2024-05-17,5,1,146
2024-05-18,5,1,184
2024-05-19,5,1,142
2024-05-20,5,1,116
2024-05-21,5,1,116
2024-05-22,5,1,120
2024-05-23,5,1,131
2024-05-24,5,1,164
2024-05-25,5,1,203
2024-05-26,5,1,170
2024-05-27,5,1,92
2024-05-28,5,1,137
2024-05-29,5,1,140
2024-05-30,5,1,147
2024-05-31,5,1,178
2024-06-01,5,1,216
2024-06-02,5,1,181
2024-06-03,5,1,115
2024-06-04,5,1,127
2024-06-05,5,1,109
2024-06-06,5,1,131
2024-06-07,5,1,162
2024-06-08,5,1,172
2024-06-09,5,1,169
2024-06-10,5,1,113
2024-06-11,5,1,126
2024-06-12,5,1,138
2024-06-13,5,1,134
2024-06-14,5,1,153
2024-06-15,5,1,204
2024-06-16,5,1,162
2024-06-17,5,1,104
2024-06-18,5,1,131
2024-06-19,5,1,116
2024-06-20,5,1,152
2024-06-21,5,1,141
2024-06-22,5,1,166
2024-06-23,5,1,154
2024-06-24,5,1,109
2024-06-25,5,1,116
2024-06-26,5,1,121
2024-06-27,5,1,136
2024-06-28,5,1,151
2024-06-29,5,1,206
2024-06-30,5,1,160
2024-07-01,5,1,124
2024-07-02,5,1,136
2024-07-03,5,1,120
2024-07-04,5,1,126
2024-07-05,5,1,145
2024-07-06,5,1,144
2024-07-07,5,1,162
2024-07-08,5,1,119
2024-07-09,5,1,132
2024-07-10,5,1,130
2024-07-11,5,1,141
2024-07-12,5,1,155
2024-07-13,5,1,163
2024-07-14,5,1,142
2024-07-15,5,1,115
2024-07-16,5,1,122
2024-07-17,5,1,128
2024-07-18,5,1,131
2024-07-19,5,1,153
2024-07-20,5,1,168
2024-07-21,5,1,147
2024-07-22,5,1,97
2024-07-23,5,1,124
2024-07-24,5,1,103
2024-07-25,5,1,144
2024-07-26,5,1,152
2024-07-27,5,1,169
2024-07-28,5,1,148
2024-07-29,5,1,95
2024-07-30,5,1,128
2024-07-31,5,1,114
2024-08-01,5,1,160
2024-08-02,5,1,141
2024-08-03,5,1,186
2024-08-04,5,1,138
2024-08-05,5,1,97
2024-08-06,5,1,119
2024-08-07,5,1,110
2024-08-08,5,1,108
2024-08-09,5,1,157
2024-08-10,5,1,143
2024-08-11,5,1,145
2024-08-12,5,1,87
2024-08-13,5,1,95
2024-08-14,5,1,117
2024-08-15,5,1,162
2024-08-16,5,1,148
2024-08-17,5,1,177
2024-08-18,5,1,143
2024-08-19,5,1,103
2024-08-20,5,1,102
2024-08-21,5,1,105
2024-08-22,5,1,128
2024-08-23,5,1,145
2024-08-24,5,1,155
2024-08-25,5,1,124
2024-08-26,5,1,86
2024-08-27,5,1,128
2024-08-28,5,1,118
2024-08-29,5,1,117
2024-08-30,5,1,136
2024-08-31,5,1,160
2024-09-01,5,1,189
2024-09-02,5,1,96
2024-09-03,5,1,125
2024-09-04,5,1,114
2024-09-05,5,1,139
2024-09-06,5,1,142
2024-09-07,5,1,139
2024-09-08,5,1,119
2024-09-09,5,1,97
2024-09-10,5,1,92
2024-09-11,5,1,113
2024-09-12,5,1,124
2024-09-13,5,1,142
2024-09-14,5,1,155
2024-09-15,5,1,160
2024-09-16,5,1,94
2024-09-17,5,1,95
2024-09-18,5,1,134
2024-09-19,5,1,133
2024-09-20,5,1,145
2024-09-21,5,1,161
2024-09-22,5,1,141
2024-09-23,5,1,102
2024-09-24,5,1,115
2024-09-25,5,1,99
2024-09-26,5,1,116
2024-09-27,5,1,131
2024-09-28,5,1,170
2024-09-29,5,1,150
2024-09-30,5,1,97
2024-10-01,5,1,118
2024-10-02,5,1,102
2024-10-03,5,1,129
2024-10-04,5,1,125
2024-10-05,5,1,146
2024-10-06,5,1,141
2024-10-07,5,1,98
2024-10-08,5,1,92
2024-10-09,5,1,107
2024-10-10,5,1,104
2024-10-11,5,1,115
2024-10-12,5,1,160
2024-10-13,5,1,146
2024-10-14,5,1,85
2024-10-15,5,1,120
2024-10-16,5,1,116
2024-10-17,5,1,128
2024-10-18,5,1,133
2024-10-19,5,1,171
2024-10-20,5,1,163
2024-10-21,5,1,115
2024-10-22,5,1,125
2024-10-23,5,1,108
2024-10-24,5,1,137
2024-10-25,5,1,137
2024-10-26,5,1,190
2024-10-27,5,1,128
2024-10-28,5,1,91
2024-10-29,5,1,109
2024-10-30,5,1,116
2024-10-31,5,1,124
2024-11-01,5,1,186
2024-11-02,5,1,175
2024-11-03,5,1,138
2024-11-04,5,1,93
2024-11-05,5,1,101
2024-11-06,5,1,131
2024-11-07,5,1,118
2024-11-08,5,1,170
2024-11-09,5,1,167
2024-11-10,5,1,149
2024-11-11,5,1,102
2024-11-12,5,1,118
2024-11-13,5,1,109
2024-11-14,5,1,165
2024-11-15,5,1,170
2024-11-16,5,1,152
2024-11-17,5,1,177
2024-11-18,5,1,88
2024-11-19,5,1,116
2024-11-20,5,1,119
2024-11-21,5,1,130
2024-11-22,5,1,160
2024-11-23,5,1,174
2024-11-24,5,1,148
2024-11-25,5,1,116
2024-11-26,5,1,120
2024-11-27,5,1,103
2024-11-28,5,1,130
2024-11-29,5,1,158
2024-11-30,5,1,165
2024-12-01,5,1,175
2024-12-02,5,1,129
2024-12-03,5,1,115
2024-12-04,5,1,112
2024-12-05,5,1,129
2024-12-06,5,1,147
2024-12-07,5,1,161
2024-12-08,5,1,180
2024-12-09,5,1,83
2024-12-10,5,1,119
2024-12-11,5,1,135
2024-12-12,5,1,150
2024-12-13,5,1,154
2024-12-14,5,1,189
2024-12-15,5,1,185
2024-12-16,5,1,116
2024-12-17,5,1,102
2024-12-18,5,1,125
2024-12-19,5,1,120
2024-12-20,5,1,153
2024-12-21,5,1,172
2024-12-22,5,1,152
2024-12-23,5,1,127
2024-12-24,5,1,118
2024-12-25,5,1,130
2024-12-26,5,1,143
2024-12-27,5,1,154
2024-12-28,5,1,171
2024-12-29,5,1,202
2024-12-30,5,1,106
2024-12-31,5,1,126
2022-01-01,5,2,171
2022-01-02,5,2,135
2022-01-03,5,2,98
2022-01-04,5,2,97
2022-01-05,5,2,112
2022-01-06,5,2,129
2022-01-07,5,2,129
2022-01-08,5,2,151
2022-01-09,5,2,134
2022-01-10,5,2,83
2022-01-11,5,2,95
2022-01-12,5,2,113
2022-01-13,5,2,114
2022-01-14,5,2,137
2022-01-15,5,2,180
2022-01-16,5,2,148
2022-01-17,5,2,92
2022-01-18,5,2,96
2022-01-19,5,2,110
2022-01-20,5,2,123
2022-01-21,5,2,126
2022-01-22,5,2,145
2022-01-23,5,2,144
2022-01-24,5,2,66
2022-01-25,5,2,93
2022-01-26,5,2,91
2022-01-27,5,2,112
2022-01-28,5,2,144
2022-01-29,5,2,161
2022-01-30,5,2,150
2022-01-31,5,2,89
2022-02-01,5,2,103
2022-02-02,5,2,103
2022-02-03,5,2,131
2022-02-04,5,2,139
2022-02-05,5,2,165
2022-02-06,5,2,136
2022-02-07,5,2,95
2022-02-08,5,2,112
2022-02-09,5,2,94
2022-02-10,5,2,116
2022-02-11,5,2,154
2022-02-12,5,2,158
2022-02-13,5,2,151
2022-02-14,5,2,97
2022-02-15,5,2,123
2022-02-16,5,2,111
2022-02-17,5,2,147
2022-02-18,5,2,151
2022-02-19,5,2,151
2022-02-20,5,2,138
2022-02-21,5,2,79
2022-02-22,5,2,115
2022-02-23,5,2,101
2022-02-24,5,2,125
2022-02-25,5,2,158
2022-02-26,5,2,167
2022-02-27,5,2,146
2022-02-28,5,2,80
2022-03-01,5,2,118
2022-03-02,5,2,113
2022-03-03,5,2,118
2022-03-04,5,2,148
2022-03-05,5,2,167
2022-03-06,5,2,160
2022-03-07,5,2,87
2022-03-08,5,2,114
2022-03-09,5,2,118
2022-03-10,5,2,130
2022-03-11,5,2,148
2022-03-12,5,2,162
2022-03-13,5,2,140
2022-03-14,5,2,83
2022-03-15,5,2,135
2022-03-16,5,2,118
2022-03-17,5,2,122
2022-03-18,5,2,143
2022-03-19,5,2,197
2022-03-20,5,2,147
2022-03-21,5,2,111
2022-03-22,5,2,106
2022-03-23,5,2,124
2022-03-24,5,2,109
2022-03-25,5,2,141
2022-03-26,5,2,165
2022-03-27,5,2,163
2022-03-28,5,2,102
2022-03-29,5,2,135
2022-03-30,5,2,115
2022-03-31,5,2,150
2022-04-01,5,2,165
2022-04-02,5,2,164
2022-04-03,5,2,157
2022-04-04,5,2,98
2022-04-05,5,2,110
2022-04-06,5,2,108
2022-04-07,5,2,140
2022-04-08,5,2,148
2022-04-09,5,2,163
2022-04-10,5,2,151
2022-04-11,5,2,102
2022-04-12,5,2,109
2022-04-13,5,2,140
2022-04-14,5,2,137
2022-04-15,5,2,163
2022-04-16,5,2,156
2022-04-17,5,2,137
2022-04-18,5,2,86
2022-04-19,5,2,127
2022-04-20,5,2,121
2022-04-21,5,2,113
2022-04-22,5,2,147
2022-04-23,5,2,170
2022-04-24,5,2,163
2022-04-25,5,2,113
2022-04-26,5,2,122
2022-04-27,5,2,101
2022-04-28,5,2,143
2022-04-29,5,2,143
2022-04-30,5,2,184
2022-05-01,5,2,173
2022-05-02,5,2,99
2022-05-03,5,2,110
2022-05-04,5,2,147
2022-05-05,5,2,141
2022-05-06,5,2,165
2022-05-07,5,2,145
2022-05-08,5,2,146
2022-05-09,5,2,106
2022-05-10,5,2,112
2022-05-11,5,2,114
2022-05-12,5,2,132
2022-05-13,5,2,172
2022-05-14,5,2,180
2022-05-15,5,2,185
2022-05-16,5,2,79
2022-05-17,5,2,97
2022-05-18,5,2,126
2022-05-19,5,2,157
2022-05-20,5,2,152
2022-05-21,5,2,173
2022-05-22,5,2,155
2022-05-23,5,2,93
2022-05-24,5,2,100
2022-05-25,5,2,124
2022-05-26,5,2,90
2022-05-27,5,2,152
2022-05-28,5,2,163
2022-05-29,5,2,163
2022-05-30,5,2,89
2022-05-31,5,2,87
2022-06-01,5,2,132
2022-06-02,5,2,123
2022-06-03,5,2,132
2022-06-04,5,2,165
2022-06-05,5,2,156
2022-06-06,5,2,98
2022-06-07,5,2,110
2022-06-08,5,2,95
2022-06-09,5,2,110
2022-06-10,5,2,142
2022-06-11,5,2,150
2022-06-12,5,2,150
2022-06-13,5,2,104
2022-06-14,5,2,112
2022-06-15,5,2,124
2022-06-16,5,2,113
2022-06-17,5,2,121
2022-06-18,5,2,158
2022-06-19,5,2,145
2022-06-20,5,2,95
2022-06-21,5,2,95
2022-06-22,5,2,110
2022-06-23,5,2,123
2022-06-24,5,2,117
2022-06-25,5,2,150
2022-06-26,5,2,144
2022-06-27,5,2,97
2022-06-28,5,2,87
2022-06-29,5,2,87
2022-06-30,5,2,101
2022-07-01,5,2,158
2022-07-02,5,2,167
2022-07-03,5,2,160
2022-07-04,5,2,83
2022-07-05,5,2,93
2022-07-06,5,2,99
2022-07-07,5,2,111
2022-07-08,5,2,124
2022-07-09,5,2,146
2022-07-10,5,2,162
2022-07-11,5,2,91
2022-07-12,5,2,91
2022-07-13,5,2,102
2022-07-14,5,2,116
2022-07-15,5,2,186
2022-07-16,5,2,143
2022-07-17,5,2,143
2022-07-18,5,2,84
2022-07-19,5,2,120
2022-07-20,5,2,110
2022-07-21,5,2,127
2022-07-22,5,2,104
2022-07-23,5,2,153
2022-07-24,5,2,142
2022-07-25,5,2,93
2022-07-26,5,2,97
2022-07-27,5,2,122
2022-07-28,5,2,114
2022-07-29,5,2,138
2022-07-30,5,2,162
2022-07-31,5,2,120
2022-08-01,5,2,93
2022-08-02,5,2,85
2022-08-03,5,2,103
2022-08-04,5,2,88
2022-08-05,5,2,138
2022-08-06,5,2,133
2022-08-07,5,2,146
2022-08-08,5,2,80
2022-08-09,5,2,97
2022-08-10,5,2,120
2022-08-11,5,2,121
2022-08-12,5,2,123
2022-08-13,5,2,166
2022-08-14,5,2,136
2022-08-15,5,2,93
2022-08-16,5,2,97
2022-08-17,5,2,133
2022-08-18,5,2,106
2022-08-19,5,2,127
2022-08-20,5,2,149
2022-08-21,5,2,134
2022-08-22,5,2,79
2022-08-23,5,2,93
2022-08-24,5,2,105
2022-08-25,5,2,101
2022-08-26,5,2,110
2022-08-27,5,2,138
2022-08-28,5,2,113
2022-08-29,5,2,101
2022-08-30,5,2,110
2022-08-31,5,2,88
2022-09-01,5,2,132
2022-09-02,5,2,108
2022-09-03,5,2,146
2022-09-04,5,2,123
2022-09-05,5,2,88
2022-09-06,5,2,88
2022-09-07,5,2,86
2022-09-08,5,2,89
2022-09-09,5,2,127
2022-09-10,5,2,169
2022-09-11,5,2,144
2022-09-12,5,2,77
2022-09-13,5,2,114
2022-09-14,5,2,105
2022-09-15,5,2,116
2022-09-16,5,2,119
2022-09-17,5,2,152
2022-09-18,5,2,127
2022-09-19,5,2,91
2022-09-20,5,2,83
2022-09-21,5,2,92
2022-09-22,5,2,105
2022-09-23,5,2,137
2022-09-24,5,2,140
2022-09-25,5,2,121
2022-09-26,5,2,102
2022-09-27,5,2,102
2022-09-28,5,2,106
2022-09-29,5,2,105
2022-09-30,5,2,108
2022-10-01,5,2,160
2022-10-02,5,2,124
2022-10-03,5,2,102
2022-10-04,5,2,83
2022-10-05,5,2,76
2022-10-06,5,2,110
2022-10-07,5,2,121
2022-10-08,5,2,143
2022-10-09,5,2,141
2022-10-10,5,2,87
2022-10-11,5,2,89
2022-10-12,5,2,102
2022-10-13,5,2,116
2022-10-14,5,2,126
2022-10-15,5,2,163
2022-10-16,5,2,130
2022-10-17,5,2,90
2022-10-18,5,2,103
2022-10-19,5,2,110
2022-10-20,5,2,117
2022-10-21,5,2,131
2022-10-22,5,2,173
2022-10-23,5,2,133
2022-10-24,5,2,85
2022-10-25,5,2,98
2022-10-26,5,2,98
2022-10-27,5,2,111
2022-10-28,5,2,132
2022-10-29,5,2,137
2022-10-30,5,2,145
2022-10-31,5,2,80
2022-11-01,5,2,107
2022-11-02,5,2,100
2022-11-03,5,2,111
2022-11-04,5,2,130
2022-11-05,5,2,111
2022-11-06,5,2,138
2022-11-07,5,2,87
2022-11-08,5,2,93
2022-11-09,5,2,111
2022-11-10,5,2,104
2022-11-11,5,2,153
2022-11-12,5,2,138
2022-11-13,5,2,129
2022-11-14,5,2,98
2022-11-15,5,2,111
2022-11-16,5,2,92
2022-11-17,5,2,110
2022-11-18,5,2,137
2022-11-19,5,2,147
2022-11-20,5,2,131
2022-11-21,5,2,84
2022-11-22,5,2,98
2022-11-23,5,2,109
2022-11-24,5,2,115
2022-11-25,5,2,144
2022-11-26,5,2,151
2022-11-27,5,2,147
2022-11-28,5,2,97
2022-11-29,5,2,96
2022-11-30,5,2,104
2022-12-01,5,2,152
2022-12-02,5,2,134
2022-12-03,5,2,138
2022-12-04,5,2,150
2022-12-05,5,2,99
2022-12-06,5,2,117
2022-12-07,5,2,137
2022-12-08,5,2,123
2022-12-09,5,2,137
2022-12-10,5,2,187
2022-12-11,5,2,166
2022-12-12,5,2,104
2022-12-13,5,2,105
2022-12-14,5,2,95
2022-12-15,5,2,145
2022-12-16,5,2,129
2022-12-17,5,2,147
2022-12-18,5,2,153
2022-12-19,5,2,109
2022-12-20,5,2,110
2022-12-21,5,2,125
2022-12-22,5,2,149
2022-12-23,5,2,125
2022-12-24,5,2,149
2022-12-25,5,2,131
2022-12-26,5,2,110
2022-12-27,5,2,109
2022-12-28,5,2,121
2022-12-29,5,2,106
2022-12-30,5,2,126
2022-12-31,5,2,160
2023-01-01,5,2,180
2023-01-02,5,2,99
2023-01-03,5,2,101
2023-01-04,5,2,127
2023-01-05,5,2,120
2023-01-06,5,2,149
2023-01-07,5,2,181
2023-01-08,5,2,156
2023-01-09,5,2,103
2023-01-10,5,2,123
2023-01-11,5,2,119
2023-01-12,5,2,122
2023-01-13,5,2,138
2023-01-14,5,2,158
2023-01-15,5,2,202
2023-01-16,5,2,108
2023-01-17,5,2,119
2023-01-18,5,2,135
2023-01-19,5,2,148
2023-01-20,5,2,134
2023-01-21,5,2,178
2023-01-22,5,2,154
2023-01-23,5,2,111
2023-01-24,5,2,115
2023-01-25,5,2,126
2023-01-26,5,2,130
2023-01-27,5,2,159
2023-01-28,5,2,178
2023-01-29,5,2,185
2023-01-30,5,2,112
2023-01-31,5,2,108
2023-02-01,5,2,161
2023-02-02,5,2,124
2023-02-03,5,2,149
2023-02-04,5,2,171
2023-02-05,5,2,164
2023-02-06,5,2,103
2023-02-07,5,2,135
2023-02-08,5,2,115
2023-02-09,5,2,134
2023-02-10,5,2,153
2023-02-11,5,2,171
2023-02-12,5,2,165
2023-02-13,5,2,117
2023-02-14,5,2,139
2023-02-15,5,2,173
2023-02-16,5,2,127
2023-02-17,5,2,155
2023-02-18,5,2,188
2023-02-19,5,2,144
2023-02-20,5,2,103
2023-02-21,5,2,115
2023-02-22,5,2,146
2023-02-23,5,2,143
2023-02-24,5,2,170
2023-02-25,5,2,193
2023-02-26,5,2,207
2023-02-27,5,2,111
2023-02-28,5,2,142
2023-03-01,5,2,149
2023-03-02,5,2,155
2023-03-03,5,2,157
2023-03-04,5,2,173
2023-03-05,5,2,180
2023-03-06,5,2,103
2023-03-07,5,2,121
2023-03-08,5,2,129
2023-03-09,5,2,161
2023-03-10,5,2,176
2023-03-11,5,2,189
2023-03-12,5,2,163
2023-03-13,5,2,91
2023-03-14,5,2,129
2023-03-15,5,2,161
2023-03-16,5,2,151
2023-03-17,5,2,147
2023-03-18,5,2,182
2023-03-19,5,2,161
2023-03-20,5,2,123
2023-03-21,5,2,145
2023-03-22,5,2,145
2023-03-23,5,2,154
2023-03-24,5,2,144
2023-03-25,5,2,188
2023-03-26,5,2,170
2023-03-27,5,2,126
2023-03-28,5,2,102
2023-03-29,5,2,146
2023-03-30,5,2,130
2023-03-31,5,2,173
2023-04-01,5,2,238
2023-04-02,5,2,179
2023-04-03,5,2,102
2023-04-04,5,2,130
2023-04-05,5,2,131
2023-04-06,5,2,151
2023-04-07,5,2,161
2023-04-08,5,2,185
2023-04-09,5,2,165
2023-04-10,5,2,98
2023-04-11,5,2,124
2023-04-12,5,2,128
2023-04-13,5,2,157
2023-04-14,5,2,164
2023-04-15,5,2,213
2023-04-16,5,2,208
2023-04-17,5,2,118
2023-04-18,5,2,131
2023-04-19,5,2,130
2023-04-20,5,2,146
2023-04-21,5,2,144
2023-04-22,5,2,171
2023-04-23,5,2,189
2023-04-24,5,2,111
2023-04-25,5,2,125
2023-04-26,5,2,141
2023-04-27,5,2,143
2023-04-28,5,2,175
2023-04-29,5,2,190
2023-04-30,5,2,161
2023-05-01,5,2,113
2023-05-02,5,2,138
2023-05-03,5,2,139
2023-05-04,5,2,134
2023-05-05,5,2,144
2023-05-06,5,2,204
2023-05-07,5,2,193
2023-05-08,5,2,148
2023-05-09,5,2,128
2023-05-10,5,2,138
2023-05-11,5,2,151
2023-05-12,5,2,164
2023-05-13,5,2,182
2023-05-14,5,2,172
2023-05-15,5,2,116
2023-05-16,5,2,113
2023-05-17,5,2,144
2023-05-18,5,2,156
2023-05-19,5,2,171
2023-05-20,5,2,189
2023-05-21,5,2,171
2023-05-22,5,2,115
2023-05-23,5,2,129
2023-05-24,5,2,110
2023-05-25,5,2,150
2023-05-26,5,2,148
2023-05-27,5,2,186
2023-05-28,5,2,172
2023-05-29,5,2,111
2023-05-30,5,2,154
2023-05-31,5,2,131
2023-06-01,5,2,190
2023-06-02,5,2,165
2023-06-03,5,2,180
2023-06-04,5,2,170
2023-06-05,5,2,106
2023-06-06,5,2,131
2023-06-07,5,2,119
2023-06-08,5,2,151
2023-06-09,5,2,136
2023-06-10,5,2,181
2023-06-11,5,2,166
2023-06-12,5,2,97
2023-06-13,5,2,124
2023-06-14,5,2,148
2023-06-15,5,2,144
2023-06-16,5,2,170
2023-06-17,5,2,173
2023-06-18,5,2,156
2023-06-19,5,2,106
2023-06-20,5,2,133
2023-06-21,5,2,113
2023-06-22,5,2,129
2023-06-23,5,2,168
2023-06-24,5,2,165
2023-06-25,5,2,168
2023-06-26,5,2,102
2023-06-27,5,2,103
2023-06-28,5,2,142
2023-06-29,5,2,113
2023-06-30,5,2,173
2023-07-01,5,2,234
2023-07-02,5,2,175
2023-07-03,5,2,95
2023-07-04,5,2,122
2023-07-05,5,2,129
2023-07-06,5,2,127
2023-07-07,5,2,138
2023-07-08,5,2,156
2023-07-09,5,2,160
2023-07-10,5,2,96
2023-07-11,5,2,122
2023-07-12,5,2,131
2023-07-13,5,2,123
2023-07-14,5,2,160
2023-07-15,5,2,212
2023-07-16,5,2,154
2023-07-17,5,2,104
2023-07-18,5,2,117
2023-07-19,5,2,108
2023-07-20,5,2,142
2023-07-21,5,2,153
2023-07-22,5,2,168
2023-07-23,5,2,156
2023-07-24,5,2,100
2023-07-25,5,2,119
2023-07-26,5,2,130
2023-07-27,5,2,108
2023-07-28,5,2,132
2023-07-29,5,2,155
2023-07-30,5,2,154
2023-07-31,5,2,80
2023-08-01,5,2,148
2023-08-02,5,2,113
2023-08-03,5,2,121
2023-08-04,5,2,142
2023-08-05,5,2,177
2023-08-06,5,2,148
2023-08-07,5,2,102
2023-08-08,5,2,93
2023-08-09,5,2,121
2023-08-10,5,2,141
2023-08-11,5,2,133
2023-08-12,5,2,146
2023-08-13,5,2,141
2023-08-14,5,2,89
2023-08-15,5,2,135
2023-08-16,5,2,125
2023-08-17,5,2,130
2023-08-18,5,2,132
2023-08-19,5,2,153
2023-08-20,5,2,145
2023-08-21,5,2,84
2023-08-22,5,2,103
2023-08-23,5,2,97
2023-08-24,5,2,127
2023-08-25,5,2,137
2023-08-26,5,2,154
2023-08-27,5,2,136
2023-08-28,5,2,100
2023-08-29,5,2,94
2023-08-30,5,2,120
2023-08-31,5,2,112
2023-09-01,5,2,154
2023-09-02,5,2,184
2023-09-03,5,2,145
2023-09-04,5,2,99
2023-09-05,5,2,121
2023-09-06,5,2,99
2023-09-07,5,2,121
2023-09-08,5,2,137
2023-09-09,5,2,181
2023-09-10,5,2,150
2023-09-11,5,2,81
2023-09-12,5,2,105
2023-09-13,5,2,103
2023-09-14,5,2,116
2023-09-15,5,2,153
2023-09-16,5,2,169
2023-09-17,5,2,128
2023-09-18,5,2,94
2023-09-19,5,2,105
2023-09-20,5,2,117
2023-09-21,5,2,115
2023-09-22,5,2,146
2023-09-23,5,2,169
2023-09-24,5,2,158
2023-09-25,5,2,88
2023-09-26,5,2,99
2023-09-27,5,2,121
2023-09-28,5,2,133
2023-09-29,5,2,145
2023-09-30,5,2,163
2023-10-01,5,2,172
2023-10-02,5,2,111
2023-10-03,5,2,108
2023-10-04,5,2,135
2023-10-05,5,2,109
2023-10-06,5,2,143
2023-10-07,5,2,155
2023-10-08,5,2,131
2023-10-09,5,2,93
2023-10-10,5,2,85
2023-10-11,5,2,112
2023-10-12,5,2,122
2023-10-13,5,2,123
2023-10-14,5,2,149
2023-10-15,5,2,165
2023-10-16,5,2,85
2023-10-17,5,2,109
2023-10-18,5,2,101
2023-10-19,5,2,139
2023-10-20,5,2,145
2023-10-21,5,2,126
2023-10-22,5,2,124
2023-10-23,5,2,80
2023-10-24,5,2,122
2023-10-25,5,2,98
2023-10-26,5,2,115
2023-10-27,5,2,138
2023-10-28,5,2,175
2023-10-29,5,2,127
2023-10-30,5,2,89
2023-10-31,5,2,96
2023-11-01,5,2,126
2023-11-02,5,2,141
2023-11-03,5,2,132
2023-11-04,5,2,181
2023-11-05,5,2,148
2023-11-06,5,2,87
2023-11-07,5,2,92
2023-11-08,5,2,124
2023-11-09,5,2,129
2023-11-10,5,2,142
2023-11-11,5,2,159
2023-11-12,5,2,139
2023-11-13,5,2,94
2023-11-14,5,2,114
2023-11-15,5,2,165
2023-11-16,5,2,112
2023-11-17,5,2,124
2023-11-18,5,2,180
2023-11-19,5,2,149
2023-11-20,5,2,89
2023-11-21,5,2,83
2023-11-22,5,2,120
2023-11-23,5,2,141
2023-11-24,5,2,135
2023-11-25,5,2,160
2023-11-26,5,2,151
2023-11-27,5,2,105
2023-11-28,5,2,117
2023-11-29,5,2,130
2023-11-30,5,2,108
2023-12-01,5,2,192
2023-12-02,5,2,164
2023-12-03,5,2,159
2023-12-04,5,2,93
2023-12-05,5,2,108
2023-12-06,5,2,133
2023-12-07,5,2,139
2023-12-08,5,2,170
2023-12-09,5,2,180
2023-12-10,5,2,141
2023-12-11,5,2,95
2023-12-12,5,2,123
2023-12-13,5,2,125
2023-12-14,5,2,153
2023-12-15,5,2,166
2023-12-16,5,2,179
2023-12-17,5,2,169
2023-12-18,5,2,107
2023-12-19,5,2,117
2023-12-20,5,2,129
2023-12-21,5,2,133
2023-12-22,5,2,142
2023-12-23,5,2,177
2023-12-24,5,2,178
2023-12-25,5,2,104
2023-12-26,5,2,120
2023-12-27,5,2,149
2023-12-28,5,2,155
2023-12-29,5,2,181
2023-12-30,5,2,215
2023-12-31,5,2,176
2024-01-01,5,2,123
2024-01-02,5,2,134
2024-01-03,5,2,112
2024-01-04,5,2,148
2024-01-05,5,2,159
2024-01-06,5,2,219
2024-01-07,5,2,170
2024-01-08,5,2,120
2024-01-09,5,2,121
2024-01-10,5,2,141
2024-01-11,5,2,145
2024-01-12,5,2,157
2024-01-13,5,2,191
2024-01-14,5,2,159
2024-01-15,5,2,139
2024-01-16,5,2,133
2024-01-17,5,2,157
2024-01-18,5,2,137
2024-01-19,5,2,150
2024-01-20,5,2,199
2024-01-21,5,2,164
2024-01-22,5,2,102
2024-01-23,5,2,122
2024-01-24,5,2,141
2024-01-25,5,2,163
2024-01-26,5,2,165
2024-01-27,5,2,199
2024-01-28,5,2,176
2024-01-29,5,2,111
2024-01-30,5,2,134
2024-01-31,5,2,138
2024-02-01,5,2,170
2024-02-02,5,2,177
2024-02-03,5,2,189
2024-02-04,5,2,195
2024-02-05,5,2,113
2024-02-06,5,2,136
2024-02-07,5,2,143
2024-02-08,5,2,141
2024-02-09,5,2,178
2024-02-10,5,2,193
2024-02-11,5,2,164
2024-02-12,5,2,109
2024-02-13,5,2,129
2024-02-14,5,2,169
2024-02-15,5,2,192
2024-02-16,5,2,180
2024-02-17,5,2,203
2024-02-18,5,2,221
2024-02-19,5,2,120
2024-02-20,5,2,135
2024-02-21,5,2,163
2024-02-22,5,2,161
2024-02-23,5,2,151
2024-02-24,5,2,186
2024-02-25,5,2,185
2024-02-26,5,2,136
2024-02-27,5,2,125
2024-02-28,5,2,140
2024-02-29,5,2,150
2024-03-01,5,2,169
2024-03-02,5,2,205
2024-03-03,5,2,161
2024-03-04,5,2,130
2024-03-05,5,2,143
2024-03-06,5,2,150
2024-03-07,5,2,155
2024-03-08,5,2,168
2024-03-09,5,2,205
2024-03-10,5,2,201
2024-03-11,5,2,125
2024-03-12,5,2,139
2024-03-13,5,2,147
2024-03-14,5,2,143
2024-03-15,5,2,211
2024-03-16,5,2,218
2024-03-17,5,2,211
2024-03-18,5,2,116
2024-03-19,5,2,113
2024-03-20,5,2,201
2024-03-21,5,2,149
2024-03-22,5,2,181
2024-03-23,5,2,189
2024-03-24,5,2,186
2024-03-25,5,2,138
2024-03-26,5,2,137
2024-03-27,5,2,152
2024-03-28,5,2,175
2024-03-29,5,2,176
2024-03-30,5,2,193
2024-03-31,5,2,190
2024-04-01,5,2,161
2024-04-02,5,2,149
2024-04-03,5,2,141
2024-04-04,5,2,175
2024-04-05,5,2,154
2024-04-06,5,2,212
2024-04-07,5,2,199
2024-04-08,5,2,117
2024-04-09,5,2,135
2024-04-10,5,2,156
2024-04-11,5,2,155
2024-04-12,5,2,198
2024-04-13,5,2,174
2024-04-14,5,2,188
2024-04-15,5,2,125
2024-04-16,5,2,161
2024-04-17,5,2,152
2024-04-18,5,2,188
2024-04-19,5,2,178
2024-04-20,5,2,222
2024-04-21,5,2,207
2024-04-22,5,2,112
2024-04-23,5,2,139
2024-04-24,5,2,159
2024-04-25,5,2,169
2024-04-26,5,2,198
2024-04-27,5,2,228
2024-04-28,5,2,192
2024-04-29,5,2,129
2024-04-30,5,2,135
2024-05-01,5,2,167
2024-05-02,5,2,160
2024-05-03,5,2,181
2024-05-04,5,2,219
2024-05-05,5,2,201
2024-05-06,5,2,121
2024-05-07,5,2,138
2024-05-08,5,2,151
2024-05-09,5,2,148
2024-05-10,5,2,189
2024-05-11,5,2,207
2024-05-12,5,2,185
2024-05-13,5,2,117
2024-05-14,5,2,130
2024-05-15,5,2,151
2024-05-16,5,2,135
2024-05-17,5,2,205
2024-05-18,5,2,196
2024-05-19,5,2,181
2024-05-20,5,2,140
2024-05-21,5,2,130
2024-05-22,5,2,157
2024-05-23,5,2,154
2024-05-24,5,2,177
2024-05-25,5,2,194
2024-05-26,5,2,193
2024-05-27,5,2,118
2024-05-28,5,2,144
2024-05-29,5,2,153
2024-05-30,5,2,171
2024-05-31,5,2,187
2024-06-01,5,2,244
2024-06-02,5,2,166
2024-06-03,5,2,115
2024-06-04,5,2,130
2024-06-05,5,2,145
2024-06-06,5,2,181
2024-06-07,5,2,177
2024-06-08,5,2,193
2024-06-09,5,2,193
2024-06-10,5,2,109
2024-06-11,5,2,120
2024-06-12,5,2,138
2024-06-13,5,2,128
2024-06-14,5,2,189
2024-06-15,5,2,211
2024-06-16,5,2,171
2024-06-17,5,2,121
2024-06-18,5,2,134
2024-06-19,5,2,147
2024-06-20,5,2,152
2024-06-21,5,2,151
2024-06-22,5,2,193
2024-06-23,5,2,176
2024-06-24,5,2,133
2024-06-25,5,2,125
2024-06-26,5,2,152
2024-06-27,5,2,170
2024-06-28,5,2,159
2024-06-29,5,2,187
2024-06-30,5,2,173
2024-07-01,5,2,143
2024-07-02,5,2,115
2024-07-03,5,2,140
2024-07-04,5,2,149
2024-07-05,5,2,160
2024-07-06,5,2,195
2024-07-07,5,2,167
2024-07-08,5,2,136
2024-07-09,5,2,135
2024-07-10,5,2,151
2024-07-11,5,2,108
2024-07-12,5,2,171
2024-07-13,5,2,169
2024-07-14,5,2,170
2024-07-15,5,2,137
2024-07-16,5,2,137
2024-07-17,5,2,113
2024-07-18,5,2,141
2024-07-19,5,2,152
2024-07-20,5,2,179
2024-07-21,5,2,200
2024-07-22,5,2,106
2024-07-23,5,2,122
2024-07-24,5,2,150
2024-07-25,5,2,131
2024-07-26,5,2,175
2024-07-27,5,2,200
2024-07-28,5,2,171
2024-07-29,5,2,108
2024-07-30,5,2,121
2024-07-31,5,2,144
2024-08-01,5,2,166
2024-08-02,5,2,154
2024-08-03,5,2,180
2024-08-04,5,2,175
2024-08-05,5,2,112
2024-08-06,5,2,131
2024-08-07,5,2,120
2024-08-08,5,2,137
2024-08-09,5,2,159
2024-08-10,5,2,165
2024-08-11,5,2,172
2024-08-12,5,2,113
2024-08-13,5,2,137
2024-08-14,5,2,135
2024-08-15,5,2,158
2024-08-16,5,2,191
2024-08-17,5,2,173
2024-08-18,5,2,155
2024-08-19,5,2,87
2024-08-20,5,2,111
2024-08-21,5,2,121
2024-08-22,5,2,140
2024-08-23,5,2,151
2024-08-24,5,2,157
2024-08-25,5,2,165
2024-08-26,5,2,115
2024-08-27,5,2,123
2024-08-28,5,2,128
2024-08-29,5,2,130
2024-08-30,5,2,134
2024-08-31,5,2,185
2024-09-01,5,2,183
2024-09-02,5,2,120
2024-09-03,5,2,117
2024-09-04,5,2,130
2024-09-05,5,2,121
2024-09-06,5,2,157
2024-09-07,5,2,166
2024-09-08,5,2,159
2024-09-09,5,2,105
2024-09-10,5,2,120
2024-09-11,5,2,135
2024-09-12,5,2,136
2024-09-13,5,2,141
2024-09-14,5,2,160
2024-09-15,5,2,180
2024-09-16,5,2,112
2024-09-17,5,2,116
2024-09-18,5,2,134
2024-09-19,5,2,132
2024-09-20,5,2,149
2024-09-21,5,2,181
2024-09-22,5,2,165
2024-09-23,5,2,77
2024-09-24,5,2,119
2024-09-25,5,2,129
2024-09-26,5,2,129
2024-09-27,5,2,139
2024-09-28,5,2,171
2024-09-29,5,2,160
2024-09-30,5,2,102
2024-10-01,5,2,132
2024-10-02,5,2,111
2024-10-03,5,2,137
2024-10-04,5,2,146
2024-10-05,5,2,152
2024-10-06,5,2,150
2024-10-07,5,2,82
2024-10-08,5,2,122
2024-10-09,5,2,141
2024-10-10,5,2,139
2024-10-11,5,2,143
2024-10-12,5,2,183
2024-10-13,5,2,179
2024-10-14,5,2,88
2024-10-15,5,2,149
2024-10-16,5,2,132
2024-10-17,5,2,114
2024-10-18,5,2,163
2024-10-19,5,2,190
2024-10-20,5,2,181
2024-10-21,5,2,106
2024-10-22,5,2,131
2024-10-23,5,2,138
2024-10-24,5,2,139
2024-10-25,5,2,153
2024-10-26,5,2,190
2024-10-27,5,2,184
2024-10-28,5,2,92
2024-10-29,5,2,122
2024-10-30,5,2,133
2024-10-31,5,2,136
2024-11-01,5,2,174
2024-11-02,5,2,173
2024-11-03,5,2,158
2024-11-04,5,2,111
2024-11-05,5,2,127
2024-11-06,5,2,141
2024-11-07,5,2,163
2024-11-08,5,2,176
2024-11-09,5,2,181
2024-11-10,5,2,147
2024-11-11,5,2,112
2024-11-12,5,2,120
2024-11-13,5,2,132
2024-11-14,5,2,142
2024-11-15,5,2,201
2024-11-16,5,2,193
2024-11-17,5,2,175
2024-11-18,5,2,96
2024-11-19,5,2,128
2024-11-20,5,2,116
2024-11-21,5,2,157
2024-11-22,5,2,160
2024-11-23,5,2,187
2024-11-24,5,2,186
2024-11-25,5,2,122
2024-11-26,5,2,128
2024-11-27,5,2,155
2024-11-28,5,2,154
2024-11-29,5,2,163
2024-11-30,5,2,185
2024-12-01,5,2,199
2024-12-02,5,2,123
2024-12-03,5,2,123
2024-12-04,5,2,117
2024-12-05,5,2,135
2024-12-06,5,2,156
2024-12-07,5,2,182
2024-12-08,5,2,180
2024-12-09,5,2,107
2024-12-10,5,2,122
2024-12-11,5,2,143
2024-12-12,5,2,153
2024-12-13,5,2,161
2024-12-14,5,2,191
2024-12-15,5,2,221
2024-12-16,5,2,107
2024-12-17,5,2,130
2024-12-18,5,2,148
2024-12-19,5,2,141
2024-12-20,5,2,159
2024-12-21,5,2,187
2024-12-22,5,2,173
2024-12-23,5,2,137
2024-12-24,5,2,159
2024-12-25,5,2,140
2024-12-26,5,2,144
2024-12-27,5,2,175
2024-12-28,5,2,208
2024-12-29,5,2,185
2024-12-30,5,2,114
2024-12-31,5,2,140
2022-01-01,5,3,193
2022-01-02,5,3,156
2022-01-03,5,3,106
2022-01-04,5,3,94
2022-01-05,5,3,115
2022-01-06,5,3,108
2022-01-07,5,3,135
2022-01-08,5,3,165
2022-01-09,5,3,150
2022-01-10,5,3,88
2022-01-11,5,3,98
2022-01-12,5,3,104
2022-01-13,5,3,119
2022-01-14,5,3,149
2022-01-15,5,3,211
2022-01-16,5,3,147
2022-01-17,5,3,111
2022-01-18,5,3,108
2022-01-19,5,3,101
2022-01-20,5,3,118
2022-01-21,5,3,147
2022-01-22,5,3,152
2022-01-23,5,3,162
2022-01-24,5,3,114
2022-01-25,5,3,109
2022-01-26,5,3,126
2022-01-27,5,3,138
2022-01-28,5,3,145
2022-01-29,5,3,169
2022-01-30,5,3,142
2022-01-31,5,3,85
2022-02-01,5,3,139
2022-02-02,5,3,128
2022-02-03,5,3,125
2022-02-04,5,3,150
2022-02-05,5,3,187
2022-02-06,5,3,153
2022-02-07,5,3,90
2022-02-08,5,3,113
2022-02-09,5,3,125
2022-02-10,5,3,126
2022-02-11,5,3,143
2022-02-12,5,3,174
2022-02-13,5,3,160
2022-02-14,5,3,109
2022-02-15,5,3,131
2022-02-16,5,3,135
2022-02-17,5,3,135
2022-02-18,5,3,156
2022-02-19,5,3,175
2022-02-20,5,3,171
2022-02-21,5,3,103
2022-02-22,5,3,102
2022-02-23,5,3,145
2022-02-24,5,3,130
2022-02-25,5,3,161
2022-02-26,5,3,176
2022-02-27,5,3,165
2022-02-28,5,3,103
2022-03-01,5,3,140
2022-03-02,5,3,117
2022-03-03,5,3,122
2022-03-04,5,3,164
2022-03-05,5,3,186
2022-03-06,5,3,168
2022-03-07,5,3,91
2022-03-08,5,3,127
2022-03-09,5,3,130
2022-03-10,5,3,133
2022-03-11,5,3,158
2022-03-12,5,3,158
2022-03-13,5,3,173
2022-03-14,5,3,120
2022-03-15,5,3,154
2022-03-16,5,3,132
2022-03-17,5,3,140
2022-03-18,5,3,161
2022-03-19,5,3,177
2022-03-20,5,3,189
2022-03-21,5,3,101
2022-03-22,5,3,116
2022-03-23,5,3,116
2022-03-24,5,3,136
2022-03-25,5,3,155
2022-03-26,5,3,158
2022-03-27,5,3,190
2022-03-28,5,3,122
2022-03-29,5,3,132
2022-03-30,5,3,140
2022-03-31,5,3,151
2022-04-01,5,3,185
2022-04-02,5,3,194
2022-04-03,5,3,176
2022-04-04,5,3,121
2022-04-05,5,3,120
2022-04-06,5,3,128
2022-04-07,5,3,150
2022-04-08,5,3,158
2022-04-09,5,3,201
2022-04-10,5,3,179
2022-04-11,5,3,101
2022-04-12,5,3,118
2022-04-13,5,3,125
2022-04-14,5,3,160
2022-04-15,5,3,206
2022-04-16,5,3,193
2022-04-17,5,3,166
2022-04-18,5,3,100
2022-04-19,5,3,129
2022-04-20,5,3,145
2022-04-21,5,3,142
2022-04-22,5,3,162
2022-04-23,5,3,177
2022-04-24,5,3,199
2022-04-25,5,3,99
2022-04-26,5,3,140
2022-04-27,5,3,126
2022-04-28,5,3,131
2022-04-29,5,3,153
2022-04-30,5,3,185
2022-05-01,5,3,185
2022-05-02,5,3,107
2022-05-03,5,3,131
2022-05-04,5,3,147
2022-05-05,5,3,150
2022-05-06,5,3,150
2022-05-07,5,3,151
2022-05-08,5,3,137
2022-05-09,5,3,111
2022-05-10,5,3,116
2022-05-11,5,3,130
2022-05-12,5,3,150
2022-05-13,5,3,168
2022-05-14,5,3,189
2022-05-15,5,3,206
2022-05-16,5,3,110
2022-05-17,5,3,105
2022-05-18,5,3,125
2022-05-19,5,3,141
2022-05-20,5,3,157
2022-05-21,5,3,165
2022-05-22,5,3,172
2022-05-23,5,3,130
2022-05-24,5,3,125
2022-05-25,5,3,118
2022-05-26,5,3,145
2022-05-27,5,3,158
2022-05-28,5,3,209
2022-05-29,5,3,168
2022-05-30,5,3,113
2022-05-31,5,3,97
2022-06-01,5,3,175
2022-06-02,5,3,131
2022-06-03,5,3,146
2022-06-04,5,3,201
2022-06-05,5,3,155
2022-06-06,5,3,101
2022-06-07,5,3,122
2022-06-08,5,3,114
2022-06-09,5,3,124
2022-06-10,5,3,150
2022-06-11,5,3,182
2022-06-12,5,3,176
2022-06-13,5,3,95
2022-06-14,5,3,103
2022-06-15,5,3,140
2022-06-16,5,3,132
2022-06-17,5,3,142
2022-06-18,5,3,172
2022-06-19,5,3,178
2022-06-20,5,3,101
2022-06-21,5,3,112
2022-06-22,5,3,114
2022-06-23,5,3,142
2022-06-24,5,3,144
2022-06-25,5,3,168
2022-06-26,5,3,155
2022-06-27,5,3,99
2022-06-28,5,3,118
2022-06-29,5,3,115
2022-06-30,5,3,135
2022-07-01,5,3,178
2022-07-02,5,3,175
2022-07-03,5,3,153
2022-07-04,5,3,105
2022-07-05,5,3,116
2022-07-06,5,3,120
2022-07-07,5,3,126
2022-07-08,5,3,148
2022-07-09,5,3,172
2022-07-10,5,3,147
2022-07-11,5,3,105
2022-07-12,5,3,124
2022-07-13,5,3,138
2022-07-14,5,3,127
2022-07-15,5,3,160
2022-07-16,5,3,146
2022-07-17,5,3,146
2022-07-18,5,3,90
2022-07-19,5,3,101
2022-07-20,5,3,117
2022-07-21,5,3,131
2022-07-22,5,3,144
2022-07-23,5,3,163
2022-07-24,5,3,148
2022-07-25,5,3,95
2022-07-26,5,3,98
2022-07-27,5,3,117
2022-07-28,5,3,114
2022-07-29,5,3,141
2022-07-30,5,3,149
2022-07-31,5,3,147
2022-08-01,5,3,95
2022-08-02,5,3,122
2022-08-03,5,3,123
2022-08-04,5,3,126
2022-08-05,5,3,140
2022-08-06,5,3,167
2022-08-07,5,3,151
2022-08-08,5,3,86
2022-08-09,5,3,105
2022-08-10,5,3,100
2022-08-11,5,3,110
2022-08-12,5,3,127
2022-08-13,5,3,154
2022-08-14,5,3,160
2022-08-15,5,3,126
2022-08-16,5,3,91
2022-08-17,5,3,122
2022-08-18,5,3,115
2022-08-19,5,3,147
2022-08-20,5,3,158
2022-08-21,5,3,152
2022-08-22,5,3,83
2022-08-23,5,3,132
2022-08-24,5,3,116
2022-08-25,5,3,125
2022-08-26,5,3,140
2022-08-27,5,3,163
2022-08-28,5,3,125
2022-08-29,5,3,103
2022-08-30,5,3,92
2022-08-31,5,3,119
2022-09-01,5,3,140
2022-09-02,5,3,119
2022-09-03,5,3,138
2022-09-04,5,3,133
2022-09-05,5,3,97
2022-09-06,5,3,99
2022-09-07,5,3,119
2022-09-08,5,3,109
2022-09-09,5,3,112
2022-09-10,5,3,147
2022-09-11,5,3,122
2022-09-12,5,3,81
2022-09-13,5,3,93
2022-09-14,5,3,105
2022-09-15,5,3,133
2022-09-16,5,3,132
2022-09-17,5,3,137
2022-09-18,5,3,150
2022-09-19,5,3,87
2022-09-20,5,3,117
2022-09-21,5,3,135
2022-09-22,5,3,118
2022-09-23,5,3,133
2022-09-24,5,3,147
2022-09-25,5,3,129
2022-09-26,5,3,98
2022-09-27,5,3,111
2022-09-28,5,3,114
2022-09-29,5,3,114
2022-09-30,5,3,145
2022-10-01,5,3,196
2022-10-02,5,3,140
2022-10-03,5,3,87
2022-10-04,5,3,107
2022-10-05,5,3,130
2022-10-06,5,3,125
2022-10-07,5,3,132
2022-10-08,5,3,149
2022-10-09,5,3,163
2022-10-10,5,3,90
2022-10-11,5,3,102
2022-10-12,5,3,108
2022-10-13,5,3,127
2022-10-14,5,3,133
2022-10-15,5,3,175
2022-10-16,5,3,123
2022-10-17,5,3,86
2022-10-18,5,3,95
2022-10-19,5,3,106
2022-10-20,5,3,112
2022-10-21,5,3,128
2022-10-22,5,3,156
2022-10-23,5,3,152
2022-10-24,5,3,104
2022-10-25,5,3,114
2022-10-26,5,3,122
2022-10-27,5,3,116
2022-10-28,5,3,117
2022-10-29,5,3,163
2022-10-30,5,3,148
2022-10-31,5,3,77
2022-11-01,5,3,147
2022-11-02,5,3,116
2022-11-03,5,3,108
2022-11-04,5,3,155
2022-11-05,5,3,171
2022-11-06,5,3,167
2022-11-07,5,3,91
2022-11-08,5,3,103
2022-11-09,5,3,133
2022-11-10,5,3,140
2022-11-11,5,3,136
2022-11-12,5,3,170
2022-11-13,5,3,145
2022-11-14,5,3,103
2022-11-15,5,3,129
2022-11-16,5,3,106
2022-11-17,5,3,124
2022-11-18,5,3,134
2022-11-19,5,3,139
2022-11-20,5,3,124
2022-11-21,5,3,81
2022-11-22,5,3,125
2022-11-23,5,3,141
2022-11-24,5,3,126
2022-11-25,5,3,156
2022-11-26,5,3,155
2022-11-27,5,3,141
2022-11-28,5,3,81
2022-11-29,5,3,103
2022-11-30,5,3,111
2022-12-01,5,3,150
2022-12-02,5,3,162
2022-12-03,5,3,174
2022-12-04,5,3,152
2022-12-05,5,3,103
2022-12-06,5,3,105
2022-12-07,5,3,130
2022-12-08,5,3,137
2022-12-09,5,3,144
2022-12-10,5,3,160
2022-12-11,5,3,168
2022-12-12,5,3,103
2022-12-13,5,3,115
2022-12-14,5,3,134
2022-12-15,5,3,150
2022-12-16,5,3,148
2022-12-17,5,3,158
2022-12-18,5,3,148
2022-12-19,5,3,98
2022-12-20,5,3,140
2022-12-21,5,3,128
2022-12-22,5,3,128
2022-12-23,5,3,154
2022-12-24,5,3,189
2022-12-25,5,3,159
2022-12-26,5,3,98
2022-12-27,5,3,118
2022-12-28,5,3,134
2022-12-29,5,3,142
2022-12-30,5,3,168
2022-12-31,5,3,176
2023-01-01,5,3,213
2023-01-02,5,3,110
2023-01-03,5,3,120
2023-01-04,5,3,122
2023-01-05,5,3,133
2023-01-06,5,3,165
2023-01-07,5,3,178
2023-01-08,5,3,164
2023-01-09,5,3,94
2023-01-10,5,3,126
2023-01-11,5,3,139
2023-01-12,5,3,147
2023-01-13,5,3,163
2023-01-14,5,3,178
2023-01-15,5,3,204
2023-01-16,5,3,114
2023-01-17,5,3,130
2023-01-18,5,3,134
2023-01-19,5,3,154
2023-01-20,5,3,139
2023-01-21,5,3,197
2023-01-22,5,3,182
2023-01-23,5,3,113
2023-01-24,5,3,118
2023-01-25,5,3,144
2023-01-26,5,3,153
2023-01-27,5,3,169
2023-01-28,5,3,188
2023-01-29,5,3,168
2023-01-30,5,3,123
2023-01-31,5,3,116
2023-02-01,5,3,153
2023-02-02,5,3,146
2023-02-03,5,3,178
2023-02-04,5,3,172
2023-02-05,5,3,175
2023-02-06,5,3,143
2023-02-07,5,3,121
2023-02-08,5,3,110
2023-02-09,5,3,163
2023-02-10,5,3,181
2023-02-11,5,3,188
2023-02-12,5,3,167
2023-02-13,5,3,126
2023-02-14,5,3,140
2023-02-15,5,3,156
2023-02-16,5,3,177
2023-02-17,5,3,178
2023-02-18,5,3,199
2023-02-19,5,3,177
2023-02-20,5,3,118
2023-02-21,5,3,145
2023-02-22,5,3,148
2023-02-23,5,3,150
2023-02-24,5,3,160
2023-02-25,5,3,204
2023-02-26,5,3,191
2023-02-27,5,3,120
2023-02-28,5,3,121
2023-03-01,5,3,170
2023-03-02,5,3,165
2023-03-03,5,3,183
2023-03-04,5,3,194
2023-03-05,5,3,193
2023-03-06,5,3,112
2023-03-07,5,3,131
2023-03-08,5,3,148
2023-03-09,5,3,159
2023-03-10,5,3,178
2023-03-11,5,3,200
2023-03-12,5,3,170
2023-03-13,5,3,118
2023-03-14,5,3,150
2023-03-15,5,3,192
2023-03-16,5,3,148
2023-03-17,5,3,171
2023-03-18,5,3,213
2023-03-19,5,3,184
2023-03-20,5,3,136
2023-03-21,5,3,134
2023-03-22,5,3,138
2023-03-23,5,3,164
2023-03-24,5,3,185
2023-03-25,5,3,202
2023-03-26,5,3,174
2023-03-27,5,3,112
2023-03-28,5,3,140
2023-03-29,5,3,160
2023-03-30,5,3,152
2023-03-31,5,3,194
2023-04-01,5,3,228
2023-04-02,5,3,186
2023-04-03,5,3,136
2023-04-04,5,3,138
2023-04-05,5,3,152
2023-04-06,5,3,146
2023-04-07,5,3,180
2023-04-08,5,3,187
2023-04-09,5,3,188
2023-04-10,5,3,102
2023-04-11,5,3,135
2023-04-12,5,3,153
2023-04-13,5,3,172
2023-04-14,5,3,185
2023-04-15,5,3,253
2023-04-16,5,3,187
2023-04-17,5,3,131
2023-04-18,5,3,137
2023-04-19,5,3,152
2023-04-20,5,3,154
2023-04-21,5,3,194
2023-04-22,5,3,191
2023-04-23,5,3,185
2023-04-24,5,3,120
2023-04-25,5,3,130
2023-04-26,5,3,162
2023-04-27,5,3,160
2023-04-28,5,3,177
2023-04-29,5,3,218
2023-04-30,5,3,207
2023-05-01,5,3,136
2023-05-02,5,3,137
2023-05-03,5,3,146
2023-05-04,5,3,153
2023-05-05,5,3,201
2023-05-06,5,3,183
2023-05-07,5,3,197
2023-05-08,5,3,102
2023-05-09,5,3,143
2023-05-10,5,3,142
2023-05-11,5,3,172
2023-05-12,5,3,176
2023-05-13,5,3,217
2023-05-14,5,3,181
2023-05-15,5,3,142
2023-05-16,5,3,127
2023-05-17,5,3,142
2023-05-18,5,3,137
2023-05-19,5,3,182
2023-05-20,5,3,180
2023-05-21,5,3,176
2023-05-22,5,3,127
2023-05-23,5,3,123
2023-05-24,5,3,130
2023-05-25,5,3,145
2023-05-26,5,3,153
2023-05-27,5,3,219
2023-05-28,5,3,180
2023-05-29,5,3,110
2023-05-30,5,3,133
2023-05-31,5,3,143
2023-06-01,5,3,181
2023-06-02,5,3,165
2023-06-03,5,3,180
2023-06-04,5,3,194
2023-06-05,5,3,105
2023-06-06,5,3,151
2023-06-07,5,3,136
2023-06-08,5,3,149
2023-06-09,5,3,163
2023-06-10,5,3,186
2023-06-11,5,3,161
2023-06-12,5,3,109
2023-06-13,5,3,126
2023-06-14,5,3,147
2023-06-15,5,3,152
2023-06-16,5,3,147
2023-06-17,5,3,175
2023-06-18,5,3,194
2023-06-19,5,3,101
2023-06-20,5,3,118
2023-06-21,5,3,149
2023-06-22,5,3,142
2023-06-23,5,3,163
2023-06-24,5,3,165
2023-06-25,5,3,169
2023-06-26,5,3,114
2023-06-27,5,3,110
2023-06-28,5,3,154
2023-06-29,5,3,136
2023-06-30,5,3,171
2023-07-01,5,3,193
2023-07-02,5,3,169
2023-07-03,5,3,106
2023-07-04,5,3,105
2023-07-05,5,3,145
2023-07-06,5,3,148
2023-07-07,5,3,150
2023-07-08,5,3,174
2023-07-09,5,3,182
2023-07-10,5,3,118
2023-07-11,5,3,108
2023-07-12,5,3,133
2023-07-13,5,3,128
2023-07-14,5,3,171
2023-07-15,5,3,203
2023-07-16,5,3,149
2023-07-17,5,3,106
2023-07-18,5,3,105
2023-07-19,5,3,138
2023-07-20,5,3,146
2023-07-21,5,3,165
2023-07-22,5,3,179
2023-07-23,5,3,186
2023-07-24,5,3,104
2023-07-25,5,3,119
2023-07-26,5,3,131
2023-07-27,5,3,141
2023-07-28,5,3,165
2023-07-29,5,3,198
2023-07-30,5,3,200
2023-07-31,5,3,85
2023-08-01,5,3,124
2023-08-02,5,3,131
2023-08-03,5,3,145
2023-08-04,5,3,153
2023-08-05,5,3,173
2023-08-06,5,3,156
2023-08-07,5,3,116
2023-08-08,5,3,103
2023-08-09,5,3,130
2023-08-10,5,3,126
2023-08-11,5,3,168
2023-08-12,5,3,175
2023-08-13,5,3,176
2023-08-14,5,3,108
2023-08-15,5,3,137
2023-08-16,5,3,136
2023-08-17,5,3,123
2023-08-18,5,3,160
2023-08-19,5,3,150
2023-08-20,5,3,154
2023-08-21,5,3,104
2023-08-22,5,3,102
2023-08-23,5,3,105
2023-08-24,5,3,113
2023-08-25,5,3,147
2023-08-26,5,3,163
2023-08-27,5,3,172
2023-08-28,5,3,105
2023-08-29,5,3,133
2023-08-30,5,3,118
2023-08-31,5,3,133
2023-09-01,5,3,175
2023-09-02,5,3,183
2023-09-03,5,3,181
2023-09-04,5,3,91
2023-09-05,5,3,110
2023-09-06,5,3,144
2023-09-07,5,3,127
2023-09-08,5,3,145
2023-09-09,5,3,178
2023-09-10,5,3,168
2023-09-11,5,3,102
2023-09-12,5,3,105
2023-09-13,5,3,124
2023-09-14,5,3,122
2023-09-15,5,3,179
2023-09-16,5,3,143
2023-09-17,5,3,153
2023-09-18,5,3,111
2023-09-19,5,3,104
2023-09-20,5,3,128
2023-09-21,5,3,140
2023-09-22,5,3,149
2023-09-23,5,3,171
2023-09-24,5,3,182
2023-09-25,5,3,107
2023-09-26,5,3,111
2023-09-27,5,3,125
2023-09-28,5,3,130
2023-09-29,5,3,127
2023-09-30,5,3,158
2023-10-01,5,3,201
2023-10-02,5,3,101
2023-10-03,5,3,126
2023-10-04,5,3,139
2023-10-05,5,3,134
2023-10-06,5,3,136
2023-10-07,5,3,167
2023-10-08,5,3,185
2023-10-09,5,3,111
2023-10-10,5,3,138
2023-10-11,5,3,118
2023-10-12,5,3,125
2023-10-13,5,3,149
2023-10-14,5,3,171
2023-10-15,5,3,199
2023-10-16,5,3,72
2023-10-17,5,3,125
2023-10-18,5,3,145
2023-10-19,5,3,135
2023-10-20,5,3,165
2023-10-21,5,3,176
2023-10-22,5,3,151
2023-10-23,5,3,114
2023-10-24,5,3,102
2023-10-25,5,3,105
2023-10-26,5,3,132
2023-10-27,5,3,166
2023-10-28,5,3,171
2023-10-29,5,3,150
2023-10-30,5,3,96
2023-10-31,5,3,117
2023-11-01,5,3,139
2023-11-02,5,3,136
2023-11-03,5,3,159
2023-11-04,5,3,179
2023-11-05,5,3,162
2023-11-06,5,3,82
2023-11-07,5,3,96
2023-11-08,5,3,128
2023-11-09,5,3,141
2023-11-10,5,3,152
2023-11-11,5,3,180
2023-11-12,5,3,147
2023-11-13,5,3,119
2023-11-14,5,3,115
2023-11-15,5,3,141
2023-11-16,5,3,114
2023-11-17,5,3,157
2023-11-18,5,3,161
2023-11-19,5,3,183
2023-11-20,5,3,103
2023-11-21,5,3,158
2023-11-22,5,3,141
2023-11-23,5,3,157
2023-11-24,5,3,183
2023-11-25,5,3,194
2023-11-26,5,3,200
2023-11-27,5,3,131
2023-11-28,5,3,111
2023-11-29,5,3,113
2023-11-30,5,3,146
2023-12-01,5,3,187
2023-12-02,5,3,185
2023-12-03,5,3,183
2023-12-04,5,3,110
2023-12-05,5,3,111
2023-12-06,5,3,156
2023-12-07,5,3,135
2023-12-08,5,3,162
2023-12-09,5,3,191
2023-12-10,5,3,182
2023-12-11,5,3,106
2023-12-12,5,3,112
2023-12-13,5,3,126
2023-12-14,5,3,150
2023-12-15,5,3,227
2023-12-16,5,3,177
2023-12-17,5,3,166
2023-12-18,5,3,119
2023-12-19,5,3,116
2023-12-20,5,3,143
2023-12-21,5,3,153
2023-12-22,5,3,169
2023-12-23,5,3,174
2023-12-24,5,3,167
2023-12-25,5,3,116
2023-12-26,5,3,121
2023-12-27,5,3,144
2023-12-28,5,3,141
2023-12-29,5,3,169
2023-12-30,5,3,214
2023-12-31,5,3,185
2024-01-01,5,3,149
2024-01-02,5,3,138
2024-01-03,5,3,155
2024-01-04,5,3,153
2024-01-05,5,3,176
2024-01-06,5,3,212
2024-01-07,5,3,189
2024-01-08,5,3,98
2024-01-09,5,3,124
2024-01-10,5,3,137
2024-01-11,5,3,153
2024-01-12,5,3,163
2024-01-13,5,3,191
2024-01-14,5,3,179
2024-01-15,5,3,140
2024-01-16,5,3,148
2024-01-17,5,3,163
2024-01-18,5,3,163
2024-01-19,5,3,180
2024-01-20,5,3,210
2024-01-21,5,3,193
2024-01-22,5,3,128
2024-01-23,5,3,155
2024-01-24,5,3,178
2024-01-25,5,3,156
2024-01-26,5,3,191
2024-01-27,5,3,192
2024-01-28,5,3,193
2024-01-29,5,3,114
2024-01-30,5,3,143
2024-01-31,5,3,157
2024-02-01,5,3,197
2024-02-02,5,3,181
2024-02-03,5,3,249
2024-02-04,5,3,202
2024-02-05,5,3,121
2024-02-06,5,3,139
2024-02-07,5,3,170
2024-02-08,5,3,175
2024-02-09,5,3,191
2024-02-10,5,3,204
2024-02-11,5,3,206
2024-02-12,5,3,138
2024-02-13,5,3,149
2024-02-14,5,3,161
2024-02-15,5,3,201
2024-02-16,5,3,180
2024-02-17,5,3,218
2024-02-18,5,3,233
2024-02-19,5,3,151
2024-02-20,5,3,143
2024-02-21,5,3,179
2024-02-22,5,3,173
2024-02-23,5,3,182
2024-02-24,5,3,212
2024-02-25,5,3,199
2024-02-26,5,3,124
2024-02-27,5,3,142
2024-02-28,5,3,152
2024-02-29,5,3,171
2024-03-01,5,3,236
2024-03-02,5,3,219
2024-03-03,5,3,203
2024-03-04,5,3,128
2024-03-05,5,3,141
2024-03-06,5,3,154
2024-03-07,5,3,176
2024-03-08,5,3,197
2024-03-09,5,3,225
2024-03-10,5,3,172
2024-03-11,5,3,146
2024-03-12,5,3,160
2024-03-13,5,3,161
2024-03-14,5,3,160
2024-03-15,5,3,228
2024-03-16,5,3,232
2024-03-17,5,3,216
2024-03-18,5,3,124
2024-03-19,5,3,138
2024-03-20,5,3,157
2024-03-21,5,3,162
2024-03-22,5,3,173
2024-03-23,5,3,228
2024-03-24,5,3,201
2024-03-25,5,3,138
2024-03-26,5,3,140
2024-03-27,5,3,152
2024-03-28,5,3,160
2024-03-29,5,3,188
2024-03-30,5,3,238
2024-03-31,5,3,207
2024-04-01,5,3,136
2024-04-02,5,3,148
2024-04-03,5,3,162
2024-04-04,5,3,182
2024-04-05,5,3,183
2024-04-06,5,3,220
2024-04-07,5,3,207
2024-04-08,5,3,137
2024-04-09,5,3,168
2024-04-10,5,3,158
2024-04-11,5,3,206
2024-04-12,5,3,187
2024-04-13,5,3,236
2024-04-14,5,3,210
2024-04-15,5,3,162
2024-04-16,5,3,180
2024-04-17,5,3,154
2024-04-18,5,3,209
2024-04-19,5,3,193
2024-04-20,5,3,198
2024-04-21,5,3,203
2024-04-22,5,3,139
2024-04-23,5,3,141
2024-04-24,5,3,190
2024-04-25,5,3,195
2024-04-26,5,3,184
2024-04-27,5,3,220
2024-04-28,5,3,200
2024-04-29,5,3,138
2024-04-30,5,3,161
2024-05-01,5,3,190
2024-05-02,5,3,163
2024-05-03,5,3,180
2024-05-04,5,3,237
2024-05-05,5,3,231
2024-05-06,5,3,140
2024-05-07,5,3,150
2024-05-08,5,3,161
2024-05-09,5,3,186
2024-05-10,5,3,202
2024-05-11,5,3,229
2024-05-12,5,3,214
2024-05-13,5,3,131
2024-05-14,5,3,166
2024-05-15,5,3,183
2024-05-16,5,3,151
2024-05-17,5,3,207
2024-05-18,5,3,222
2024-05-19,5,3,211
2024-05-20,5,3,149
2024-05-21,5,3,135
2024-05-22,5,3,164
2024-05-23,5,3,188
2024-05-24,5,3,191
2024-05-25,5,3,221
2024-05-26,5,3,178
2024-05-27,5,3,134
2024-05-28,5,3,146
2024-05-29,5,3,171
2024-05-30,5,3,177
2024-05-31,5,3,195
2024-06-01,5,3,278
2024-06-02,5,3,204
2024-06-03,5,3,137
2024-06-04,5,3,132
2024-06-05,5,3,167
2024-06-06,5,3,169
2024-06-07,5,3,199
2024-06-08,5,3,218
2024-06-09,5,3,187
2024-06-10,5,3,118
2024-06-11,5,3,158
2024-06-12,5,3,145
2024-06-13,5,3,163
2024-06-14,5,3,193
2024-06-15,5,3,222
2024-06-16,5,3,197
2024-06-17,5,3,139
2024-06-18,5,3,130
2024-06-19,5,3,170
2024-06-20,5,3,168
2024-06-21,5,3,179
2024-06-22,5,3,212
2024-06-23,5,3,210
2024-06-24,5,3,105
2024-06-25,5,3,126
2024-06-26,5,3,155
2024-06-27,5,3,147
2024-06-28,5,3,198
2024-06-29,5,3,213
2024-06-30,5,3,182
2024-07-01,5,3,156
2024-07-02,5,3,126
2024-07-03,5,3,171
2024-07-04,5,3,157
2024-07-05,5,3,182
2024-07-06,5,3,205
2024-07-07,5,3,185
2024-07-08,5,3,124
2024-07-09,5,3,145
2024-07-10,5,3,143
2024-07-11,5,3,148
2024-07-12,5,3,194
2024-07-13,5,3,221
2024-07-14,5,3,186
2024-07-15,5,3,150
2024-07-16,5,3,132
2024-07-17,5,3,151
2024-07-18,5,3,165
2024-07-19,5,3,170
2024-07-20,5,3,214
2024-07-21,5,3,182
2024-07-22,5,3,97
2024-07-23,5,3,133
2024-07-24,5,3,134
2024-07-25,5,3,165
2024-07-26,5,3,165
2024-07-27,5,3,181
2024-07-28,5,3,169
2024-07-29,5,3,118
2024-07-30,5,3,139
2024-07-31,5,3,173
2024-08-01,5,3,166
2024-08-02,5,3,170
2024-08-03,5,3,203
2024-08-04,5,3,175
2024-08-05,5,3,112
2024-08-06,5,3,134
2024-08-07,5,3,155
2024-08-08,5,3,161
2024-08-09,5,3,204
2024-08-10,5,3,205
2024-08-11,5,3,163
2024-08-12,5,3,124
2024-08-13,5,3,139
2024-08-14,5,3,122
2024-08-15,5,3,179
2024-08-16,5,3,172
2024-08-17,5,3,169
2024-08-18,5,3,179
2024-08-19,5,3,109
2024-08-20,5,3,124
2024-08-21,5,3,132
2024-08-22,5,3,162
2024-08-23,5,3,149
2024-08-24,5,3,190
2024-08-25,5,3,178
2024-08-26,5,3,121
2024-08-27,5,3,123
2024-08-28,5,3,127
2024-08-29,5,3,159
2024-08-30,5,3,169
2024-08-31,5,3,164
2024-09-01,5,3,236
2024-09-02,5,3,141
2024-09-03,5,3,99
2024-09-04,5,3,133
2024-09-05,5,3,171
2024-09-06,5,3,171
2024-09-07,5,3,199
2024-09-08,5,3,163
2024-09-09,5,3,100
2024-09-10,5,3,144
2024-09-11,5,3,134
2024-09-12,5,3,159
2024-09-13,5,3,159
2024-09-14,5,3,181
2024-09-15,5,3,214
2024-09-16,5,3,106
2024-09-17,5,3,113
2024-09-18,5,3,126
2024-09-19,5,3,136
2024-09-20,5,3,180
2024-09-21,5,3,190
2024-09-22,5,3,147
2024-09-23,5,3,122
2024-09-24,5,3,125
2024-09-25,5,3,145
2024-09-26,5,3,140
2024-09-27,5,3,141
2024-09-28,5,3,185
2024-09-29,5,3,186
2024-09-30,5,3,96
2024-10-01,5,3,139
2024-10-02,5,3,137
2024-10-03,5,3,145
2024-10-04,5,3,154
2024-10-05,5,3,195
2024-10-06,5,3,183
2024-10-07,5,3,108
2024-10-08,5,3,117
2024-10-09,5,3,113
2024-10-10,5,3,142
2024-10-11,5,3,165
2024-10-12,5,3,188
2024-10-13,5,3,195
2024-10-14,5,3,89
2024-10-15,5,3,145
2024-10-16,5,3,135
2024-10-17,5,3,165
2024-10-18,5,3,151
2024-10-19,5,3,200
2024-10-20,5,3,152
2024-10-21,5,3,104
2024-10-22,5,3,140
2024-10-23,5,3,153
2024-10-24,5,3,150
2024-10-25,5,3,181
2024-10-26,5,3,205
2024-10-27,5,3,170
2024-10-28,5,3,123
2024-10-29,5,3,157
2024-10-30,5,3,141
2024-10-31,5,3,169
2024-11-01,5,3,203
2024-11-02,5,3,201
2024-11-03,5,3,167
2024-11-04,5,3,134
2024-11-05,5,3,163
2024-11-06,5,3,129
2024-11-07,5,3,167
2024-11-08,5,3,180
2024-11-09,5,3,170
2024-11-10,5,3,169
2024-11-11,5,3,109
2024-11-12,5,3,132
2024-11-13,5,3,142
2024-11-14,5,3,139
2024-11-15,5,3,218
2024-11-16,5,3,194
2024-11-17,5,3,194
2024-11-18,5,3,130
2024-11-19,5,3,124
2024-11-20,5,3,129
2024-11-21,5,3,149
2024-11-22,5,3,166
2024-11-23,5,3,204
2024-11-24,5,3,192
2024-11-25,5,3,133
2024-11-26,5,3,130
2024-11-27,5,3,167
2024-11-28,5,3,163
2024-11-29,5,3,166
2024-11-30,5,3,179
2024-12-01,5,3,220
2024-12-02,5,3,123
2024-12-03,5,3,117
2024-12-04,5,3,151
2024-12-05,5,3,151
2024-12-06,5,3,193
2024-12-07,5,3,193
2024-12-08,5,3,170
2024-12-09,5,3,108
2024-12-10,5,3,160
2024-12-11,5,3,149
2024-12-12,5,3,178
2024-12-13,5,3,180
2024-12-14,5,3,201
2024-12-15,5,3,213
2024-12-16,5,3,121
2024-12-17,5,3,129
2024-12-18,5,3,169
2024-12-19,5,3,188
2024-12-20,5,3,215
2024-12-21,5,3,215
2024-12-22,5,3,174
2024-12-23,5,3,130
2024-12-24,5,3,156
2024-12-25,5,3,159
2024-12-26,5,3,179
2024-12-27,5,3,202
2024-12-28,5,3,234
2024-12-29,5,3,182
2024-12-30,5,3,136
2024-12-31,5,3,150
